mask_kind,branch,query_token,edge_count,signed_offsets,absolute_lags,negative_edges,zero_edges,positive_edges,mean_signed_offset_tokens,reciprocal_transpose_match,complete_default_absolute_lag_support
delay_asymmetric,ECG_query_PPG_key_value,0,4,3|4|5|6,3|4|5|6,0,0,4,4.500000,True,False
delay_asymmetric,ECG_query_PPG_key_value,1,4,3|4|5|6,3|4|5|6,0,0,4,4.500000,True,False
delay_asymmetric,ECG_query_PPG_key_value,2,4,3|4|5|6,3|4|5|6,0,0,4,4.500000,True,False
delay_asymmetric,ECG_query_PPG_key_value,3,4,3|4|5|6,3|4|5|6,0,0,4,4.500000,True,False
delay_asymmetric,ECG_query_PPG_key_value,4,4,3|4|5|6,3|4|5|6,0,0,4,4.500000,True,False
delay_asymmetric,ECG_query_PPG_key_value,5,4,3|4|5|6,3|4|5|6,0,0,4,4.500000,True,False
delay_asymmetric,ECG_query_PPG_key_value,6,4,3|4|5|6,3|4|5|6,0,0,4,4.500000,True,False
delay_asymmetric,ECG_query_PPG_key_value,7,4,3|4|5|6,3|4|5|6,0,0,4,4.500000,True,False
delay_asymmetric,ECG_query_PPG_key_value,8,4,3|4|5|6,3|4|5|6,0,0,4,4.500000,True,False
delay_asymmetric,ECG_query_PPG_key_value,9,4,3|4|5|6,3|4|5|6,0,0,4,4.500000,True,False
delay_asymmetric,ECG_query_PPG_key_value,10,4,3|4|5|6,3|4|5|6,0,0,4,4.500000,True,False
delay_asymmetric,ECG_query_PPG_key_value,11,4,3|4|5|6,3|4|5|6,0,0,4,4.500000,True,False
delay_asymmetric,ECG_query_PPG_key_value,12,4,3|4|5|6,3|4|5|6,0,0,4,4.500000,True,False
delay_asymmetric,ECG_query_PPG_key_value,13,4,3|4|5|6,3|4|5|6,0,0,4,4.500000,True,False
delay_asymmetric,ECG_query_PPG_key_value,14,4,3|4|5|6,3|4|5|6,0,0,4,4.500000,True,False
delay_asymmetric,ECG_query_PPG_key_value,15,4,3|4|5|6,3|4|5|6,0,0,4,4.500000,True,False
delay_asymmetric,ECG_query_PPG_key_value,16,4,3|4|5|6,3|4|5|6,0,0,4,4.500000,True,False
delay_asymmetric,ECG_query_PPG_key_value,17,4,3|4|5|6,3|4|5|6,0,0,4,4.500000,True,False
delay_asymmetric,ECG_query_PPG_key_value,18,4,3|4|5|6,3|4|5|6,0,0,4,4.500000,True,False
delay_asymmetric,ECG_query_PPG_key_value,19,4,3|4|5|6,3|4|5|6,0,0,4,4.500000,True,False
delay_asymmetric,ECG_query_PPG_key_value,20,4,3|4|5|6,3|4|5|6,0,0,4,4.500000,True,False
delay_asymmetric,ECG_query_PPG_key_value,21,4,3|4|5|6,3|4|5|6,0,0,4,4.500000,True,False
delay_asymmetric,ECG_query_PPG_key_value,22,4,3|4|5|6,3|4|5|6,0,0,4,4.500000,True,False
delay_asymmetric,ECG_query_PPG_key_value,23,4,3|4|5|6,3|4|5|6,0,0,4,4.500000,True,False
delay_asymmetric,ECG_query_PPG_key_value,24,4,3|4|5|6,3|4|5|6,0,0,4,4.500000,True,False
delay_asymmetric,ECG_query_PPG_key_value,25,4,3|4|5|6,3|4|5|6,0,0,4,4.500000,True,False
delay_asymmetric,ECG_query_PPG_key_value,26,4,3|4|5|6,3|4|5|6,0,0,4,4.500000,True,False
delay_asymmetric,ECG_query_PPG_key_value,27,4,3|4|5|6,3|4|5|6,0,0,4,4.500000,True,False
delay_asymmetric,ECG_query_PPG_key_value,28,4,3|4|5|6,3|4|5|6,0,0,4,4.500000,True,False
delay_asymmetric,ECG_query_PPG_key_value,29,4,3|4|5|6,3|4|5|6,0,0,4,4.500000,True,False
delay_asymmetric,ECG_query_PPG_key_value,30,4,3|4|5|6,3|4|5|6,0,0,4,4.500000,True,False
delay_asymmetric,ECG_query_PPG_key_value,31,4,3|4|5|6,3|4|5|6,0,0,4,4.500000,True,False
delay_asymmetric,ECG_query_PPG_key_value,32,4,3|4|5|6,3|4|5|6,0,0,4,4.500000,True,False
delay_asymmetric,ECG_query_PPG_key_value,33,4,3|4|5|6,3|4|5|6,0,0,4,4.500000,True,False
delay_asymmetric,ECG_query_PPG_key_value,34,4,3|4|5|6,3|4|5|6,0,0,4,4.500000,True,False
delay_asymmetric,ECG_query_PPG_key_value,35,4,3|4|5|6,3|4|5|6,0,0,4,4.500000,True,False
delay_asymmetric,ECG_query_PPG_key_value,36,4,3|4|5|6,3|4|5|6,0,0,4,4.500000,True,False
delay_asymmetric,ECG_query_PPG_key_value,37,4,3|4|5|6,3|4|5|6,0,0,4,4.500000,True,False
delay_asymmetric,ECG_query_PPG_key_value,38,4,3|4|5|6,3|4|5|6,0,0,4,4.500000,True,False
delay_asymmetric,ECG_query_PPG_key_value,39,4,3|4|5|6,3|4|5|6,0,0,4,4.500000,True,False
delay_asymmetric,ECG_query_PPG_key_value,40,4,3|4|5|6,3|4|5|6,0,0,4,4.500000,True,False
delay_asymmetric,ECG_query_PPG_key_value,41,4,3|4|5|6,3|4|5|6,0,0,4,4.500000,True,False
delay_asymmetric,ECG_query_PPG_key_value,42,4,3|4|5|6,3|4|5|6,0,0,4,4.500000,True,False
delay_asymmetric,ECG_query_PPG_key_value,43,4,3|4|5|6,3|4|5|6,0,0,4,4.500000,True,False
delay_asymmetric,ECG_query_PPG_key_value,44,4,3|4|5|6,3|4|5|6,0,0,4,4.500000,True,False
delay_asymmetric,ECG_query_PPG_key_value,45,4,3|4|5|6,3|4|5|6,0,0,4,4.500000,True,False
delay_asymmetric,ECG_query_PPG_key_value,46,4,3|4|5|6,3|4|5|6,0,0,4,4.500000,True,False
delay_asymmetric,ECG_query_PPG_key_value,47,4,3|4|5|6,3|4|5|6,0,0,4,4.500000,True,False
delay_asymmetric,ECG_query_PPG_key_value,48,4,3|4|5|6,3|4|5|6,0,0,4,4.500000,True,False
delay_asymmetric,ECG_query_PPG_key_value,49,4,3|4|5|6,3|4|5|6,0,0,4,4.500000,True,False
delay_asymmetric,ECG_query_PPG_key_value,50,4,3|4|5|6,3|4|5|6,0,0,4,4.500000,True,False
delay_asymmetric,ECG_query_PPG_key_value,51,4,3|4|5|6,3|4|5|6,0,0,4,4.500000,True,False
delay_asymmetric,ECG_query_PPG_key_value,52,4,3|4|5|6,3|4|5|6,0,0,4,4.500000,True,False
delay_asymmetric,ECG_query_PPG_key_value,53,4,3|4|5|6,3|4|5|6,0,0,4,4.500000,True,False
delay_asymmetric,ECG_query_PPG_key_value,54,4,3|4|5|6,3|4|5|6,0,0,4,4.500000,True,False
delay_asymmetric,ECG_query_PPG_key_value,55,4,3|4|5|6,3|4|5|6,0,0,4,4.500000,True,False
delay_asymmetric,ECG_query_PPG_key_value,56,4,3|4|5|6,3|4|5|6,0,0,4,4.500000,True,False
delay_asymmetric,ECG_query_PPG_key_value,57,4,3|4|5|6,3|4|5|6,0,0,4,4.500000,True,False
delay_asymmetric,ECG_query_PPG_key_value,58,4,3|4|5|6,3|4|5|6,0,0,4,4.500000,True,False
delay_asymmetric,ECG_query_PPG_key_value,59,4,3|4|5|6,3|4|5|6,0,0,4,4.500000,True,False
delay_asymmetric,ECG_query_PPG_key_value,60,4,3|4|5|6,3|4|5|6,0,0,4,4.500000,True,False
delay_asymmetric,ECG_query_PPG_key_value,61,4,3|4|5|6,3|4|5|6,0,0,4,4.500000,True,False
delay_asymmetric,ECG_query_PPG_key_value,62,4,3|4|5|6,3|4|5|6,0,0,4,4.500000,True,False
delay_asymmetric,ECG_query_PPG_key_value,63,4,3|4|5|6,3|4|5|6,0,0,4,4.500000,True,False
delay_asymmetric,ECG_query_PPG_key_value,64,4,3|4|5|6,3|4|5|6,0,0,4,4.500000,True,False
delay_asymmetric,ECG_query_PPG_key_value,65,4,3|4|5|6,3|4|5|6,0,0,4,4.500000,True,False
delay_asymmetric,ECG_query_PPG_key_value,66,4,3|4|5|6,3|4|5|6,0,0,4,4.500000,True,False
delay_asymmetric,ECG_query_PPG_key_value,67,4,3|4|5|6,3|4|5|6,0,0,4,4.500000,True,False
delay_asymmetric,ECG_query_PPG_key_value,68,4,3|4|5|6,3|4|5|6,0,0,4,4.500000,True,False
delay_asymmetric,ECG_query_PPG_key_value,69,4,3|4|5|6,3|4|5|6,0,0,4,4.500000,True,False
delay_asymmetric,ECG_query_PPG_key_value,70,4,3|4|5|6,3|4|5|6,0,0,4,4.500000,True,False
delay_asymmetric,ECG_query_PPG_key_value,71,4,3|4|5|6,3|4|5|6,0,0,4,4.500000,True,False
delay_asymmetric,ECG_query_PPG_key_value,72,4,3|4|5|6,3|4|5|6,0,0,4,4.500000,True,False
delay_asymmetric,ECG_query_PPG_key_value,73,4,3|4|5|6,3|4|5|6,0,0,4,4.500000,True,False
delay_asymmetric,ECG_query_PPG_key_value,74,4,3|4|5|6,3|4|5|6,0,0,4,4.500000,True,False
delay_asymmetric,ECG_query_PPG_key_value,75,4,3|4|5|6,3|4|5|6,0,0,4,4.500000,True,False
delay_asymmetric,ECG_query_PPG_key_value,76,4,3|4|5|6,3|4|5|6,0,0,4,4.500000,True,False
delay_asymmetric,ECG_query_PPG_key_value,77,4,3|4|5|6,3|4|5|6,0,0,4,4.500000,True,False
delay_asymmetric,ECG_query_PPG_key_value,78,4,3|4|5|6,3|4|5|6,0,0,4,4.500000,True,False
delay_asymmetric,ECG_query_PPG_key_value,79,4,3|4|5|6,3|4|5|6,0,0,4,4.500000,True,False
delay_asymmetric,ECG_query_PPG_key_value,80,4,3|4|5|6,3|4|5|6,0,0,4,4.500000,True,False
delay_asymmetric,ECG_query_PPG_key_value,81,4,3|4|5|6,3|4|5|6,0,0,4,4.500000,True,False
delay_asymmetric,ECG_query_PPG_key_value,82,4,3|4|5|6,3|4|5|6,0,0,4,4.500000,True,False
delay_asymmetric,ECG_query_PPG_key_value,83,4,3|4|5|6,3|4|5|6,0,0,4,4.500000,True,False
delay_asymmetric,ECG_query_PPG_key_value,84,4,3|4|5|6,3|4|5|6,0,0,4,4.500000,True,False
delay_asymmetric,ECG_query_PPG_key_value,85,4,3|4|5|6,3|4|5|6,0,0,4,4.500000,True,False
delay_asymmetric,ECG_query_PPG_key_value,86,4,3|4|5|6,3|4|5|6,0,0,4,4.500000,True,False
delay_asymmetric,ECG_query_PPG_key_value,87,4,3|4|5|6,3|4|5|6,0,0,4,4.500000,True,False
delay_asymmetric,ECG_query_PPG_key_value,88,4,3|4|5|6,3|4|5|6,0,0,4,4.500000,True,False
delay_asymmetric,ECG_query_PPG_key_value,89,4,3|4|5|6,3|4|5|6,0,0,4,4.500000,True,False
delay_asymmetric,ECG_query_PPG_key_value,90,4,3|4|5|6,3|4|5|6,0,0,4,4.500000,True,False
delay_asymmetric,ECG_query_PPG_key_value,91,4,3|4|5|6,3|4|5|6,0,0,4,4.500000,True,False
delay_asymmetric,ECG_query_PPG_key_value,92,4,3|4|5|6,3|4|5|6,0,0,4,4.500000,True,False
delay_asymmetric,ECG_query_PPG_key_value,93,4,3|4|5|6,3|4|5|6,0,0,4,4.500000,True,False
delay_asymmetric,ECG_query_PPG_key_value,94,4,3|4|5|6,3|4|5|6,0,0,4,4.500000,True,False
delay_asymmetric,ECG_query_PPG_key_value,95,4,3|4|5|6,3|4|5|6,0,0,4,4.500000,True,False
delay_asymmetric,ECG_query_PPG_key_value,96,4,3|4|5|6,3|4|5|6,0,0,4,4.500000,True,False
delay_asymmetric,ECG_query_PPG_key_value,97,4,3|4|5|6,3|4|5|6,0,0,4,4.500000,True,False
delay_asymmetric,ECG_query_PPG_key_value,98,4,3|4|5|6,3|4|5|6,0,0,4,4.500000,True,False
delay_asymmetric,ECG_query_PPG_key_value,99,4,3|4|5|6,3|4|5|6,0,0,4,4.500000,True,False
delay_asymmetric,ECG_query_PPG_key_value,100,4,3|4|5|6,3|4|5|6,0,0,4,4.500000,True,False
delay_asymmetric,ECG_query_PPG_key_value,101,4,3|4|5|6,3|4|5|6,0,0,4,4.500000,True,False
delay_asymmetric,ECG_query_PPG_key_value,102,4,3|4|5|6,3|4|5|6,0,0,4,4.500000,True,False
delay_asymmetric,ECG_query_PPG_key_value,103,4,3|4|5|6,3|4|5|6,0,0,4,4.500000,True,False
delay_asymmetric,ECG_query_PPG_key_value,104,4,3|4|5|6,3|4|5|6,0,0,4,4.500000,True,False
delay_asymmetric,ECG_query_PPG_key_value,105,4,3|4|5|6,3|4|5|6,0,0,4,4.500000,True,False
delay_asymmetric,ECG_query_PPG_key_value,106,4,3|4|5|6,3|4|5|6,0,0,4,4.500000,True,False
delay_asymmetric,ECG_query_PPG_key_value,107,4,3|4|5|6,3|4|5|6,0,0,4,4.500000,True,False
delay_asymmetric,ECG_query_PPG_key_value,108,4,3|4|5|6,3|4|5|6,0,0,4,4.500000,True,False
delay_asymmetric,ECG_query_PPG_key_value,109,4,3|4|5|6,3|4|5|6,0,0,4,4.500000,True,False
delay_asymmetric,ECG_query_PPG_key_value,110,4,3|4|5|6,3|4|5|6,0,0,4,4.500000,True,False
delay_asymmetric,ECG_query_PPG_key_value,111,4,3|4|5|6,3|4|5|6,0,0,4,4.500000,True,False
delay_asymmetric,ECG_query_PPG_key_value,112,4,3|4|5|6,3|4|5|6,0,0,4,4.500000,True,False
delay_asymmetric,ECG_query_PPG_key_value,113,4,3|4|5|6,3|4|5|6,0,0,4,4.500000,True,False
delay_asymmetric,ECG_query_PPG_key_value,114,4,3|4|5|6,3|4|5|6,0,0,4,4.500000,True,False
delay_asymmetric,ECG_query_PPG_key_value,115,4,3|4|5|6,3|4|5|6,0,0,4,4.500000,True,False
delay_asymmetric,ECG_query_PPG_key_value,116,4,3|4|5|6,3|4|5|6,0,0,4,4.500000,True,False
delay_asymmetric,ECG_query_PPG_key_value,117,4,3|4|5|6,3|4|5|6,0,0,4,4.500000,True,False
delay_asymmetric,ECG_query_PPG_key_value,118,4,3|4|5|6,3|4|5|6,0,0,4,4.500000,True,False
delay_asymmetric,ECG_query_PPG_key_value,119,3,3|4|5,3|4|5,0,0,3,4.000000,True,False
delay_asymmetric,ECG_query_PPG_key_value,120,2,3|4,3|4,0,0,2,3.500000,True,False
delay_asymmetric,ECG_query_PPG_key_value,121,1,3,3,0,0,1,3.000000,True,False
delay_asymmetric,ECG_query_PPG_key_value,122,0,,,0,0,0,,True,False
delay_asymmetric,ECG_query_PPG_key_value,123,0,,,0,0,0,,True,False
delay_asymmetric,ECG_query_PPG_key_value,124,0,,,0,0,0,,True,False
delay_asymmetric,PPG_query_ECG_key_value,0,0,,,0,0,0,,True,False
delay_asymmetric,PPG_query_ECG_key_value,1,0,,,0,0,0,,True,False
delay_asymmetric,PPG_query_ECG_key_value,2,0,,,0,0,0,,True,False
delay_asymmetric,PPG_query_ECG_key_value,3,1,-3,3,1,0,0,-3.000000,True,False
delay_asymmetric,PPG_query_ECG_key_value,4,2,-4|-3,3|4,2,0,0,-3.500000,True,False
delay_asymmetric,PPG_query_ECG_key_value,5,3,-5|-4|-3,3|4|5,3,0,0,-4.000000,True,False
delay_asymmetric,PPG_query_ECG_key_value,6,4,-6|-5|-4|-3,3|4|5|6,4,0,0,-4.500000,True,False
delay_asymmetric,PPG_query_ECG_key_value,7,4,-6|-5|-4|-3,3|4|5|6,4,0,0,-4.500000,True,False
delay_asymmetric,PPG_query_ECG_key_value,8,4,-6|-5|-4|-3,3|4|5|6,4,0,0,-4.500000,True,False
delay_asymmetric,PPG_query_ECG_key_value,9,4,-6|-5|-4|-3,3|4|5|6,4,0,0,-4.500000,True,False
delay_asymmetric,PPG_query_ECG_key_value,10,4,-6|-5|-4|-3,3|4|5|6,4,0,0,-4.500000,True,False
delay_asymmetric,PPG_query_ECG_key_value,11,4,-6|-5|-4|-3,3|4|5|6,4,0,0,-4.500000,True,False
delay_asymmetric,PPG_query_ECG_key_value,12,4,-6|-5|-4|-3,3|4|5|6,4,0,0,-4.500000,True,False
delay_asymmetric,PPG_query_ECG_key_value,13,4,-6|-5|-4|-3,3|4|5|6,4,0,0,-4.500000,True,False
delay_asymmetric,PPG_query_ECG_key_value,14,4,-6|-5|-4|-3,3|4|5|6,4,0,0,-4.500000,True,False
delay_asymmetric,PPG_query_ECG_key_value,15,4,-6|-5|-4|-3,3|4|5|6,4,0,0,-4.500000,True,False
delay_asymmetric,PPG_query_ECG_key_value,16,4,-6|-5|-4|-3,3|4|5|6,4,0,0,-4.500000,True,False
delay_asymmetric,PPG_query_ECG_key_value,17,4,-6|-5|-4|-3,3|4|5|6,4,0,0,-4.500000,True,False
delay_asymmetric,PPG_query_ECG_key_value,18,4,-6|-5|-4|-3,3|4|5|6,4,0,0,-4.500000,True,False
delay_asymmetric,PPG_query_ECG_key_value,19,4,-6|-5|-4|-3,3|4|5|6,4,0,0,-4.500000,True,False
delay_asymmetric,PPG_query_ECG_key_value,20,4,-6|-5|-4|-3,3|4|5|6,4,0,0,-4.500000,True,False
delay_asymmetric,PPG_query_ECG_key_value,21,4,-6|-5|-4|-3,3|4|5|6,4,0,0,-4.500000,True,False
delay_asymmetric,PPG_query_ECG_key_value,22,4,-6|-5|-4|-3,3|4|5|6,4,0,0,-4.500000,True,False
delay_asymmetric,PPG_query_ECG_key_value,23,4,-6|-5|-4|-3,3|4|5|6,4,0,0,-4.500000,True,False
delay_asymmetric,PPG_query_ECG_key_value,24,4,-6|-5|-4|-3,3|4|5|6,4,0,0,-4.500000,True,False
delay_asymmetric,PPG_query_ECG_key_value,25,4,-6|-5|-4|-3,3|4|5|6,4,0,0,-4.500000,True,False
delay_asymmetric,PPG_query_ECG_key_value,26,4,-6|-5|-4|-3,3|4|5|6,4,0,0,-4.500000,True,False
delay_asymmetric,PPG_query_ECG_key_value,27,4,-6|-5|-4|-3,3|4|5|6,4,0,0,-4.500000,True,False
delay_asymmetric,PPG_query_ECG_key_value,28,4,-6|-5|-4|-3,3|4|5|6,4,0,0,-4.500000,True,False
delay_asymmetric,PPG_query_ECG_key_value,29,4,-6|-5|-4|-3,3|4|5|6,4,0,0,-4.500000,True,False
delay_asymmetric,PPG_query_ECG_key_value,30,4,-6|-5|-4|-3,3|4|5|6,4,0,0,-4.500000,True,False
delay_asymmetric,PPG_query_ECG_key_value,31,4,-6|-5|-4|-3,3|4|5|6,4,0,0,-4.500000,True,False
delay_asymmetric,PPG_query_ECG_key_value,32,4,-6|-5|-4|-3,3|4|5|6,4,0,0,-4.500000,True,False
delay_asymmetric,PPG_query_ECG_key_value,33,4,-6|-5|-4|-3,3|4|5|6,4,0,0,-4.500000,True,False
delay_asymmetric,PPG_query_ECG_key_value,34,4,-6|-5|-4|-3,3|4|5|6,4,0,0,-4.500000,True,False
delay_asymmetric,PPG_query_ECG_key_value,35,4,-6|-5|-4|-3,3|4|5|6,4,0,0,-4.500000,True,False
delay_asymmetric,PPG_query_ECG_key_value,36,4,-6|-5|-4|-3,3|4|5|6,4,0,0,-4.500000,True,False
delay_asymmetric,PPG_query_ECG_key_value,37,4,-6|-5|-4|-3,3|4|5|6,4,0,0,-4.500000,True,False
delay_asymmetric,PPG_query_ECG_key_value,38,4,-6|-5|-4|-3,3|4|5|6,4,0,0,-4.500000,True,False
delay_asymmetric,PPG_query_ECG_key_value,39,4,-6|-5|-4|-3,3|4|5|6,4,0,0,-4.500000,True,False
delay_asymmetric,PPG_query_ECG_key_value,40,4,-6|-5|-4|-3,3|4|5|6,4,0,0,-4.500000,True,False
delay_asymmetric,PPG_query_ECG_key_value,41,4,-6|-5|-4|-3,3|4|5|6,4,0,0,-4.500000,True,False
delay_asymmetric,PPG_query_ECG_key_value,42,4,-6|-5|-4|-3,3|4|5|6,4,0,0,-4.500000,True,False
delay_asymmetric,PPG_query_ECG_key_value,43,4,-6|-5|-4|-3,3|4|5|6,4,0,0,-4.500000,True,False
delay_asymmetric,PPG_query_ECG_key_value,44,4,-6|-5|-4|-3,3|4|5|6,4,0,0,-4.500000,True,False
delay_asymmetric,PPG_query_ECG_key_value,45,4,-6|-5|-4|-3,3|4|5|6,4,0,0,-4.500000,True,False
delay_asymmetric,PPG_query_ECG_key_value,46,4,-6|-5|-4|-3,3|4|5|6,4,0,0,-4.500000,True,False
delay_asymmetric,PPG_query_ECG_key_value,47,4,-6|-5|-4|-3,3|4|5|6,4,0,0,-4.500000,True,False
delay_asymmetric,PPG_query_ECG_key_value,48,4,-6|-5|-4|-3,3|4|5|6,4,0,0,-4.500000,True,False
delay_asymmetric,PPG_query_ECG_key_value,49,4,-6|-5|-4|-3,3|4|5|6,4,0,0,-4.500000,True,False
delay_asymmetric,PPG_query_ECG_key_value,50,4,-6|-5|-4|-3,3|4|5|6,4,0,0,-4.500000,True,False
delay_asymmetric,PPG_query_ECG_key_value,51,4,-6|-5|-4|-3,3|4|5|6,4,0,0,-4.500000,True,False
delay_asymmetric,PPG_query_ECG_key_value,52,4,-6|-5|-4|-3,3|4|5|6,4,0,0,-4.500000,True,False
delay_asymmetric,PPG_query_ECG_key_value,53,4,-6|-5|-4|-3,3|4|5|6,4,0,0,-4.500000,True,False
delay_asymmetric,PPG_query_ECG_key_value,54,4,-6|-5|-4|-3,3|4|5|6,4,0,0,-4.500000,True,False
delay_asymmetric,PPG_query_ECG_key_value,55,4,-6|-5|-4|-3,3|4|5|6,4,0,0,-4.500000,True,False
delay_asymmetric,PPG_query_ECG_key_value,56,4,-6|-5|-4|-3,3|4|5|6,4,0,0,-4.500000,True,False
delay_asymmetric,PPG_query_ECG_key_value,57,4,-6|-5|-4|-3,3|4|5|6,4,0,0,-4.500000,True,False
delay_asymmetric,PPG_query_ECG_key_value,58,4,-6|-5|-4|-3,3|4|5|6,4,0,0,-4.500000,True,False
delay_asymmetric,PPG_query_ECG_key_value,59,4,-6|-5|-4|-3,3|4|5|6,4,0,0,-4.500000,True,False
delay_asymmetric,PPG_query_ECG_key_value,60,4,-6|-5|-4|-3,3|4|5|6,4,0,0,-4.500000,True,False
delay_asymmetric,PPG_query_ECG_key_value,61,4,-6|-5|-4|-3,3|4|5|6,4,0,0,-4.500000,True,False
delay_asymmetric,PPG_query_ECG_key_value,62,4,-6|-5|-4|-3,3|4|5|6,4,0,0,-4.500000,True,False
delay_asymmetric,PPG_query_ECG_key_value,63,4,-6|-5|-4|-3,3|4|5|6,4,0,0,-4.500000,True,False
delay_asymmetric,PPG_query_ECG_key_value,64,4,-6|-5|-4|-3,3|4|5|6,4,0,0,-4.500000,True,False
delay_asymmetric,PPG_query_ECG_key_value,65,4,-6|-5|-4|-3,3|4|5|6,4,0,0,-4.500000,True,False
delay_asymmetric,PPG_query_ECG_key_value,66,4,-6|-5|-4|-3,3|4|5|6,4,0,0,-4.500000,True,False
delay_asymmetric,PPG_query_ECG_key_value,67,4,-6|-5|-4|-3,3|4|5|6,4,0,0,-4.500000,True,False
delay_asymmetric,PPG_query_ECG_key_value,68,4,-6|-5|-4|-3,3|4|5|6,4,0,0,-4.500000,True,False
delay_asymmetric,PPG_query_ECG_key_value,69,4,-6|-5|-4|-3,3|4|5|6,4,0,0,-4.500000,True,False
delay_asymmetric,PPG_query_ECG_key_value,70,4,-6|-5|-4|-3,3|4|5|6,4,0,0,-4.500000,True,False
delay_asymmetric,PPG_query_ECG_key_value,71,4,-6|-5|-4|-3,3|4|5|6,4,0,0,-4.500000,True,False
delay_asymmetric,PPG_query_ECG_key_value,72,4,-6|-5|-4|-3,3|4|5|6,4,0,0,-4.500000,True,False
delay_asymmetric,PPG_query_ECG_key_value,73,4,-6|-5|-4|-3,3|4|5|6,4,0,0,-4.500000,True,False
delay_asymmetric,PPG_query_ECG_key_value,74,4,-6|-5|-4|-3,3|4|5|6,4,0,0,-4.500000,True,False
delay_asymmetric,PPG_query_ECG_key_value,75,4,-6|-5|-4|-3,3|4|5|6,4,0,0,-4.500000,True,False
delay_asymmetric,PPG_query_ECG_key_value,76,4,-6|-5|-4|-3,3|4|5|6,4,0,0,-4.500000,True,False
delay_asymmetric,PPG_query_ECG_key_value,77,4,-6|-5|-4|-3,3|4|5|6,4,0,0,-4.500000,True,False
delay_asymmetric,PPG_query_ECG_key_value,78,4,-6|-5|-4|-3,3|4|5|6,4,0,0,-4.500000,True,False
delay_asymmetric,PPG_query_ECG_key_value,79,4,-6|-5|-4|-3,3|4|5|6,4,0,0,-4.500000,True,False
delay_asymmetric,PPG_query_ECG_key_value,80,4,-6|-5|-4|-3,3|4|5|6,4,0,0,-4.500000,True,False
delay_asymmetric,PPG_query_ECG_key_value,81,4,-6|-5|-4|-3,3|4|5|6,4,0,0,-4.500000,True,False
delay_asymmetric,PPG_query_ECG_key_value,82,4,-6|-5|-4|-3,3|4|5|6,4,0,0,-4.500000,True,False
delay_asymmetric,PPG_query_ECG_key_value,83,4,-6|-5|-4|-3,3|4|5|6,4,0,0,-4.500000,True,False
delay_asymmetric,PPG_query_ECG_key_value,84,4,-6|-5|-4|-3,3|4|5|6,4,0,0,-4.500000,True,False
delay_asymmetric,PPG_query_ECG_key_value,85,4,-6|-5|-4|-3,3|4|5|6,4,0,0,-4.500000,True,False
delay_asymmetric,PPG_query_ECG_key_value,86,4,-6|-5|-4|-3,3|4|5|6,4,0,0,-4.500000,True,False
delay_asymmetric,PPG_query_ECG_key_value,87,4,-6|-5|-4|-3,3|4|5|6,4,0,0,-4.500000,True,False
delay_asymmetric,PPG_query_ECG_key_value,88,4,-6|-5|-4|-3,3|4|5|6,4,0,0,-4.500000,True,False
delay_asymmetric,PPG_query_ECG_key_value,89,4,-6|-5|-4|-3,3|4|5|6,4,0,0,-4.500000,True,False
delay_asymmetric,PPG_query_ECG_key_value,90,4,-6|-5|-4|-3,3|4|5|6,4,0,0,-4.500000,True,False
delay_asymmetric,PPG_query_ECG_key_value,91,4,-6|-5|-4|-3,3|4|5|6,4,0,0,-4.500000,True,False
delay_asymmetric,PPG_query_ECG_key_value,92,4,-6|-5|-4|-3,3|4|5|6,4,0,0,-4.500000,True,False
delay_asymmetric,PPG_query_ECG_key_value,93,4,-6|-5|-4|-3,3|4|5|6,4,0,0,-4.500000,True,False
delay_asymmetric,PPG_query_ECG_key_value,94,4,-6|-5|-4|-3,3|4|5|6,4,0,0,-4.500000,True,False
delay_asymmetric,PPG_query_ECG_key_value,95,4,-6|-5|-4|-3,3|4|5|6,4,0,0,-4.500000,True,False
delay_asymmetric,PPG_query_ECG_key_value,96,4,-6|-5|-4|-3,3|4|5|6,4,0,0,-4.500000,True,False
delay_asymmetric,PPG_query_ECG_key_value,97,4,-6|-5|-4|-3,3|4|5|6,4,0,0,-4.500000,True,False
delay_asymmetric,PPG_query_ECG_key_value,98,4,-6|-5|-4|-3,3|4|5|6,4,0,0,-4.500000,True,False
delay_asymmetric,PPG_query_ECG_key_value,99,4,-6|-5|-4|-3,3|4|5|6,4,0,0,-4.500000,True,False
delay_asymmetric,PPG_query_ECG_key_value,100,4,-6|-5|-4|-3,3|4|5|6,4,0,0,-4.500000,True,False
delay_asymmetric,PPG_query_ECG_key_value,101,4,-6|-5|-4|-3,3|4|5|6,4,0,0,-4.500000,True,False
delay_asymmetric,PPG_query_ECG_key_value,102,4,-6|-5|-4|-3,3|4|5|6,4,0,0,-4.500000,True,False
delay_asymmetric,PPG_query_ECG_key_value,103,4,-6|-5|-4|-3,3|4|5|6,4,0,0,-4.500000,True,False
delay_asymmetric,PPG_query_ECG_key_value,104,4,-6|-5|-4|-3,3|4|5|6,4,0,0,-4.500000,True,False
delay_asymmetric,PPG_query_ECG_key_value,105,4,-6|-5|-4|-3,3|4|5|6,4,0,0,-4.500000,True,False
delay_asymmetric,PPG_query_ECG_key_value,106,4,-6|-5|-4|-3,3|4|5|6,4,0,0,-4.500000,True,False
delay_asymmetric,PPG_query_ECG_key_value,107,4,-6|-5|-4|-3,3|4|5|6,4,0,0,-4.500000,True,False
delay_asymmetric,PPG_query_ECG_key_value,108,4,-6|-5|-4|-3,3|4|5|6,4,0,0,-4.500000,True,False
delay_asymmetric,PPG_query_ECG_key_value,109,4,-6|-5|-4|-3,3|4|5|6,4,0,0,-4.500000,True,False
delay_asymmetric,PPG_query_ECG_key_value,110,4,-6|-5|-4|-3,3|4|5|6,4,0,0,-4.500000,True,False
delay_asymmetric,PPG_query_ECG_key_value,111,4,-6|-5|-4|-3,3|4|5|6,4,0,0,-4.500000,True,False
delay_asymmetric,PPG_query_ECG_key_value,112,4,-6|-5|-4|-3,3|4|5|6,4,0,0,-4.500000,True,False
delay_asymmetric,PPG_query_ECG_key_value,113,4,-6|-5|-4|-3,3|4|5|6,4,0,0,-4.500000,True,False
delay_asymmetric,PPG_query_ECG_key_value,114,4,-6|-5|-4|-3,3|4|5|6,4,0,0,-4.500000,True,False
delay_asymmetric,PPG_query_ECG_key_value,115,4,-6|-5|-4|-3,3|4|5|6,4,0,0,-4.500000,True,False
delay_asymmetric,PPG_query_ECG_key_value,116,4,-6|-5|-4|-3,3|4|5|6,4,0,0,-4.500000,True,False
delay_asymmetric,PPG_query_ECG_key_value,117,4,-6|-5|-4|-3,3|4|5|6,4,0,0,-4.500000,True,False
delay_asymmetric,PPG_query_ECG_key_value,118,4,-6|-5|-4|-3,3|4|5|6,4,0,0,-4.500000,True,False
delay_asymmetric,PPG_query_ECG_key_value,119,4,-6|-5|-4|-3,3|4|5|6,4,0,0,-4.500000,True,False
delay_asymmetric,PPG_query_ECG_key_value,120,4,-6|-5|-4|-3,3|4|5|6,4,0,0,-4.500000,True,False
delay_asymmetric,PPG_query_ECG_key_value,121,4,-6|-5|-4|-3,3|4|5|6,4,0,0,-4.500000,True,False
delay_asymmetric,PPG_query_ECG_key_value,122,4,-6|-5|-4|-3,3|4|5|6,4,0,0,-4.500000,True,False
delay_asymmetric,PPG_query_ECG_key_value,123,4,-6|-5|-4|-3,3|4|5|6,4,0,0,-4.500000,True,False
delay_asymmetric,PPG_query_ECG_key_value,124,4,-6|-5|-4|-3,3|4|5|6,4,0,0,-4.500000,True,False
shifted,ECG_query_PPG_key_value,0,4,9|10|11|12,9|10|11|12,0,0,4,10.500000,True,False
shifted,ECG_query_PPG_key_value,1,4,9|10|11|12,9|10|11|12,0,0,4,10.500000,True,False
shifted,ECG_query_PPG_key_value,2,4,9|10|11|12,9|10|11|12,0,0,4,10.500000,True,False
shifted,ECG_query_PPG_key_value,3,4,9|10|11|12,9|10|11|12,0,0,4,10.500000,True,False
shifted,ECG_query_PPG_key_value,4,4,9|10|11|12,9|10|11|12,0,0,4,10.500000,True,False
shifted,ECG_query_PPG_key_value,5,4,9|10|11|12,9|10|11|12,0,0,4,10.500000,True,False
shifted,ECG_query_PPG_key_value,6,4,9|10|11|12,9|10|11|12,0,0,4,10.500000,True,False
shifted,ECG_query_PPG_key_value,7,4,9|10|11|12,9|10|11|12,0,0,4,10.500000,True,False
shifted,ECG_query_PPG_key_value,8,4,9|10|11|12,9|10|11|12,0,0,4,10.500000,True,False
shifted,ECG_query_PPG_key_value,9,4,9|10|11|12,9|10|11|12,0,0,4,10.500000,True,False
shifted,ECG_query_PPG_key_value,10,4,9|10|11|12,9|10|11|12,0,0,4,10.500000,True,False
shifted,ECG_query_PPG_key_value,11,4,9|10|11|12,9|10|11|12,0,0,4,10.500000,True,False
shifted,ECG_query_PPG_key_value,12,4,9|10|11|12,9|10|11|12,0,0,4,10.500000,True,False
shifted,ECG_query_PPG_key_value,13,4,9|10|11|12,9|10|11|12,0,0,4,10.500000,True,False
shifted,ECG_query_PPG_key_value,14,4,9|10|11|12,9|10|11|12,0,0,4,10.500000,True,False
shifted,ECG_query_PPG_key_value,15,4,9|10|11|12,9|10|11|12,0,0,4,10.500000,True,False
shifted,ECG_query_PPG_key_value,16,4,9|10|11|12,9|10|11|12,0,0,4,10.500000,True,False
shifted,ECG_query_PPG_key_value,17,4,9|10|11|12,9|10|11|12,0,0,4,10.500000,True,False
shifted,ECG_query_PPG_key_value,18,4,9|10|11|12,9|10|11|12,0,0,4,10.500000,True,False
shifted,ECG_query_PPG_key_value,19,4,9|10|11|12,9|10|11|12,0,0,4,10.500000,True,False
shifted,ECG_query_PPG_key_value,20,4,9|10|11|12,9|10|11|12,0,0,4,10.500000,True,False
shifted,ECG_query_PPG_key_value,21,4,9|10|11|12,9|10|11|12,0,0,4,10.500000,True,False
shifted,ECG_query_PPG_key_value,22,4,9|10|11|12,9|10|11|12,0,0,4,10.500000,True,False
shifted,ECG_query_PPG_key_value,23,4,9|10|11|12,9|10|11|12,0,0,4,10.500000,True,False
shifted,ECG_query_PPG_key_value,24,4,9|10|11|12,9|10|11|12,0,0,4,10.500000,True,False
shifted,ECG_query_PPG_key_value,25,4,9|10|11|12,9|10|11|12,0,0,4,10.500000,True,False
shifted,ECG_query_PPG_key_value,26,4,9|10|11|12,9|10|11|12,0,0,4,10.500000,True,False
shifted,ECG_query_PPG_key_value,27,4,9|10|11|12,9|10|11|12,0,0,4,10.500000,True,False
shifted,ECG_query_PPG_key_value,28,4,9|10|11|12,9|10|11|12,0,0,4,10.500000,True,False
shifted,ECG_query_PPG_key_value,29,4,9|10|11|12,9|10|11|12,0,0,4,10.500000,True,False
shifted,ECG_query_PPG_key_value,30,4,9|10|11|12,9|10|11|12,0,0,4,10.500000,True,False
shifted,ECG_query_PPG_key_value,31,4,9|10|11|12,9|10|11|12,0,0,4,10.500000,True,False
shifted,ECG_query_PPG_key_value,32,4,9|10|11|12,9|10|11|12,0,0,4,10.500000,True,False
shifted,ECG_query_PPG_key_value,33,4,9|10|11|12,9|10|11|12,0,0,4,10.500000,True,False
shifted,ECG_query_PPG_key_value,34,4,9|10|11|12,9|10|11|12,0,0,4,10.500000,True,False
shifted,ECG_query_PPG_key_value,35,4,9|10|11|12,9|10|11|12,0,0,4,10.500000,True,False
shifted,ECG_query_PPG_key_value,36,4,9|10|11|12,9|10|11|12,0,0,4,10.500000,True,False
shifted,ECG_query_PPG_key_value,37,4,9|10|11|12,9|10|11|12,0,0,4,10.500000,True,False
shifted,ECG_query_PPG_key_value,38,4,9|10|11|12,9|10|11|12,0,0,4,10.500000,True,False
shifted,ECG_query_PPG_key_value,39,4,9|10|11|12,9|10|11|12,0,0,4,10.500000,True,False
shifted,ECG_query_PPG_key_value,40,4,9|10|11|12,9|10|11|12,0,0,4,10.500000,True,False
shifted,ECG_query_PPG_key_value,41,4,9|10|11|12,9|10|11|12,0,0,4,10.500000,True,False
shifted,ECG_query_PPG_key_value,42,4,9|10|11|12,9|10|11|12,0,0,4,10.500000,True,False
shifted,ECG_query_PPG_key_value,43,4,9|10|11|12,9|10|11|12,0,0,4,10.500000,True,False
shifted,ECG_query_PPG_key_value,44,4,9|10|11|12,9|10|11|12,0,0,4,10.500000,True,False
shifted,ECG_query_PPG_key_value,45,4,9|10|11|12,9|10|11|12,0,0,4,10.500000,True,False
shifted,ECG_query_PPG_key_value,46,4,9|10|11|12,9|10|11|12,0,0,4,10.500000,True,False
shifted,ECG_query_PPG_key_value,47,4,9|10|11|12,9|10|11|12,0,0,4,10.500000,True,False
shifted,ECG_query_PPG_key_value,48,4,9|10|11|12,9|10|11|12,0,0,4,10.500000,True,False
shifted,ECG_query_PPG_key_value,49,4,9|10|11|12,9|10|11|12,0,0,4,10.500000,True,False
shifted,ECG_query_PPG_key_value,50,4,9|10|11|12,9|10|11|12,0,0,4,10.500000,True,False
shifted,ECG_query_PPG_key_value,51,4,9|10|11|12,9|10|11|12,0,0,4,10.500000,True,False
shifted,ECG_query_PPG_key_value,52,4,9|10|11|12,9|10|11|12,0,0,4,10.500000,True,False
shifted,ECG_query_PPG_key_value,53,4,9|10|11|12,9|10|11|12,0,0,4,10.500000,True,False
shifted,ECG_query_PPG_key_value,54,4,9|10|11|12,9|10|11|12,0,0,4,10.500000,True,False
shifted,ECG_query_PPG_key_value,55,4,9|10|11|12,9|10|11|12,0,0,4,10.500000,True,False
shifted,ECG_query_PPG_key_value,56,4,9|10|11|12,9|10|11|12,0,0,4,10.500000,True,False
shifted,ECG_query_PPG_key_value,57,4,9|10|11|12,9|10|11|12,0,0,4,10.500000,True,False
shifted,ECG_query_PPG_key_value,58,4,9|10|11|12,9|10|11|12,0,0,4,10.500000,True,False
shifted,ECG_query_PPG_key_value,59,4,9|10|11|12,9|10|11|12,0,0,4,10.500000,True,False
shifted,ECG_query_PPG_key_value,60,4,9|10|11|12,9|10|11|12,0,0,4,10.500000,True,False
shifted,ECG_query_PPG_key_value,61,4,9|10|11|12,9|10|11|12,0,0,4,10.500000,True,False
shifted,ECG_query_PPG_key_value,62,4,9|10|11|12,9|10|11|12,0,0,4,10.500000,True,False
shifted,ECG_query_PPG_key_value,63,4,9|10|11|12,9|10|11|12,0,0,4,10.500000,True,False
shifted,ECG_query_PPG_key_value,64,4,9|10|11|12,9|10|11|12,0,0,4,10.500000,True,False
shifted,ECG_query_PPG_key_value,65,4,9|10|11|12,9|10|11|12,0,0,4,10.500000,True,False
shifted,ECG_query_PPG_key_value,66,4,9|10|11|12,9|10|11|12,0,0,4,10.500000,True,False
shifted,ECG_query_PPG_key_value,67,4,9|10|11|12,9|10|11|12,0,0,4,10.500000,True,False
shifted,ECG_query_PPG_key_value,68,4,9|10|11|12,9|10|11|12,0,0,4,10.500000,True,False
shifted,ECG_query_PPG_key_value,69,4,9|10|11|12,9|10|11|12,0,0,4,10.500000,True,False
shifted,ECG_query_PPG_key_value,70,4,9|10|11|12,9|10|11|12,0,0,4,10.500000,True,False
shifted,ECG_query_PPG_key_value,71,4,9|10|11|12,9|10|11|12,0,0,4,10.500000,True,False
shifted,ECG_query_PPG_key_value,72,4,9|10|11|12,9|10|11|12,0,0,4,10.500000,True,False
shifted,ECG_query_PPG_key_value,73,4,9|10|11|12,9|10|11|12,0,0,4,10.500000,True,False
shifted,ECG_query_PPG_key_value,74,4,9|10|11|12,9|10|11|12,0,0,4,10.500000,True,False
shifted,ECG_query_PPG_key_value,75,4,9|10|11|12,9|10|11|12,0,0,4,10.500000,True,False
shifted,ECG_query_PPG_key_value,76,4,9|10|11|12,9|10|11|12,0,0,4,10.500000,True,False
shifted,ECG_query_PPG_key_value,77,4,9|10|11|12,9|10|11|12,0,0,4,10.500000,True,False
shifted,ECG_query_PPG_key_value,78,4,9|10|11|12,9|10|11|12,0,0,4,10.500000,True,False
shifted,ECG_query_PPG_key_value,79,4,9|10|11|12,9|10|11|12,0,0,4,10.500000,True,False
shifted,ECG_query_PPG_key_value,80,4,9|10|11|12,9|10|11|12,0,0,4,10.500000,True,False
shifted,ECG_query_PPG_key_value,81,4,9|10|11|12,9|10|11|12,0,0,4,10.500000,True,False
shifted,ECG_query_PPG_key_value,82,4,9|10|11|12,9|10|11|12,0,0,4,10.500000,True,False
shifted,ECG_query_PPG_key_value,83,4,9|10|11|12,9|10|11|12,0,0,4,10.500000,True,False
shifted,ECG_query_PPG_key_value,84,4,9|10|11|12,9|10|11|12,0,0,4,10.500000,True,False
shifted,ECG_query_PPG_key_value,85,4,9|10|11|12,9|10|11|12,0,0,4,10.500000,True,False
shifted,ECG_query_PPG_key_value,86,4,9|10|11|12,9|10|11|12,0,0,4,10.500000,True,False
shifted,ECG_query_PPG_key_value,87,4,9|10|11|12,9|10|11|12,0,0,4,10.500000,True,False
shifted,ECG_query_PPG_key_value,88,4,9|10|11|12,9|10|11|12,0,0,4,10.500000,True,False
shifted,ECG_query_PPG_key_value,89,4,9|10|11|12,9|10|11|12,0,0,4,10.500000,True,False
shifted,ECG_query_PPG_key_value,90,4,9|10|11|12,9|10|11|12,0,0,4,10.500000,True,False
shifted,ECG_query_PPG_key_value,91,4,9|10|11|12,9|10|11|12,0,0,4,10.500000,True,False
shifted,ECG_query_PPG_key_value,92,4,9|10|11|12,9|10|11|12,0,0,4,10.500000,True,False
shifted,ECG_query_PPG_key_value,93,4,9|10|11|12,9|10|11|12,0,0,4,10.500000,True,False
shifted,ECG_query_PPG_key_value,94,4,9|10|11|12,9|10|11|12,0,0,4,10.500000,True,False
shifted,ECG_query_PPG_key_value,95,4,9|10|11|12,9|10|11|12,0,0,4,10.500000,True,False
shifted,ECG_query_PPG_key_value,96,4,9|10|11|12,9|10|11|12,0,0,4,10.500000,True,False
shifted,ECG_query_PPG_key_value,97,4,9|10|11|12,9|10|11|12,0,0,4,10.500000,True,False
shifted,ECG_query_PPG_key_value,98,4,9|10|11|12,9|10|11|12,0,0,4,10.500000,True,False
shifted,ECG_query_PPG_key_value,99,4,9|10|11|12,9|10|11|12,0,0,4,10.500000,True,False
shifted,ECG_query_PPG_key_value,100,4,9|10|11|12,9|10|11|12,0,0,4,10.500000,True,False
shifted,ECG_query_PPG_key_value,101,4,9|10|11|12,9|10|11|12,0,0,4,10.500000,True,False
shifted,ECG_query_PPG_key_value,102,4,9|10|11|12,9|10|11|12,0,0,4,10.500000,True,False
shifted,ECG_query_PPG_key_value,103,4,9|10|11|12,9|10|11|12,0,0,4,10.500000,True,False
shifted,ECG_query_PPG_key_value,104,4,9|10|11|12,9|10|11|12,0,0,4,10.500000,True,False
shifted,ECG_query_PPG_key_value,105,4,9|10|11|12,9|10|11|12,0,0,4,10.500000,True,False
shifted,ECG_query_PPG_key_value,106,4,9|10|11|12,9|10|11|12,0,0,4,10.500000,True,False
shifted,ECG_query_PPG_key_value,107,4,9|10|11|12,9|10|11|12,0,0,4,10.500000,True,False
shifted,ECG_query_PPG_key_value,108,4,9|10|11|12,9|10|11|12,0,0,4,10.500000,True,False
shifted,ECG_query_PPG_key_value,109,4,9|10|11|12,9|10|11|12,0,0,4,10.500000,True,False
shifted,ECG_query_PPG_key_value,110,4,9|10|11|12,9|10|11|12,0,0,4,10.500000,True,False
shifted,ECG_query_PPG_key_value,111,4,9|10|11|12,9|10|11|12,0,0,4,10.500000,True,False
shifted,ECG_query_PPG_key_value,112,4,9|10|11|12,9|10|11|12,0,0,4,10.500000,True,False
shifted,ECG_query_PPG_key_value,113,0,,,0,0,0,,True,False
shifted,ECG_query_PPG_key_value,114,0,,,0,0,0,,True,False
shifted,ECG_query_PPG_key_value,115,0,,,0,0,0,,True,False
shifted,ECG_query_PPG_key_value,116,0,,,0,0,0,,True,False
shifted,ECG_query_PPG_key_value,117,0,,,0,0,0,,True,False
shifted,ECG_query_PPG_key_value,118,0,,,0,0,0,,True,False
shifted,ECG_query_PPG_key_value,119,0,,,0,0,0,,True,False
shifted,ECG_query_PPG_key_value,120,0,,,0,0,0,,True,False
shifted,ECG_query_PPG_key_value,121,0,,,0,0,0,,True,False
shifted,ECG_query_PPG_key_value,122,0,,,0,0,0,,True,False
shifted,ECG_query_PPG_key_value,123,0,,,0,0,0,,True,False
shifted,ECG_query_PPG_key_value,124,0,,,0,0,0,,True,False
shifted,PPG_query_ECG_key_value,0,0,,,0,0,0,,True,False
shifted,PPG_query_ECG_key_value,1,0,,,0,0,0,,True,False
shifted,PPG_query_ECG_key_value,2,0,,,0,0,0,,True,False
shifted,PPG_query_ECG_key_value,3,0,,,0,0,0,,True,False
shifted,PPG_query_ECG_key_value,4,0,,,0,0,0,,True,False
shifted,PPG_query_ECG_key_value,5,0,,,0,0,0,,True,False
shifted,PPG_query_ECG_key_value,6,0,,,0,0,0,,True,False
shifted,PPG_query_ECG_key_value,7,0,,,0,0,0,,True,False
shifted,PPG_query_ECG_key_value,8,0,,,0,0,0,,True,False
shifted,PPG_query_ECG_key_value,9,1,-9,9,1,0,0,-9.000000,True,False
shifted,PPG_query_ECG_key_value,10,2,-10|-9,9|10,2,0,0,-9.500000,True,False
shifted,PPG_query_ECG_key_value,11,3,-11|-10|-9,9|10|11,3,0,0,-10.000000,True,False
shifted,PPG_query_ECG_key_value,12,4,-12|-11|-10|-9,9|10|11|12,4,0,0,-10.500000,True,False
shifted,PPG_query_ECG_key_value,13,4,-12|-11|-10|-9,9|10|11|12,4,0,0,-10.500000,True,False
shifted,PPG_query_ECG_key_value,14,4,-12|-11|-10|-9,9|10|11|12,4,0,0,-10.500000,True,False
shifted,PPG_query_ECG_key_value,15,4,-12|-11|-10|-9,9|10|11|12,4,0,0,-10.500000,True,False
shifted,PPG_query_ECG_key_value,16,4,-12|-11|-10|-9,9|10|11|12,4,0,0,-10.500000,True,False
shifted,PPG_query_ECG_key_value,17,4,-12|-11|-10|-9,9|10|11|12,4,0,0,-10.500000,True,False
shifted,PPG_query_ECG_key_value,18,4,-12|-11|-10|-9,9|10|11|12,4,0,0,-10.500000,True,False
shifted,PPG_query_ECG_key_value,19,4,-12|-11|-10|-9,9|10|11|12,4,0,0,-10.500000,True,False
shifted,PPG_query_ECG_key_value,20,4,-12|-11|-10|-9,9|10|11|12,4,0,0,-10.500000,True,False
shifted,PPG_query_ECG_key_value,21,4,-12|-11|-10|-9,9|10|11|12,4,0,0,-10.500000,True,False
shifted,PPG_query_ECG_key_value,22,4,-12|-11|-10|-9,9|10|11|12,4,0,0,-10.500000,True,False
shifted,PPG_query_ECG_key_value,23,4,-12|-11|-10|-9,9|10|11|12,4,0,0,-10.500000,True,False
shifted,PPG_query_ECG_key_value,24,4,-12|-11|-10|-9,9|10|11|12,4,0,0,-10.500000,True,False
shifted,PPG_query_ECG_key_value,25,4,-12|-11|-10|-9,9|10|11|12,4,0,0,-10.500000,True,False
shifted,PPG_query_ECG_key_value,26,4,-12|-11|-10|-9,9|10|11|12,4,0,0,-10.500000,True,False
shifted,PPG_query_ECG_key_value,27,4,-12|-11|-10|-9,9|10|11|12,4,0,0,-10.500000,True,False
shifted,PPG_query_ECG_key_value,28,4,-12|-11|-10|-9,9|10|11|12,4,0,0,-10.500000,True,False
shifted,PPG_query_ECG_key_value,29,4,-12|-11|-10|-9,9|10|11|12,4,0,0,-10.500000,True,False
shifted,PPG_query_ECG_key_value,30,4,-12|-11|-10|-9,9|10|11|12,4,0,0,-10.500000,True,False
shifted,PPG_query_ECG_key_value,31,4,-12|-11|-10|-9,9|10|11|12,4,0,0,-10.500000,True,False
shifted,PPG_query_ECG_key_value,32,4,-12|-11|-10|-9,9|10|11|12,4,0,0,-10.500000,True,False
shifted,PPG_query_ECG_key_value,33,4,-12|-11|-10|-9,9|10|11|12,4,0,0,-10.500000,True,False
shifted,PPG_query_ECG_key_value,34,4,-12|-11|-10|-9,9|10|11|12,4,0,0,-10.500000,True,False
shifted,PPG_query_ECG_key_value,35,4,-12|-11|-10|-9,9|10|11|12,4,0,0,-10.500000,True,False
shifted,PPG_query_ECG_key_value,36,4,-12|-11|-10|-9,9|10|11|12,4,0,0,-10.500000,True,False
shifted,PPG_query_ECG_key_value,37,4,-12|-11|-10|-9,9|10|11|12,4,0,0,-10.500000,True,False
shifted,PPG_query_ECG_key_value,38,4,-12|-11|-10|-9,9|10|11|12,4,0,0,-10.500000,True,False
shifted,PPG_query_ECG_key_value,39,4,-12|-11|-10|-9,9|10|11|12,4,0,0,-10.500000,True,False
shifted,PPG_query_ECG_key_value,40,4,-12|-11|-10|-9,9|10|11|12,4,0,0,-10.500000,True,False
shifted,PPG_query_ECG_key_value,41,4,-12|-11|-10|-9,9|10|11|12,4,0,0,-10.500000,True,False
shifted,PPG_query_ECG_key_value,42,4,-12|-11|-10|-9,9|10|11|12,4,0,0,-10.500000,True,False
shifted,PPG_query_ECG_key_value,43,4,-12|-11|-10|-9,9|10|11|12,4,0,0,-10.500000,True,False
shifted,PPG_query_ECG_key_value,44,4,-12|-11|-10|-9,9|10|11|12,4,0,0,-10.500000,True,False
shifted,PPG_query_ECG_key_value,45,4,-12|-11|-10|-9,9|10|11|12,4,0,0,-10.500000,True,False
shifted,PPG_query_ECG_key_value,46,4,-12|-11|-10|-9,9|10|11|12,4,0,0,-10.500000,True,False
shifted,PPG_query_ECG_key_value,47,4,-12|-11|-10|-9,9|10|11|12,4,0,0,-10.500000,True,False
shifted,PPG_query_ECG_key_value,48,4,-12|-11|-10|-9,9|10|11|12,4,0,0,-10.500000,True,False
shifted,PPG_query_ECG_key_value,49,4,-12|-11|-10|-9,9|10|11|12,4,0,0,-10.500000,True,False
shifted,PPG_query_ECG_key_value,50,4,-12|-11|-10|-9,9|10|11|12,4,0,0,-10.500000,True,False
shifted,PPG_query_ECG_key_value,51,4,-12|-11|-10|-9,9|10|11|12,4,0,0,-10.500000,True,False
shifted,PPG_query_ECG_key_value,52,4,-12|-11|-10|-9,9|10|11|12,4,0,0,-10.500000,True,False
shifted,PPG_query_ECG_key_value,53,4,-12|-11|-10|-9,9|10|11|12,4,0,0,-10.500000,True,False
shifted,PPG_query_ECG_key_value,54,4,-12|-11|-10|-9,9|10|11|12,4,0,0,-10.500000,True,False
shifted,PPG_query_ECG_key_value,55,4,-12|-11|-10|-9,9|10|11|12,4,0,0,-10.500000,True,False
shifted,PPG_query_ECG_key_value,56,4,-12|-11|-10|-9,9|10|11|12,4,0,0,-10.500000,True,False
shifted,PPG_query_ECG_key_value,57,4,-12|-11|-10|-9,9|10|11|12,4,0,0,-10.500000,True,False
shifted,PPG_query_ECG_key_value,58,4,-12|-11|-10|-9,9|10|11|12,4,0,0,-10.500000,True,False
shifted,PPG_query_ECG_key_value,59,4,-12|-11|-10|-9,9|10|11|12,4,0,0,-10.500000,True,False
shifted,PPG_query_ECG_key_value,60,4,-12|-11|-10|-9,9|10|11|12,4,0,0,-10.500000,True,False
shifted,PPG_query_ECG_key_value,61,4,-12|-11|-10|-9,9|10|11|12,4,0,0,-10.500000,True,False
shifted,PPG_query_ECG_key_value,62,4,-12|-11|-10|-9,9|10|11|12,4,0,0,-10.500000,True,False
shifted,PPG_query_ECG_key_value,63,4,-12|-11|-10|-9,9|10|11|12,4,0,0,-10.500000,True,False
shifted,PPG_query_ECG_key_value,64,4,-12|-11|-10|-9,9|10|11|12,4,0,0,-10.500000,True,False
shifted,PPG_query_ECG_key_value,65,4,-12|-11|-10|-9,9|10|11|12,4,0,0,-10.500000,True,False
shifted,PPG_query_ECG_key_value,66,4,-12|-11|-10|-9,9|10|11|12,4,0,0,-10.500000,True,False
shifted,PPG_query_ECG_key_value,67,4,-12|-11|-10|-9,9|10|11|12,4,0,0,-10.500000,True,False
shifted,PPG_query_ECG_key_value,68,4,-12|-11|-10|-9,9|10|11|12,4,0,0,-10.500000,True,False
shifted,PPG_query_ECG_key_value,69,4,-12|-11|-10|-9,9|10|11|12,4,0,0,-10.500000,True,False
shifted,PPG_query_ECG_key_value,70,4,-12|-11|-10|-9,9|10|11|12,4,0,0,-10.500000,True,False
shifted,PPG_query_ECG_key_value,71,4,-12|-11|-10|-9,9|10|11|12,4,0,0,-10.500000,True,False
shifted,PPG_query_ECG_key_value,72,4,-12|-11|-10|-9,9|10|11|12,4,0,0,-10.500000,True,False
shifted,PPG_query_ECG_key_value,73,4,-12|-11|-10|-9,9|10|11|12,4,0,0,-10.500000,True,False
shifted,PPG_query_ECG_key_value,74,4,-12|-11|-10|-9,9|10|11|12,4,0,0,-10.500000,True,False
shifted,PPG_query_ECG_key_value,75,4,-12|-11|-10|-9,9|10|11|12,4,0,0,-10.500000,True,False
shifted,PPG_query_ECG_key_value,76,4,-12|-11|-10|-9,9|10|11|12,4,0,0,-10.500000,True,False
shifted,PPG_query_ECG_key_value,77,4,-12|-11|-10|-9,9|10|11|12,4,0,0,-10.500000,True,False
shifted,PPG_query_ECG_key_value,78,4,-12|-11|-10|-9,9|10|11|12,4,0,0,-10.500000,True,False
shifted,PPG_query_ECG_key_value,79,4,-12|-11|-10|-9,9|10|11|12,4,0,0,-10.500000,True,False
shifted,PPG_query_ECG_key_value,80,4,-12|-11|-10|-9,9|10|11|12,4,0,0,-10.500000,True,False
shifted,PPG_query_ECG_key_value,81,4,-12|-11|-10|-9,9|10|11|12,4,0,0,-10.500000,True,False
shifted,PPG_query_ECG_key_value,82,4,-12|-11|-10|-9,9|10|11|12,4,0,0,-10.500000,True,False
shifted,PPG_query_ECG_key_value,83,4,-12|-11|-10|-9,9|10|11|12,4,0,0,-10.500000,True,False
shifted,PPG_query_ECG_key_value,84,4,-12|-11|-10|-9,9|10|11|12,4,0,0,-10.500000,True,False
shifted,PPG_query_ECG_key_value,85,4,-12|-11|-10|-9,9|10|11|12,4,0,0,-10.500000,True,False
shifted,PPG_query_ECG_key_value,86,4,-12|-11|-10|-9,9|10|11|12,4,0,0,-10.500000,True,False
shifted,PPG_query_ECG_key_value,87,4,-12|-11|-10|-9,9|10|11|12,4,0,0,-10.500000,True,False
shifted,PPG_query_ECG_key_value,88,4,-12|-11|-10|-9,9|10|11|12,4,0,0,-10.500000,True,False
shifted,PPG_query_ECG_key_value,89,4,-12|-11|-10|-9,9|10|11|12,4,0,0,-10.500000,True,False
shifted,PPG_query_ECG_key_value,90,4,-12|-11|-10|-9,9|10|11|12,4,0,0,-10.500000,True,False
shifted,PPG_query_ECG_key_value,91,4,-12|-11|-10|-9,9|10|11|12,4,0,0,-10.500000,True,False
shifted,PPG_query_ECG_key_value,92,4,-12|-11|-10|-9,9|10|11|12,4,0,0,-10.500000,True,False
shifted,PPG_query_ECG_key_value,93,4,-12|-11|-10|-9,9|10|11|12,4,0,0,-10.500000,True,False
shifted,PPG_query_ECG_key_value,94,4,-12|-11|-10|-9,9|10|11|12,4,0,0,-10.500000,True,False
shifted,PPG_query_ECG_key_value,95,4,-12|-11|-10|-9,9|10|11|12,4,0,0,-10.500000,True,False
shifted,PPG_query_ECG_key_value,96,4,-12|-11|-10|-9,9|10|11|12,4,0,0,-10.500000,True,False
shifted,PPG_query_ECG_key_value,97,4,-12|-11|-10|-9,9|10|11|12,4,0,0,-10.500000,True,False
shifted,PPG_query_ECG_key_value,98,4,-12|-11|-10|-9,9|10|11|12,4,0,0,-10.500000,True,False
shifted,PPG_query_ECG_key_value,99,4,-12|-11|-10|-9,9|10|11|12,4,0,0,-10.500000,True,False
shifted,PPG_query_ECG_key_value,100,4,-12|-11|-10|-9,9|10|11|12,4,0,0,-10.500000,True,False
shifted,PPG_query_ECG_key_value,101,4,-12|-11|-10|-9,9|10|11|12,4,0,0,-10.500000,True,False
shifted,PPG_query_ECG_key_value,102,4,-12|-11|-10|-9,9|10|11|12,4,0,0,-10.500000,True,False
shifted,PPG_query_ECG_key_value,103,4,-12|-11|-10|-9,9|10|11|12,4,0,0,-10.500000,True,False
shifted,PPG_query_ECG_key_value,104,4,-12|-11|-10|-9,9|10|11|12,4,0,0,-10.500000,True,False
shifted,PPG_query_ECG_key_value,105,4,-12|-11|-10|-9,9|10|11|12,4,0,0,-10.500000,True,False
shifted,PPG_query_ECG_key_value,106,4,-12|-11|-10|-9,9|10|11|12,4,0,0,-10.500000,True,False
shifted,PPG_query_ECG_key_value,107,4,-12|-11|-10|-9,9|10|11|12,4,0,0,-10.500000,True,False
shifted,PPG_query_ECG_key_value,108,4,-12|-11|-10|-9,9|10|11|12,4,0,0,-10.500000,True,False
shifted,PPG_query_ECG_key_value,109,4,-12|-11|-10|-9,9|10|11|12,4,0,0,-10.500000,True,False
shifted,PPG_query_ECG_key_value,110,4,-12|-11|-10|-9,9|10|11|12,4,0,0,-10.500000,True,False
shifted,PPG_query_ECG_key_value,111,4,-12|-11|-10|-9,9|10|11|12,4,0,0,-10.500000,True,False
shifted,PPG_query_ECG_key_value,112,4,-12|-11|-10|-9,9|10|11|12,4,0,0,-10.500000,True,False
shifted,PPG_query_ECG_key_value,113,4,-12|-11|-10|-9,9|10|11|12,4,0,0,-10.500000,True,False
shifted,PPG_query_ECG_key_value,114,4,-12|-11|-10|-9,9|10|11|12,4,0,0,-10.500000,True,False
shifted,PPG_query_ECG_key_value,115,4,-12|-11|-10|-9,9|10|11|12,4,0,0,-10.500000,True,False
shifted,PPG_query_ECG_key_value,116,4,-12|-11|-10|-9,9|10|11|12,4,0,0,-10.500000,True,False
shifted,PPG_query_ECG_key_value,117,4,-12|-11|-10|-9,9|10|11|12,4,0,0,-10.500000,True,False
shifted,PPG_query_ECG_key_value,118,4,-12|-11|-10|-9,9|10|11|12,4,0,0,-10.500000,True,False
shifted,PPG_query_ECG_key_value,119,4,-12|-11|-10|-9,9|10|11|12,4,0,0,-10.500000,True,False
shifted,PPG_query_ECG_key_value,120,4,-12|-11|-10|-9,9|10|11|12,4,0,0,-10.500000,True,False
shifted,PPG_query_ECG_key_value,121,4,-12|-11|-10|-9,9|10|11|12,4,0,0,-10.500000,True,False
shifted,PPG_query_ECG_key_value,122,3,-12|-11|-10,10|11|12,3,0,0,-11.000000,True,False
shifted,PPG_query_ECG_key_value,123,2,-12|-11,11|12,2,0,0,-11.500000,True,False
shifted,PPG_query_ECG_key_value,124,1,-12,12,1,0,0,-12.000000,True,False
local,ECG_query_PPG_key_value,0,2,1|2,1|2,0,0,2,1.500000,True,False
local,ECG_query_PPG_key_value,1,3,-1|1|2,1|1|2,1,0,2,0.666667,True,False
local,ECG_query_PPG_key_value,2,4,-2|-1|1|2,1|1|2|2,2,0,2,0.000000,True,False
local,ECG_query_PPG_key_value,3,4,-2|-1|1|2,1|1|2|2,2,0,2,0.000000,True,False
local,ECG_query_PPG_key_value,4,4,-2|-1|1|2,1|1|2|2,2,0,2,0.000000,True,False
local,ECG_query_PPG_key_value,5,4,-2|-1|1|2,1|1|2|2,2,0,2,0.000000,True,False
local,ECG_query_PPG_key_value,6,4,-2|-1|1|2,1|1|2|2,2,0,2,0.000000,True,False
local,ECG_query_PPG_key_value,7,4,-2|-1|1|2,1|1|2|2,2,0,2,0.000000,True,False
local,ECG_query_PPG_key_value,8,4,-2|-1|1|2,1|1|2|2,2,0,2,0.000000,True,False
local,ECG_query_PPG_key_value,9,4,-2|-1|1|2,1|1|2|2,2,0,2,0.000000,True,False
local,ECG_query_PPG_key_value,10,4,-2|-1|1|2,1|1|2|2,2,0,2,0.000000,True,False
local,ECG_query_PPG_key_value,11,4,-2|-1|1|2,1|1|2|2,2,0,2,0.000000,True,False
local,ECG_query_PPG_key_value,12,4,-2|-1|1|2,1|1|2|2,2,0,2,0.000000,True,False
local,ECG_query_PPG_key_value,13,4,-2|-1|1|2,1|1|2|2,2,0,2,0.000000,True,False
local,ECG_query_PPG_key_value,14,4,-2|-1|1|2,1|1|2|2,2,0,2,0.000000,True,False
local,ECG_query_PPG_key_value,15,4,-2|-1|1|2,1|1|2|2,2,0,2,0.000000,True,False
local,ECG_query_PPG_key_value,16,4,-2|-1|1|2,1|1|2|2,2,0,2,0.000000,True,False
local,ECG_query_PPG_key_value,17,4,-2|-1|1|2,1|1|2|2,2,0,2,0.000000,True,False
local,ECG_query_PPG_key_value,18,4,-2|-1|1|2,1|1|2|2,2,0,2,0.000000,True,False
local,ECG_query_PPG_key_value,19,4,-2|-1|1|2,1|1|2|2,2,0,2,0.000000,True,False
local,ECG_query_PPG_key_value,20,4,-2|-1|1|2,1|1|2|2,2,0,2,0.000000,True,False
local,ECG_query_PPG_key_value,21,4,-2|-1|1|2,1|1|2|2,2,0,2,0.000000,True,False
local,ECG_query_PPG_key_value,22,4,-2|-1|1|2,1|1|2|2,2,0,2,0.000000,True,False
local,ECG_query_PPG_key_value,23,4,-2|-1|1|2,1|1|2|2,2,0,2,0.000000,True,False
local,ECG_query_PPG_key_value,24,4,-2|-1|1|2,1|1|2|2,2,0,2,0.000000,True,False
local,ECG_query_PPG_key_value,25,4,-2|-1|1|2,1|1|2|2,2,0,2,0.000000,True,False
local,ECG_query_PPG_key_value,26,4,-2|-1|1|2,1|1|2|2,2,0,2,0.000000,True,False
local,ECG_query_PPG_key_value,27,4,-2|-1|1|2,1|1|2|2,2,0,2,0.000000,True,False
local,ECG_query_PPG_key_value,28,4,-2|-1|1|2,1|1|2|2,2,0,2,0.000000,True,False
local,ECG_query_PPG_key_value,29,4,-2|-1|1|2,1|1|2|2,2,0,2,0.000000,True,False
local,ECG_query_PPG_key_value,30,4,-2|-1|1|2,1|1|2|2,2,0,2,0.000000,True,False
local,ECG_query_PPG_key_value,31,4,-2|-1|1|2,1|1|2|2,2,0,2,0.000000,True,False
local,ECG_query_PPG_key_value,32,4,-2|-1|1|2,1|1|2|2,2,0,2,0.000000,True,False
local,ECG_query_PPG_key_value,33,4,-2|-1|1|2,1|1|2|2,2,0,2,0.000000,True,False
local,ECG_query_PPG_key_value,34,4,-2|-1|1|2,1|1|2|2,2,0,2,0.000000,True,False
local,ECG_query_PPG_key_value,35,4,-2|-1|1|2,1|1|2|2,2,0,2,0.000000,True,False
local,ECG_query_PPG_key_value,36,4,-2|-1|1|2,1|1|2|2,2,0,2,0.000000,True,False
local,ECG_query_PPG_key_value,37,4,-2|-1|1|2,1|1|2|2,2,0,2,0.000000,True,False
local,ECG_query_PPG_key_value,38,4,-2|-1|1|2,1|1|2|2,2,0,2,0.000000,True,False
local,ECG_query_PPG_key_value,39,4,-2|-1|1|2,1|1|2|2,2,0,2,0.000000,True,False
local,ECG_query_PPG_key_value,40,4,-2|-1|1|2,1|1|2|2,2,0,2,0.000000,True,False
local,ECG_query_PPG_key_value,41,4,-2|-1|1|2,1|1|2|2,2,0,2,0.000000,True,False
local,ECG_query_PPG_key_value,42,4,-2|-1|1|2,1|1|2|2,2,0,2,0.000000,True,False
local,ECG_query_PPG_key_value,43,4,-2|-1|1|2,1|1|2|2,2,0,2,0.000000,True,False
local,ECG_query_PPG_key_value,44,4,-2|-1|1|2,1|1|2|2,2,0,2,0.000000,True,False
local,ECG_query_PPG_key_value,45,4,-2|-1|1|2,1|1|2|2,2,0,2,0.000000,True,False
local,ECG_query_PPG_key_value,46,4,-2|-1|1|2,1|1|2|2,2,0,2,0.000000,True,False
local,ECG_query_PPG_key_value,47,4,-2|-1|1|2,1|1|2|2,2,0,2,0.000000,True,False
local,ECG_query_PPG_key_value,48,4,-2|-1|1|2,1|1|2|2,2,0,2,0.000000,True,False
local,ECG_query_PPG_key_value,49,4,-2|-1|1|2,1|1|2|2,2,0,2,0.000000,True,False
local,ECG_query_PPG_key_value,50,4,-2|-1|1|2,1|1|2|2,2,0,2,0.000000,True,False
local,ECG_query_PPG_key_value,51,4,-2|-1|1|2,1|1|2|2,2,0,2,0.000000,True,False
local,ECG_query_PPG_key_value,52,4,-2|-1|1|2,1|1|2|2,2,0,2,0.000000,True,False
local,ECG_query_PPG_key_value,53,4,-2|-1|1|2,1|1|2|2,2,0,2,0.000000,True,False
local,ECG_query_PPG_key_value,54,4,-2|-1|1|2,1|1|2|2,2,0,2,0.000000,True,False
local,ECG_query_PPG_key_value,55,4,-2|-1|1|2,1|1|2|2,2,0,2,0.000000,True,False
local,ECG_query_PPG_key_value,56,4,-2|-1|1|2,1|1|2|2,2,0,2,0.000000,True,False
local,ECG_query_PPG_key_value,57,4,-2|-1|1|2,1|1|2|2,2,0,2,0.000000,True,False
local,ECG_query_PPG_key_value,58,4,-2|-1|1|2,1|1|2|2,2,0,2,0.000000,True,False
local,ECG_query_PPG_key_value,59,4,-2|-1|1|2,1|1|2|2,2,0,2,0.000000,True,False
local,ECG_query_PPG_key_value,60,4,-2|-1|1|2,1|1|2|2,2,0,2,0.000000,True,False
local,ECG_query_PPG_key_value,61,4,-2|-1|1|2,1|1|2|2,2,0,2,0.000000,True,False
local,ECG_query_PPG_key_value,62,4,-2|-1|1|2,1|1|2|2,2,0,2,0.000000,True,False
local,ECG_query_PPG_key_value,63,4,-2|-1|1|2,1|1|2|2,2,0,2,0.000000,True,False
local,ECG_query_PPG_key_value,64,4,-2|-1|1|2,1|1|2|2,2,0,2,0.000000,True,False
local,ECG_query_PPG_key_value,65,4,-2|-1|1|2,1|1|2|2,2,0,2,0.000000,True,False
local,ECG_query_PPG_key_value,66,4,-2|-1|1|2,1|1|2|2,2,0,2,0.000000,True,False
local,ECG_query_PPG_key_value,67,4,-2|-1|1|2,1|1|2|2,2,0,2,0.000000,True,False
local,ECG_query_PPG_key_value,68,4,-2|-1|1|2,1|1|2|2,2,0,2,0.000000,True,False
local,ECG_query_PPG_key_value,69,4,-2|-1|1|2,1|1|2|2,2,0,2,0.000000,True,False
local,ECG_query_PPG_key_value,70,4,-2|-1|1|2,1|1|2|2,2,0,2,0.000000,True,False
local,ECG_query_PPG_key_value,71,4,-2|-1|1|2,1|1|2|2,2,0,2,0.000000,True,False
local,ECG_query_PPG_key_value,72,4,-2|-1|1|2,1|1|2|2,2,0,2,0.000000,True,False
local,ECG_query_PPG_key_value,73,4,-2|-1|1|2,1|1|2|2,2,0,2,0.000000,True,False
local,ECG_query_PPG_key_value,74,4,-2|-1|1|2,1|1|2|2,2,0,2,0.000000,True,False
local,ECG_query_PPG_key_value,75,4,-2|-1|1|2,1|1|2|2,2,0,2,0.000000,True,False
local,ECG_query_PPG_key_value,76,4,-2|-1|1|2,1|1|2|2,2,0,2,0.000000,True,False
local,ECG_query_PPG_key_value,77,4,-2|-1|1|2,1|1|2|2,2,0,2,0.000000,True,False
local,ECG_query_PPG_key_value,78,4,-2|-1|1|2,1|1|2|2,2,0,2,0.000000,True,False
local,ECG_query_PPG_key_value,79,4,-2|-1|1|2,1|1|2|2,2,0,2,0.000000,True,False
local,ECG_query_PPG_key_value,80,4,-2|-1|1|2,1|1|2|2,2,0,2,0.000000,True,False
local,ECG_query_PPG_key_value,81,4,-2|-1|1|2,1|1|2|2,2,0,2,0.000000,True,False
local,ECG_query_PPG_key_value,82,4,-2|-1|1|2,1|1|2|2,2,0,2,0.000000,True,False
local,ECG_query_PPG_key_value,83,4,-2|-1|1|2,1|1|2|2,2,0,2,0.000000,True,False
local,ECG_query_PPG_key_value,84,4,-2|-1|1|2,1|1|2|2,2,0,2,0.000000,True,False
local,ECG_query_PPG_key_value,85,4,-2|-1|1|2,1|1|2|2,2,0,2,0.000000,True,False
local,ECG_query_PPG_key_value,86,4,-2|-1|1|2,1|1|2|2,2,0,2,0.000000,True,False
local,ECG_query_PPG_key_value,87,4,-2|-1|1|2,1|1|2|2,2,0,2,0.000000,True,False
local,ECG_query_PPG_key_value,88,4,-2|-1|1|2,1|1|2|2,2,0,2,0.000000,True,False
local,ECG_query_PPG_key_value,89,4,-2|-1|1|2,1|1|2|2,2,0,2,0.000000,True,False
local,ECG_query_PPG_key_value,90,4,-2|-1|1|2,1|1|2|2,2,0,2,0.000000,True,False
local,ECG_query_PPG_key_value,91,4,-2|-1|1|2,1|1|2|2,2,0,2,0.000000,True,False
local,ECG_query_PPG_key_value,92,4,-2|-1|1|2,1|1|2|2,2,0,2,0.000000,True,False
local,ECG_query_PPG_key_value,93,4,-2|-1|1|2,1|1|2|2,2,0,2,0.000000,True,False
local,ECG_query_PPG_key_value,94,4,-2|-1|1|2,1|1|2|2,2,0,2,0.000000,True,False
local,ECG_query_PPG_key_value,95,4,-2|-1|1|2,1|1|2|2,2,0,2,0.000000,True,False
local,ECG_query_PPG_key_value,96,4,-2|-1|1|2,1|1|2|2,2,0,2,0.000000,True,False
local,ECG_query_PPG_key_value,97,4,-2|-1|1|2,1|1|2|2,2,0,2,0.000000,True,False
local,ECG_query_PPG_key_value,98,4,-2|-1|1|2,1|1|2|2,2,0,2,0.000000,True,False
local,ECG_query_PPG_key_value,99,4,-2|-1|1|2,1|1|2|2,2,0,2,0.000000,True,False
local,ECG_query_PPG_key_value,100,4,-2|-1|1|2,1|1|2|2,2,0,2,0.000000,True,False
local,ECG_query_PPG_key_value,101,4,-2|-1|1|2,1|1|2|2,2,0,2,0.000000,True,False
local,ECG_query_PPG_key_value,102,4,-2|-1|1|2,1|1|2|2,2,0,2,0.000000,True,False
local,ECG_query_PPG_key_value,103,4,-2|-1|1|2,1|1|2|2,2,0,2,0.000000,True,False
local,ECG_query_PPG_key_value,104,4,-2|-1|1|2,1|1|2|2,2,0,2,0.000000,True,False
local,ECG_query_PPG_key_value,105,4,-2|-1|1|2,1|1|2|2,2,0,2,0.000000,True,False
local,ECG_query_PPG_key_value,106,4,-2|-1|1|2,1|1|2|2,2,0,2,0.000000,True,False
local,ECG_query_PPG_key_value,107,4,-2|-1|1|2,1|1|2|2,2,0,2,0.000000,True,False
local,ECG_query_PPG_key_value,108,4,-2|-1|1|2,1|1|2|2,2,0,2,0.000000,True,False
local,ECG_query_PPG_key_value,109,4,-2|-1|1|2,1|1|2|2,2,0,2,0.000000,True,False
local,ECG_query_PPG_key_value,110,4,-2|-1|1|2,1|1|2|2,2,0,2,0.000000,True,False
local,ECG_query_PPG_key_value,111,4,-2|-1|1|2,1|1|2|2,2,0,2,0.000000,True,False
local,ECG_query_PPG_key_value,112,4,-2|-1|1|2,1|1|2|2,2,0,2,0.000000,True,False
local,ECG_query_PPG_key_value,113,4,-2|-1|1|2,1|1|2|2,2,0,2,0.000000,True,False
local,ECG_query_PPG_key_value,114,4,-2|-1|1|2,1|1|2|2,2,0,2,0.000000,True,False
local,ECG_query_PPG_key_value,115,4,-2|-1|1|2,1|1|2|2,2,0,2,0.000000,True,False
local,ECG_query_PPG_key_value,116,4,-2|-1|1|2,1|1|2|2,2,0,2,0.000000,True,False
local,ECG_query_PPG_key_value,117,4,-2|-1|1|2,1|1|2|2,2,0,2,0.000000,True,False
local,ECG_query_PPG_key_value,118,4,-2|-1|1|2,1|1|2|2,2,0,2,0.000000,True,False
local,ECG_query_PPG_key_value,119,4,-2|-1|1|2,1|1|2|2,2,0,2,0.000000,True,False
local,ECG_query_PPG_key_value,120,4,-2|-1|1|2,1|1|2|2,2,0,2,0.000000,True,False
local,ECG_query_PPG_key_value,121,4,-2|-1|1|2,1|1|2|2,2,0,2,0.000000,True,False
local,ECG_query_PPG_key_value,122,4,-2|-1|1|2,1|1|2|2,2,0,2,0.000000,True,False
local,ECG_query_PPG_key_value,123,3,-2|-1|1,1|1|2,2,0,1,-0.666667,True,False
local,ECG_query_PPG_key_value,124,2,-2|-1,1|2,2,0,0,-1.500000,True,False
local,PPG_query_ECG_key_value,0,2,1|2,1|2,0,0,2,1.500000,True,False
local,PPG_query_ECG_key_value,1,3,-1|1|2,1|1|2,1,0,2,0.666667,True,False
local,PPG_query_ECG_key_value,2,4,-2|-1|1|2,1|1|2|2,2,0,2,0.000000,True,False
local,PPG_query_ECG_key_value,3,4,-2|-1|1|2,1|1|2|2,2,0,2,0.000000,True,False
local,PPG_query_ECG_key_value,4,4,-2|-1|1|2,1|1|2|2,2,0,2,0.000000,True,False
local,PPG_query_ECG_key_value,5,4,-2|-1|1|2,1|1|2|2,2,0,2,0.000000,True,False
local,PPG_query_ECG_key_value,6,4,-2|-1|1|2,1|1|2|2,2,0,2,0.000000,True,False
local,PPG_query_ECG_key_value,7,4,-2|-1|1|2,1|1|2|2,2,0,2,0.000000,True,False
local,PPG_query_ECG_key_value,8,4,-2|-1|1|2,1|1|2|2,2,0,2,0.000000,True,False
local,PPG_query_ECG_key_value,9,4,-2|-1|1|2,1|1|2|2,2,0,2,0.000000,True,False
local,PPG_query_ECG_key_value,10,4,-2|-1|1|2,1|1|2|2,2,0,2,0.000000,True,False
local,PPG_query_ECG_key_value,11,4,-2|-1|1|2,1|1|2|2,2,0,2,0.000000,True,False
local,PPG_query_ECG_key_value,12,4,-2|-1|1|2,1|1|2|2,2,0,2,0.000000,True,False
local,PPG_query_ECG_key_value,13,4,-2|-1|1|2,1|1|2|2,2,0,2,0.000000,True,False
local,PPG_query_ECG_key_value,14,4,-2|-1|1|2,1|1|2|2,2,0,2,0.000000,True,False
local,PPG_query_ECG_key_value,15,4,-2|-1|1|2,1|1|2|2,2,0,2,0.000000,True,False
local,PPG_query_ECG_key_value,16,4,-2|-1|1|2,1|1|2|2,2,0,2,0.000000,True,False
local,PPG_query_ECG_key_value,17,4,-2|-1|1|2,1|1|2|2,2,0,2,0.000000,True,False
local,PPG_query_ECG_key_value,18,4,-2|-1|1|2,1|1|2|2,2,0,2,0.000000,True,False
local,PPG_query_ECG_key_value,19,4,-2|-1|1|2,1|1|2|2,2,0,2,0.000000,True,False
local,PPG_query_ECG_key_value,20,4,-2|-1|1|2,1|1|2|2,2,0,2,0.000000,True,False
local,PPG_query_ECG_key_value,21,4,-2|-1|1|2,1|1|2|2,2,0,2,0.000000,True,False
local,PPG_query_ECG_key_value,22,4,-2|-1|1|2,1|1|2|2,2,0,2,0.000000,True,False
local,PPG_query_ECG_key_value,23,4,-2|-1|1|2,1|1|2|2,2,0,2,0.000000,True,False
local,PPG_query_ECG_key_value,24,4,-2|-1|1|2,1|1|2|2,2,0,2,0.000000,True,False
local,PPG_query_ECG_key_value,25,4,-2|-1|1|2,1|1|2|2,2,0,2,0.000000,True,False
local,PPG_query_ECG_key_value,26,4,-2|-1|1|2,1|1|2|2,2,0,2,0.000000,True,False
local,PPG_query_ECG_key_value,27,4,-2|-1|1|2,1|1|2|2,2,0,2,0.000000,True,False
local,PPG_query_ECG_key_value,28,4,-2|-1|1|2,1|1|2|2,2,0,2,0.000000,True,False
local,PPG_query_ECG_key_value,29,4,-2|-1|1|2,1|1|2|2,2,0,2,0.000000,True,False
local,PPG_query_ECG_key_value,30,4,-2|-1|1|2,1|1|2|2,2,0,2,0.000000,True,False
local,PPG_query_ECG_key_value,31,4,-2|-1|1|2,1|1|2|2,2,0,2,0.000000,True,False
local,PPG_query_ECG_key_value,32,4,-2|-1|1|2,1|1|2|2,2,0,2,0.000000,True,False
local,PPG_query_ECG_key_value,33,4,-2|-1|1|2,1|1|2|2,2,0,2,0.000000,True,False
local,PPG_query_ECG_key_value,34,4,-2|-1|1|2,1|1|2|2,2,0,2,0.000000,True,False
local,PPG_query_ECG_key_value,35,4,-2|-1|1|2,1|1|2|2,2,0,2,0.000000,True,False
local,PPG_query_ECG_key_value,36,4,-2|-1|1|2,1|1|2|2,2,0,2,0.000000,True,False
local,PPG_query_ECG_key_value,37,4,-2|-1|1|2,1|1|2|2,2,0,2,0.000000,True,False
local,PPG_query_ECG_key_value,38,4,-2|-1|1|2,1|1|2|2,2,0,2,0.000000,True,False
local,PPG_query_ECG_key_value,39,4,-2|-1|1|2,1|1|2|2,2,0,2,0.000000,True,False
local,PPG_query_ECG_key_value,40,4,-2|-1|1|2,1|1|2|2,2,0,2,0.000000,True,False
local,PPG_query_ECG_key_value,41,4,-2|-1|1|2,1|1|2|2,2,0,2,0.000000,True,False
local,PPG_query_ECG_key_value,42,4,-2|-1|1|2,1|1|2|2,2,0,2,0.000000,True,False
local,PPG_query_ECG_key_value,43,4,-2|-1|1|2,1|1|2|2,2,0,2,0.000000,True,False
local,PPG_query_ECG_key_value,44,4,-2|-1|1|2,1|1|2|2,2,0,2,0.000000,True,False
local,PPG_query_ECG_key_value,45,4,-2|-1|1|2,1|1|2|2,2,0,2,0.000000,True,False
local,PPG_query_ECG_key_value,46,4,-2|-1|1|2,1|1|2|2,2,0,2,0.000000,True,False
local,PPG_query_ECG_key_value,47,4,-2|-1|1|2,1|1|2|2,2,0,2,0.000000,True,False
local,PPG_query_ECG_key_value,48,4,-2|-1|1|2,1|1|2|2,2,0,2,0.000000,True,False
local,PPG_query_ECG_key_value,49,4,-2|-1|1|2,1|1|2|2,2,0,2,0.000000,True,False
local,PPG_query_ECG_key_value,50,4,-2|-1|1|2,1|1|2|2,2,0,2,0.000000,True,False
local,PPG_query_ECG_key_value,51,4,-2|-1|1|2,1|1|2|2,2,0,2,0.000000,True,False
local,PPG_query_ECG_key_value,52,4,-2|-1|1|2,1|1|2|2,2,0,2,0.000000,True,False
local,PPG_query_ECG_key_value,53,4,-2|-1|1|2,1|1|2|2,2,0,2,0.000000,True,False
local,PPG_query_ECG_key_value,54,4,-2|-1|1|2,1|1|2|2,2,0,2,0.000000,True,False
local,PPG_query_ECG_key_value,55,4,-2|-1|1|2,1|1|2|2,2,0,2,0.000000,True,False
local,PPG_query_ECG_key_value,56,4,-2|-1|1|2,1|1|2|2,2,0,2,0.000000,True,False
local,PPG_query_ECG_key_value,57,4,-2|-1|1|2,1|1|2|2,2,0,2,0.000000,True,False
local,PPG_query_ECG_key_value,58,4,-2|-1|1|2,1|1|2|2,2,0,2,0.000000,True,False
local,PPG_query_ECG_key_value,59,4,-2|-1|1|2,1|1|2|2,2,0,2,0.000000,True,False
local,PPG_query_ECG_key_value,60,4,-2|-1|1|2,1|1|2|2,2,0,2,0.000000,True,False
local,PPG_query_ECG_key_value,61,4,-2|-1|1|2,1|1|2|2,2,0,2,0.000000,True,False
local,PPG_query_ECG_key_value,62,4,-2|-1|1|2,1|1|2|2,2,0,2,0.000000,True,False
local,PPG_query_ECG_key_value,63,4,-2|-1|1|2,1|1|2|2,2,0,2,0.000000,True,False
local,PPG_query_ECG_key_value,64,4,-2|-1|1|2,1|1|2|2,2,0,2,0.000000,True,False
local,PPG_query_ECG_key_value,65,4,-2|-1|1|2,1|1|2|2,2,0,2,0.000000,True,False
local,PPG_query_ECG_key_value,66,4,-2|-1|1|2,1|1|2|2,2,0,2,0.000000,True,False
local,PPG_query_ECG_key_value,67,4,-2|-1|1|2,1|1|2|2,2,0,2,0.000000,True,False
local,PPG_query_ECG_key_value,68,4,-2|-1|1|2,1|1|2|2,2,0,2,0.000000,True,False
local,PPG_query_ECG_key_value,69,4,-2|-1|1|2,1|1|2|2,2,0,2,0.000000,True,False
local,PPG_query_ECG_key_value,70,4,-2|-1|1|2,1|1|2|2,2,0,2,0.000000,True,False
local,PPG_query_ECG_key_value,71,4,-2|-1|1|2,1|1|2|2,2,0,2,0.000000,True,False
local,PPG_query_ECG_key_value,72,4,-2|-1|1|2,1|1|2|2,2,0,2,0.000000,True,False
local,PPG_query_ECG_key_value,73,4,-2|-1|1|2,1|1|2|2,2,0,2,0.000000,True,False
local,PPG_query_ECG_key_value,74,4,-2|-1|1|2,1|1|2|2,2,0,2,0.000000,True,False
local,PPG_query_ECG_key_value,75,4,-2|-1|1|2,1|1|2|2,2,0,2,0.000000,True,False
local,PPG_query_ECG_key_value,76,4,-2|-1|1|2,1|1|2|2,2,0,2,0.000000,True,False
local,PPG_query_ECG_key_value,77,4,-2|-1|1|2,1|1|2|2,2,0,2,0.000000,True,False
local,PPG_query_ECG_key_value,78,4,-2|-1|1|2,1|1|2|2,2,0,2,0.000000,True,False
local,PPG_query_ECG_key_value,79,4,-2|-1|1|2,1|1|2|2,2,0,2,0.000000,True,False
local,PPG_query_ECG_key_value,80,4,-2|-1|1|2,1|1|2|2,2,0,2,0.000000,True,False
local,PPG_query_ECG_key_value,81,4,-2|-1|1|2,1|1|2|2,2,0,2,0.000000,True,False
local,PPG_query_ECG_key_value,82,4,-2|-1|1|2,1|1|2|2,2,0,2,0.000000,True,False
local,PPG_query_ECG_key_value,83,4,-2|-1|1|2,1|1|2|2,2,0,2,0.000000,True,False
local,PPG_query_ECG_key_value,84,4,-2|-1|1|2,1|1|2|2,2,0,2,0.000000,True,False
local,PPG_query_ECG_key_value,85,4,-2|-1|1|2,1|1|2|2,2,0,2,0.000000,True,False
local,PPG_query_ECG_key_value,86,4,-2|-1|1|2,1|1|2|2,2,0,2,0.000000,True,False
local,PPG_query_ECG_key_value,87,4,-2|-1|1|2,1|1|2|2,2,0,2,0.000000,True,False
local,PPG_query_ECG_key_value,88,4,-2|-1|1|2,1|1|2|2,2,0,2,0.000000,True,False
local,PPG_query_ECG_key_value,89,4,-2|-1|1|2,1|1|2|2,2,0,2,0.000000,True,False
local,PPG_query_ECG_key_value,90,4,-2|-1|1|2,1|1|2|2,2,0,2,0.000000,True,False
local,PPG_query_ECG_key_value,91,4,-2|-1|1|2,1|1|2|2,2,0,2,0.000000,True,False
local,PPG_query_ECG_key_value,92,4,-2|-1|1|2,1|1|2|2,2,0,2,0.000000,True,False
local,PPG_query_ECG_key_value,93,4,-2|-1|1|2,1|1|2|2,2,0,2,0.000000,True,False
local,PPG_query_ECG_key_value,94,4,-2|-1|1|2,1|1|2|2,2,0,2,0.000000,True,False
local,PPG_query_ECG_key_value,95,4,-2|-1|1|2,1|1|2|2,2,0,2,0.000000,True,False
local,PPG_query_ECG_key_value,96,4,-2|-1|1|2,1|1|2|2,2,0,2,0.000000,True,False
local,PPG_query_ECG_key_value,97,4,-2|-1|1|2,1|1|2|2,2,0,2,0.000000,True,False
local,PPG_query_ECG_key_value,98,4,-2|-1|1|2,1|1|2|2,2,0,2,0.000000,True,False
local,PPG_query_ECG_key_value,99,4,-2|-1|1|2,1|1|2|2,2,0,2,0.000000,True,False
local,PPG_query_ECG_key_value,100,4,-2|-1|1|2,1|1|2|2,2,0,2,0.000000,True,False
local,PPG_query_ECG_key_value,101,4,-2|-1|1|2,1|1|2|2,2,0,2,0.000000,True,False
local,PPG_query_ECG_key_value,102,4,-2|-1|1|2,1|1|2|2,2,0,2,0.000000,True,False
local,PPG_query_ECG_key_value,103,4,-2|-1|1|2,1|1|2|2,2,0,2,0.000000,True,False
local,PPG_query_ECG_key_value,104,4,-2|-1|1|2,1|1|2|2,2,0,2,0.000000,True,False
local,PPG_query_ECG_key_value,105,4,-2|-1|1|2,1|1|2|2,2,0,2,0.000000,True,False
local,PPG_query_ECG_key_value,106,4,-2|-1|1|2,1|1|2|2,2,0,2,0.000000,True,False
local,PPG_query_ECG_key_value,107,4,-2|-1|1|2,1|1|2|2,2,0,2,0.000000,True,False
local,PPG_query_ECG_key_value,108,4,-2|-1|1|2,1|1|2|2,2,0,2,0.000000,True,False
local,PPG_query_ECG_key_value,109,4,-2|-1|1|2,1|1|2|2,2,0,2,0.000000,True,False
local,PPG_query_ECG_key_value,110,4,-2|-1|1|2,1|1|2|2,2,0,2,0.000000,True,False
local,PPG_query_ECG_key_value,111,4,-2|-1|1|2,1|1|2|2,2,0,2,0.000000,True,False
local,PPG_query_ECG_key_value,112,4,-2|-1|1|2,1|1|2|2,2,0,2,0.000000,True,False
local,PPG_query_ECG_key_value,113,4,-2|-1|1|2,1|1|2|2,2,0,2,0.000000,True,False
local,PPG_query_ECG_key_value,114,4,-2|-1|1|2,1|1|2|2,2,0,2,0.000000,True,False
local,PPG_query_ECG_key_value,115,4,-2|-1|1|2,1|1|2|2,2,0,2,0.000000,True,False
local,PPG_query_ECG_key_value,116,4,-2|-1|1|2,1|1|2|2,2,0,2,0.000000,True,False
local,PPG_query_ECG_key_value,117,4,-2|-1|1|2,1|1|2|2,2,0,2,0.000000,True,False
local,PPG_query_ECG_key_value,118,4,-2|-1|1|2,1|1|2|2,2,0,2,0.000000,True,False
local,PPG_query_ECG_key_value,119,4,-2|-1|1|2,1|1|2|2,2,0,2,0.000000,True,False
local,PPG_query_ECG_key_value,120,4,-2|-1|1|2,1|1|2|2,2,0,2,0.000000,True,False
local,PPG_query_ECG_key_value,121,4,-2|-1|1|2,1|1|2|2,2,0,2,0.000000,True,False
local,PPG_query_ECG_key_value,122,4,-2|-1|1|2,1|1|2|2,2,0,2,0.000000,True,False
local,PPG_query_ECG_key_value,123,3,-2|-1|1,1|1|2,2,0,1,-0.666667,True,False
local,PPG_query_ECG_key_value,124,2,-2|-1,1|2,2,0,0,-1.500000,True,False
random,ECG_query_PPG_key_value,0,4,28|38|48|55,28|38|48|55,0,0,4,42.250000,True,False
random,ECG_query_PPG_key_value,1,4,48|53|102|112,48|53|102|112,0,0,4,78.750000,True,False
random,ECG_query_PPG_key_value,2,4,3|15|102|114,3|15|102|114,0,0,4,58.500000,True,False
random,ECG_query_PPG_key_value,3,4,29|37|57|68,29|37|57|68,0,0,4,47.750000,True,False
random,ECG_query_PPG_key_value,4,4,8|65|76|93,8|65|76|93,0,0,4,60.500000,True,False
random,ECG_query_PPG_key_value,5,4,20|50|72|107,20|50|72|107,0,0,4,62.250000,True,False
random,ECG_query_PPG_key_value,6,4,78|82|87|116,78|82|87|116,0,0,4,90.750000,True,False
random,ECG_query_PPG_key_value,7,4,3|28|58|97,3|28|58|97,0,0,4,46.500000,True,False
random,ECG_query_PPG_key_value,8,4,3|11|16|90,3|11|16|90,0,0,4,30.000000,True,False
random,ECG_query_PPG_key_value,9,4,47|77|85|114,47|77|85|114,0,0,4,80.750000,True,False
random,ECG_query_PPG_key_value,10,4,23|47|73|101,23|47|73|101,0,0,4,61.000000,True,False
random,ECG_query_PPG_key_value,11,4,-3|26|59|84,3|26|59|84,1,0,3,41.500000,True,False
random,ECG_query_PPG_key_value,12,4,-6|12|64|107,6|12|64|107,1,0,3,44.250000,True,False
random,ECG_query_PPG_key_value,13,4,53|55|58|108,53|55|58|108,0,0,4,68.500000,True,False
random,ECG_query_PPG_key_value,14,4,10|16|53|93,10|16|53|93,0,0,4,43.000000,True,False
random,ECG_query_PPG_key_value,15,4,50|68|75|90,50|68|75|90,0,0,4,70.750000,True,False
random,ECG_query_PPG_key_value,16,4,-6|6|81|98,6|6|81|98,1,0,3,44.750000,True,False
random,ECG_query_PPG_key_value,17,4,-5|-1|35|95,1|5|35|95,2,0,2,31.000000,True,False
random,ECG_query_PPG_key_value,18,4,5|28|69|86,5|28|69|86,0,0,4,47.000000,True,False
random,ECG_query_PPG_key_value,19,4,-11|34|84|94,11|34|84|94,1,0,3,50.250000,True,False
random,ECG_query_PPG_key_value,20,4,-14|21|30|43,14|21|30|43,1,0,3,20.000000,True,False
random,ECG_query_PPG_key_value,21,4,-8|21|22|44,8|21|22|44,1,0,3,19.750000,True,False
random,ECG_query_PPG_key_value,22,4,51|70|96|98,51|70|96|98,0,0,4,78.750000,True,False
random,ECG_query_PPG_key_value,23,4,-15|17|62|79,15|17|62|79,1,0,3,35.750000,True,False
random,ECG_query_PPG_key_value,24,4,8|18|44|84,8|18|44|84,0,0,4,38.500000,True,False
random,ECG_query_PPG_key_value,25,4,-4|59|61|97,4|59|61|97,1,0,3,53.250000,True,False
random,ECG_query_PPG_key_value,26,4,30|43|51|98,30|43|51|98,0,0,4,55.500000,True,False
random,ECG_query_PPG_key_value,27,4,4|51|73|83,4|51|73|83,0,0,4,52.750000,True,False
random,ECG_query_PPG_key_value,28,4,18|36|45|85,18|36|45|85,0,0,4,46.000000,True,False
random,ECG_query_PPG_key_value,29,4,-16|-13|72|89,13|16|72|89,2,0,2,33.000000,True,False
random,ECG_query_PPG_key_value,30,4,-15|-3|0|18,0|3|15|18,2,1,1,0.000000,True,False
random,ECG_query_PPG_key_value,31,4,30|31|75|77,30|31|75|77,0,0,4,53.250000,True,False
random,ECG_query_PPG_key_value,32,4,-1|42|47|48,1|42|47|48,1,0,3,34.000000,True,False
random,ECG_query_PPG_key_value,33,4,33|45|78|79,33|45|78|79,0,0,4,58.750000,True,False
random,ECG_query_PPG_key_value,34,4,-2|13|28|72,2|13|28|72,1,0,3,27.750000,True,False
random,ECG_query_PPG_key_value,35,4,10|17|42|61,10|17|42|61,0,0,4,32.500000,True,False
random,ECG_query_PPG_key_value,36,4,1|66|84|87,1|66|84|87,0,0,4,59.500000,True,False
random,ECG_query_PPG_key_value,37,4,-9|-4|1|72,1|4|9|72,2,0,2,15.000000,True,False
random,ECG_query_PPG_key_value,38,4,-24|-21|24|73,21|24|24|73,2,0,2,13.000000,True,False
random,ECG_query_PPG_key_value,39,4,-34|-18|43|61,18|34|43|61,2,0,2,13.000000,True,False
random,ECG_query_PPG_key_value,40,4,-22|17|29|35,17|22|29|35,1,0,3,14.750000,True,False
random,ECG_query_PPG_key_value,41,4,-18|-4|60|74,4|18|60|74,2,0,2,28.000000,True,False
random,ECG_query_PPG_key_value,42,4,-25|24|25|43,24|25|25|43,1,0,3,16.750000,True,False
random,ECG_query_PPG_key_value,43,4,11|48|73|81,11|48|73|81,0,0,4,53.250000,True,False
random,ECG_query_PPG_key_value,44,4,-10|6|19|23,6|10|19|23,1,0,3,9.500000,True,False
random,ECG_query_PPG_key_value,45,4,9|16|24|72,9|16|24|72,0,0,4,30.250000,True,False
random,ECG_query_PPG_key_value,46,4,12|14|41|74,12|14|41|74,0,0,4,35.250000,True,False
random,ECG_query_PPG_key_value,47,4,-40|-38|31|42,31|38|40|42,2,0,2,-1.250000,True,False
random,ECG_query_PPG_key_value,48,4,-37|-1|51|61,1|37|51|61,2,0,2,18.500000,True,False
random,ECG_query_PPG_key_value,49,4,-40|-10|0|1,0|1|10|40,2,1,1,-12.250000,True,False
random,ECG_query_PPG_key_value,50,4,-16|21|32|40,16|21|32|40,1,0,3,19.250000,True,False
random,ECG_query_PPG_key_value,51,4,-47|31|47|49,31|47|47|49,1,0,3,20.000000,True,False
random,ECG_query_PPG_key_value,52,4,-44|-24|12|23,12|23|24|44,2,0,2,-8.250000,True,False
random,ECG_query_PPG_key_value,53,4,-38|-22|20|34,20|22|34|38,2,0,2,-1.500000,True,False
random,ECG_query_PPG_key_value,54,4,-9|14|26|54,9|14|26|54,1,0,3,21.250000,True,False
random,ECG_query_PPG_key_value,55,4,-16|-11|-4|24,4|11|16|24,3,0,1,-1.750000,True,False
random,ECG_query_PPG_key_value,56,4,-47|-35|37|61,35|37|47|61,2,0,2,4.000000,True,False
random,ECG_query_PPG_key_value,57,4,-21|-11|-4|32,4|11|21|32,3,0,1,-1.000000,True,False
random,ECG_query_PPG_key_value,58,4,-28|3|14|64,3|14|28|64,1,0,3,13.250000,True,False
random,ECG_query_PPG_key_value,59,4,-5|25|35|48,5|25|35|48,1,0,3,25.750000,True,False
random,ECG_query_PPG_key_value,60,4,-34|-13|27|50,13|27|34|50,2,0,2,7.500000,True,False
random,ECG_query_PPG_key_value,61,4,-42|7|42|57,7|42|42|57,1,0,3,16.000000,True,False
random,ECG_query_PPG_key_value,62,4,-42|-40|-29|52,29|40|42|52,3,0,1,-14.750000,True,False
random,ECG_query_PPG_key_value,63,4,-54|-12|12|22,12|12|22|54,2,0,2,-8.000000,True,False
random,ECG_query_PPG_key_value,64,4,-48|-21|-15|-9,9|15|21|48,4,0,0,-23.250000,True,False
random,ECG_query_PPG_key_value,65,4,-40|-31|30|44,30|31|40|44,2,0,2,0.750000,True,False
random,ECG_query_PPG_key_value,66,4,-30|-9|30|58,9|30|30|58,2,0,2,12.250000,True,False
random,ECG_query_PPG_key_value,67,4,-51|-49|-41|54,41|49|51|54,3,0,1,-21.750000,True,False
random,ECG_query_PPG_key_value,68,4,-56|-50|-31|-23,23|31|50|56,4,0,0,-40.000000,True,False
random,ECG_query_PPG_key_value,69,4,-35|-11|22|30,11|22|30|35,2,0,2,1.500000,True,False
random,ECG_query_PPG_key_value,70,4,-37|-11|25|46,11|25|37|46,2,0,2,5.750000,True,False
random,ECG_query_PPG_key_value,71,4,-68|-12|36|39,12|36|39|68,2,0,2,-1.250000,True,False
random,ECG_query_PPG_key_value,72,4,-33|0|24|33,0|24|33|33,1,1,2,6.000000,True,False
random,ECG_query_PPG_key_value,73,4,-37|-33|-26|34,26|33|34|37,3,0,1,-15.500000,True,False
random,ECG_query_PPG_key_value,74,4,-54|-53|0|10,0|10|53|54,2,1,1,-24.250000,True,False
random,ECG_query_PPG_key_value,75,4,-16|-1|22|46,1|16|22|46,2,0,2,12.750000,True,False
random,ECG_query_PPG_key_value,76,4,-65|-17|-13|-6,6|13|17|65,4,0,0,-25.250000,True,False
random,ECG_query_PPG_key_value,77,4,-33|-11|9|21,9|11|21|33,2,0,2,-3.500000,True,False
random,ECG_query_PPG_key_value,78,4,-68|-48|-5|-4,4|5|48|68,4,0,0,-31.250000,True,False
random,ECG_query_PPG_key_value,79,4,-74|-72|2|41,2|41|72|74,2,0,2,-25.750000,True,False
random,ECG_query_PPG_key_value,80,4,-58|-5|14|39,5|14|39|58,2,0,2,-2.500000,True,False
random,ECG_query_PPG_key_value,81,4,-37|11|18|42,11|18|37|42,1,0,3,8.500000,True,False
random,ECG_query_PPG_key_value,82,4,-31|-30|-20|19,19|20|30|31,3,0,1,-15.500000,True,False
random,ECG_query_PPG_key_value,83,4,-45|-37|23|26,23|26|37|45,2,0,2,-8.250000,True,False
random,ECG_query_PPG_key_value,84,4,-80|-43|-12|4,4|12|43|80,3,0,1,-32.750000,True,False
random,ECG_query_PPG_key_value,85,4,-68|3|7|20,3|7|20|68,1,0,3,-9.500000,True,False
random,ECG_query_PPG_key_value,86,4,-7|-4|-3|35,3|4|7|35,3,0,1,5.250000,True,False
random,ECG_query_PPG_key_value,87,4,-63|-22|-9|12,9|12|22|63,3,0,1,-20.500000,True,False
random,ECG_query_PPG_key_value,88,4,-63|-50|0|9,0|9|50|63,2,1,1,-26.000000,True,False
random,ECG_query_PPG_key_value,89,4,-60|-47|33|35,33|35|47|60,2,0,2,-9.750000,True,False
random,ECG_query_PPG_key_value,90,4,-83|-40|6|11,6|11|40|83,2,0,2,-26.500000,True,False
random,ECG_query_PPG_key_value,91,4,-77|-43|-35|9,9|35|43|77,3,0,1,-36.500000,True,False
random,ECG_query_PPG_key_value,92,4,-82|-52|-49|-11,11|49|52|82,4,0,0,-48.500000,True,False
random,ECG_query_PPG_key_value,93,4,-87|-66|-36|1,1|36|66|87,3,0,1,-47.000000,True,False
random,ECG_query_PPG_key_value,94,4,-71|-42|-14|23,14|23|42|71,3,0,1,-26.000000,True,False
random,ECG_query_PPG_key_value,95,4,-60|-31|17|20,17|20|31|60,2,0,2,-13.500000,True,False
random,ECG_query_PPG_key_value,96,4,-77|-71|-6|-5,5|6|71|77,4,0,0,-39.750000,True,False
random,ECG_query_PPG_key_value,97,4,-91|-84|-4|16,4|16|84|91,3,0,1,-40.750000,True,False
random,ECG_query_PPG_key_value,98,4,-83|-78|-72|-7,7|72|78|83,4,0,0,-60.000000,True,False
random,ECG_query_PPG_key_value,99,4,-79|-72|-71|-22,22|71|72|79,4,0,0,-61.000000,True,False
random,ECG_query_PPG_key_value,100,4,-71|-36|-33|-30,30|33|36|71,4,0,0,-42.500000,True,False
random,ECG_query_PPG_key_value,101,4,-45|-43|-25|-20,20|25|43|45,4,0,0,-33.250000,True,False
random,ECG_query_PPG_key_value,102,4,-80|-70|-42|-12,12|42|70|80,4,0,0,-51.000000,True,False
random,ECG_query_PPG_key_value,103,4,-85|-14|-11|11,11|11|14|85,3,0,1,-24.750000,True,False
random,ECG_query_PPG_key_value,104,4,-85|-23|-18|-11,11|18|23|85,4,0,0,-34.250000,True,False
random,ECG_query_PPG_key_value,105,4,-70|-50|-44|-10,10|44|50|70,4,0,0,-43.500000,True,False
random,ECG_query_PPG_key_value,106,4,-95|-91|-17|2,2|17|91|95,3,0,1,-50.250000,True,False
random,ECG_query_PPG_key_value,107,4,-62|-4|-1|16,1|4|16|62,3,0,1,-12.750000,True,False
random,ECG_query_PPG_key_value,108,4,-79|-73|-23|10,10|23|73|79,3,0,1,-41.250000,True,False
random,ECG_query_PPG_key_value,109,4,-95|-60|-7|-4,4|7|60|95,4,0,0,-41.500000,True,False
random,ECG_query_PPG_key_value,110,4,-103|-59|-34|-8,8|34|59|103,4,0,0,-51.000000,True,False
random,ECG_query_PPG_key_value,111,4,-88|-13|-7|0,0|7|13|88,3,1,0,-27.000000,True,False
random,ECG_query_PPG_key_value,112,4,-99|-98|-29|4,4|29|98|99,3,0,1,-55.500000,True,False
random,ECG_query_PPG_key_value,113,4,-101|-74|-42|-3,3|42|74|101,4,0,0,-55.000000,True,False
random,ECG_query_PPG_key_value,114,4,-73|-72|-61|-42,42|61|72|73,4,0,0,-62.000000,True,False
random,ECG_query_PPG_key_value,115,4,-86|-57|-55|0,0|55|57|86,3,1,0,-49.500000,True,False
random,ECG_query_PPG_key_value,116,4,-68|-37|-2|3,2|3|37|68,3,0,1,-26.000000,True,False
random,ECG_query_PPG_key_value,117,4,-76|-74|-41|2,2|41|74|76,3,0,1,-47.250000,True,False
random,ECG_query_PPG_key_value,118,4,-92|-82|-48|-1,1|48|82|92,4,0,0,-55.750000,True,False
random,ECG_query_PPG_key_value,119,3,-88|-66|-56,56|66|88,3,0,0,-70.000000,True,False
random,ECG_query_PPG_key_value,120,2,-76|-5,5|76,2,0,0,-40.500000,True,False
random,ECG_query_PPG_key_value,121,1,-94,94,1,0,0,-94.000000,True,False
random,ECG_query_PPG_key_value,122,0,,,0,0,0,,True,False
random,ECG_query_PPG_key_value,123,0,,,0,0,0,,True,False
random,ECG_query_PPG_key_value,124,0,,,0,0,0,,True,False
random,PPG_query_ECG_key_value,0,0,,,0,0,0,,True,False
random,PPG_query_ECG_key_value,1,0,,,0,0,0,,True,False
random,PPG_query_ECG_key_value,2,0,,,0,0,0,,True,False
random,PPG_query_ECG_key_value,3,1,68,68,0,0,1,68.000000,True,False
random,PPG_query_ECG_key_value,4,2,47|80,47|80,0,0,2,63.500000,True,False
random,PPG_query_ECG_key_value,5,3,-3|34|74,3|34|74,1,0,2,35.000000,True,False
random,PPG_query_ECG_key_value,6,4,6|14|87|91,6|14|87|91,0,0,4,49.500000,True,False
random,PPG_query_ECG_key_value,7,4,40|72|83|103,40|72|83|103,0,0,4,74.500000,True,False
random,PPG_query_ECG_key_value,8,4,3|11|15|44,3|11|15|44,0,0,4,18.250000,True,False
random,PPG_query_ECG_key_value,9,4,38|40|47|54,38|40|47|54,0,0,4,44.750000,True,False
random,PPG_query_ECG_key_value,10,4,-3|6|68|82,3|6|68|82,1,0,3,38.250000,True,False
random,PPG_query_ECG_key_value,11,4,-3|37|65|95,3|37|65|95,1,0,3,48.500000,True,False
random,PPG_query_ECG_key_value,12,4,-8|5|56|101,5|8|56|101,1,0,3,38.500000,True,False
random,PPG_query_ECG_key_value,13,4,8|16|84|99,8|16|84|99,0,0,4,51.750000,True,False
random,PPG_query_ECG_key_value,14,4,24|77|95|98,24|77|95|98,0,0,4,73.500000,True,False
random,PPG_query_ECG_key_value,15,4,15|38|83|91,15|38|83|91,0,0,4,56.750000,True,False
random,PPG_query_ECG_key_value,16,4,1|13|48|51,1|13|48|51,0,0,4,28.250000,True,False
random,PPG_query_ECG_key_value,17,4,-15|21|25|68,15|21|25|68,1,0,3,24.750000,True,False
random,PPG_query_ECG_key_value,18,4,22|49|50|85,22|49|50|85,0,0,4,51.500000,True,False
random,PPG_query_ECG_key_value,19,4,-11|42|77|85,11|42|77|85,1,0,3,48.250000,True,False
random,PPG_query_ECG_key_value,20,4,42|54|78|79,42|54|78|79,0,0,4,63.250000,True,False
random,PPG_query_ECG_key_value,21,4,4|18|35|53,4|18|35|53,0,0,4,27.500000,True,False
random,PPG_query_ECG_key_value,22,4,-6|40|58|80,6|40|58|80,1,0,3,43.000000,True,False
random,PPG_query_ECG_key_value,23,4,-5|18|71|88,5|18|71|88,1,0,3,43.000000,True,False
random,PPG_query_ECG_key_value,24,4,-16|-12|-10|63,10|12|16|63,3,0,1,6.250000,True,False
random,PPG_query_ECG_key_value,25,4,-20|40|63|71,20|40|63|71,1,0,3,38.500000,True,False
random,PPG_query_ECG_key_value,26,4,34|41|72|92,34|41|72|92,0,0,4,59.750000,True,False
random,PPG_query_ECG_key_value,27,4,3|66|72|94,3|66|72|94,0,0,4,58.750000,True,False
random,PPG_query_ECG_key_value,28,4,-28|9|24|71,9|24|28|71,1,0,3,19.000000,True,False
random,PPG_query_ECG_key_value,29,4,60|71|79|86,60|71|79|86,0,0,4,74.000000,True,False
random,PPG_query_ECG_key_value,30,4,-16|0|28|48,0|16|28|48,1,1,2,15.000000,True,False
random,PPG_query_ECG_key_value,31,4,-4|1|22|88,1|4|22|88,1,0,3,26.750000,True,False
random,PPG_query_ECG_key_value,32,4,-29|-8|2|70,2|8|29|70,2,0,2,8.750000,True,False
random,PPG_query_ECG_key_value,33,4,-23|4|29|37,4|23|29|37,1,0,3,11.750000,True,False
random,PPG_query_ECG_key_value,34,4,10|16|31|35,10|16|31|35,0,0,4,23.000000,True,False
random,PPG_query_ECG_key_value,35,4,-28|60|70|73,28|60|70|73,1,0,3,43.750000,True,False
random,PPG_query_ECG_key_value,36,4,21|30|37|82,21|30|37|82,0,0,4,42.500000,True,False
random,PPG_query_ECG_key_value,37,4,-26|-1|4|31,1|4|26|31,2,0,2,2.000000,True,False
random,PPG_query_ECG_key_value,38,4,-38|-1|45|50,1|38|45|50,2,0,2,14.000000,True,False
random,PPG_query_ECG_key_value,39,4,10|16|33|74,10|16|33|74,0,0,4,33.250000,True,False
random,PPG_query_ECG_key_value,40,4,-37|-17|33|52,17|33|37|52,2,0,2,7.750000,True,False
random,PPG_query_ECG_key_value,41,4,-21|43|73|76,21|43|73|76,1,0,3,42.750000,True,False
random,PPG_query_ECG_key_value,42,4,-21|-18|47|72,18|21|47|72,2,0,2,20.000000,True,False
random,PPG_query_ECG_key_value,43,4,-22|21|49|74,21|22|49|74,1,0,3,30.500000,True,False
random,PPG_query_ECG_key_value,44,4,11|33|37|76,11|33|37|76,0,0,4,39.250000,True,False
random,PPG_query_ECG_key_value,45,4,-10|9|23|62,9|10|23|62,1,0,3,21.000000,True,False
random,PPG_query_ECG_key_value,46,4,-28|-18|11|37,11|18|28|37,2,0,2,0.500000,True,False
random,PPG_query_ECG_key_value,47,4,-13|1|13|26,1|13|13|26,1,0,3,6.750000,True,False
random,PPG_query_ECG_key_value,48,4,-48|-18|43|68,18|43|48|68,2,0,2,11.250000,True,False
random,PPG_query_ECG_key_value,49,4,-48|0|15|60,0|15|48|60,1,1,2,6.750000,True,False
random,PPG_query_ECG_key_value,50,4,-30|-6|-1|40,1|6|30|40,3,0,1,0.750000,True,False
random,PPG_query_ECG_key_value,51,4,4|12|31|59,4|12|31|59,0,0,4,26.500000,True,False
random,PPG_query_ECG_key_value,52,4,-35|-17|30|42,17|30|35|42,2,0,2,5.000000,True,False
random,PPG_query_ECG_key_value,53,4,-34|4|61|66,4|34|61|66,1,0,3,24.250000,True,False
random,PPG_query_ECG_key_value,54,4,-53|-11|-9|5,5|9|11|53,3,0,1,-17.000000,True,False
random,PPG_query_ECG_key_value,55,4,-55|-50|9|50,9|50|50|55,2,0,2,-11.500000,True,False
random,PPG_query_ECG_key_value,56,4,-47|-30|35|45,30|35|45|47,2,0,2,0.750000,True,False
random,PPG_query_ECG_key_value,57,4,-47|-17|9|36,9|17|36|47,2,0,2,-4.750000,True,False
random,PPG_query_ECG_key_value,58,4,-12|11|43|57,11|12|43|57,1,0,3,24.750000,True,False
random,PPG_query_ECG_key_value,59,4,11|12|16|17,11|12|16|17,0,0,4,14.000000,True,False
random,PPG_query_ECG_key_value,60,4,-57|-14|42|55,14|42|55|57,2,0,2,6.500000,True,False
random,PPG_query_ECG_key_value,61,4,-30|-16|-3|44,3|16|30|44,3,0,1,-1.250000,True,False
random,PPG_query_ECG_key_value,62,4,-31|-28|-24|20,20|24|28|31,3,0,1,-15.750000,True,False
random,PPG_query_ECG_key_value,63,4,-43|-19|13|56,13|19|43|56,2,0,2,1.750000,True,False
random,PPG_query_ECG_key_value,64,4,-36|-12|31|36,12|31|36|36,2,0,2,4.750000,True,False
random,PPG_query_ECG_key_value,65,4,-58|-50|-44|22,22|44|50|58,3,0,1,-32.500000,True,False
random,PPG_query_ECG_key_value,66,4,-53|-33|-24|11,11|24|33|53,3,0,1,-24.750000,True,False
random,PPG_query_ECG_key_value,67,4,-53|-25|-23|33,23|25|33|53,3,0,1,-17.000000,True,False
random,PPG_query_ECG_key_value,68,4,-55|-44|-14|-7,7|14|44|55,4,0,0,-30.000000,True,False
random,PPG_query_ECG_key_value,69,4,-65|-43|-29|-24,24|29|43|65,4,0,0,-40.250000,True,False
random,PPG_query_ECG_key_value,70,4,-59|6|30|48,6|30|48|59,1,0,3,6.250000,True,False
random,PPG_query_ECG_key_value,71,4,-68|-58|-21|42,21|42|58|68,3,0,1,-26.250000,True,False
random,PPG_query_ECG_key_value,72,4,-14|0|12|42,0|12|14|42,1,1,2,10.000000,True,False
random,PPG_query_ECG_key_value,73,4,-51|-45|-20|5,5|20|45|51,3,0,1,-27.750000,True,False
random,PPG_query_ECG_key_value,74,4,-42|0|1|4,0|1|4|42,1,1,2,-9.250000,True,False
random,PPG_query_ECG_key_value,75,4,-35|-23|-12|5,5|12|23|35,3,0,1,-16.250000,True,False
random,PPG_query_ECG_key_value,76,4,-64|25|34|41,25|34|41|64,1,0,3,9.000000,True,False
random,PPG_query_ECG_key_value,77,4,-72|-51|-42|22,22|42|51|72,3,0,1,-35.750000,True,False
random,PPG_query_ECG_key_value,78,4,-51|-45|-31|9,9|31|45|51,3,0,1,-29.500000,True,False
random,PPG_query_ECG_key_value,79,4,-47|-24|7|37,7|24|37|47,2,0,2,-6.750000,True,False
random,PPG_query_ECG_key_value,80,4,-76|-48|-26|14,14|26|48|76,3,0,1,-34.000000,True,False
random,PPG_query_ECG_key_value,81,4,-2|11|20|23,2|11|20|23,1,0,3,13.000000,True,False
random,PPG_query_ECG_key_value,82,4,-43|-32|-31|4,4|31|32|43,3,0,1,-25.500000,True,False
random,PPG_query_ECG_key_value,83,4,-73|-68|3|29,3|29|68|73,2,0,2,-27.250000,True,False
random,PPG_query_ECG_key_value,84,4,-78|-59|-25|-10,10|25|59|78,4,0,0,-43.000000,True,False
random,PPG_query_ECG_key_value,85,4,-62|-43|-22|23,22|23|43|62,3,0,1,-26.000000,True,False
random,PPG_query_ECG_key_value,86,4,-77|-61|-9|18,9|18|61|77,3,0,1,-32.250000,True,False
random,PPG_query_ECG_key_value,87,4,-69|-41|-34|-27,27|34|41|69,4,0,0,-42.750000,True,False
random,PPG_query_ECG_key_value,88,4,-82|-4|-3|0,0|3|4|82,3,1,0,-22.250000,True,False
random,PPG_query_ECG_key_value,89,4,-42|-32|14|17,14|17|32|42,2,0,2,-10.750000,True,False
random,PPG_query_ECG_key_value,90,4,-75|-40|6|12,6|12|40|75,2,0,2,-24.250000,True,False
random,PPG_query_ECG_key_value,91,4,-48|-22|5|7,5|7|22|48,2,0,2,-14.500000,True,False
random,PPG_query_ECG_key_value,92,4,-70|-11|-7|11,7|11|11|70,3,0,1,-19.250000,True,False
random,PPG_query_ECG_key_value,93,4,-87|-37|4|11,4|11|37|87,2,0,2,-27.250000,True,False
random,PPG_query_ECG_key_value,94,4,-85|-35|-14|-1,1|14|35|85,4,0,0,-33.750000,True,False
random,PPG_query_ECG_key_value,95,4,-84|-30|-25|10,10|25|30|84,3,0,1,-32.250000,True,False
random,PPG_query_ECG_key_value,96,4,-61|-30|-24|-6,6|24|30|61,4,0,0,-30.250000,True,False
random,PPG_query_ECG_key_value,97,4,-93|-81|-22|-9,9|22|81|93,4,0,0,-51.250000,True,False
random,PPG_query_ECG_key_value,98,4,-90|-47|-21|13,13|21|47|90,3,0,1,-36.250000,True,False
random,PPG_query_ECG_key_value,99,4,-51|-30|-18|-12,12|18|30|51,4,0,0,-27.750000,True,False
random,PPG_query_ECG_key_value,100,4,-73|-61|-49|-9,9|49|61|73,4,0,0,-48.000000,True,False
random,PPG_query_ECG_key_value,101,4,-72|-60|-19|-11,11|19|60|72,4,0,0,-40.500000,True,False
random,PPG_query_ECG_key_value,102,4,-79|-66|7|8,7|8|66|79,2,0,2,-32.500000,True,False
random,PPG_query_ECG_key_value,103,4,-102|-84|-42|4,4|42|84|102,3,0,1,-56.000000,True,False
random,PPG_query_ECG_key_value,104,4,-102|-97|-86|7,7|86|97|102,3,0,1,-69.500000,True,False
random,PPG_query_ECG_key_value,105,4,-90|-33|-20|4,4|20|33|90,3,0,1,-34.750000,True,False
random,PPG_query_ECG_key_value,106,4,-75|-72|-23|1,1|23|72|75,3,0,1,-42.250000,True,False
random,PPG_query_ECG_key_value,107,4,-93|-48|-36|-34,34|36|48|93,4,0,0,-52.750000,True,False
random,PPG_query_ECG_key_value,108,4,-84|-77|-54|-2,2|54|77|84,4,0,0,-54.250000,True,False
random,PPG_query_ECG_key_value,109,4,-72|-61|-44|-26,26|44|61|72,4,0,0,-50.750000,True,False
random,PPG_query_ECG_key_value,110,4,-83|-50|-39|3,3|39|50|83,3,0,1,-42.250000,True,False
random,PPG_query_ECG_key_value,111,4,-101|-78|-73|0,0|73|78|101,3,1,0,-63.000000,True,False
random,PPG_query_ECG_key_value,112,4,-107|-95|-79|-17,17|79|95|107,4,0,0,-74.500000,True,False
random,PPG_query_ECG_key_value,113,4,-112|-94|-85|-16,16|85|94|112,4,0,0,-76.750000,True,False
random,PPG_query_ECG_key_value,114,4,-98|-52|-11|2,2|11|52|98,3,0,1,-39.750000,True,False
random,PPG_query_ECG_key_value,115,4,-74|-20|0|5,0|5|20|74,2,1,1,-22.250000,True,False
random,PPG_query_ECG_key_value,116,4,-114|-73|-46|-4,4|46|73|114,4,0,0,-59.250000,True,False
random,PPG_query_ECG_key_value,117,4,-72|-61|-23|1,1|23|61|72,3,0,1,-38.750000,True,False
random,PPG_query_ECG_key_value,118,4,-96|-89|-57|-10,10|57|89|96,4,0,0,-63.000000,True,False
random,PPG_query_ECG_key_value,119,4,-107|-39|-3|-2,2|3|39|107,4,0,0,-37.750000,True,False
random,PPG_query_ECG_key_value,120,4,-98|-84|-74|-41,41|74|84|98,4,0,0,-74.250000,True,False
random,PPG_query_ECG_key_value,121,4,-108|-54|-46|-35,35|46|54|108,4,0,0,-60.750000,True,False
random,PPG_query_ECG_key_value,122,4,-116|-97|-64|-33,33|64|97|116,4,0,0,-77.500000,True,False
random,PPG_query_ECG_key_value,123,4,-114|-87|-42|-16,16|42|87|114,4,0,0,-64.750000,True,False
random,PPG_query_ECG_key_value,124,4,-98|-81|-58|-35,35|58|81|98,4,0,0,-68.000000,True,False
mirror,ECG_query_PPG_key_value,0,0,,,0,0,0,,True,False
mirror,ECG_query_PPG_key_value,1,0,,,0,0,0,,True,False
mirror,ECG_query_PPG_key_value,2,0,,,0,0,0,,True,False
mirror,ECG_query_PPG_key_value,3,1,-3,3,1,0,0,-3.000000,True,False
mirror,ECG_query_PPG_key_value,4,2,-4|-3,3|4,2,0,0,-3.500000,True,False
mirror,ECG_query_PPG_key_value,5,3,-5|-4|-3,3|4|5,3,0,0,-4.000000,True,False
mirror,ECG_query_PPG_key_value,6,4,-6|-5|-4|-3,3|4|5|6,4,0,0,-4.500000,True,True
mirror,ECG_query_PPG_key_value,7,4,-6|-5|-4|-3,3|4|5|6,4,0,0,-4.500000,True,True
mirror,ECG_query_PPG_key_value,8,4,-6|-5|-4|-3,3|4|5|6,4,0,0,-4.500000,True,True
mirror,ECG_query_PPG_key_value,9,4,-6|-5|-4|-3,3|4|5|6,4,0,0,-4.500000,True,True
mirror,ECG_query_PPG_key_value,10,4,-6|-5|-4|-3,3|4|5|6,4,0,0,-4.500000,True,True
mirror,ECG_query_PPG_key_value,11,4,-6|-5|-4|-3,3|4|5|6,4,0,0,-4.500000,True,True
mirror,ECG_query_PPG_key_value,12,4,-6|-5|-4|-3,3|4|5|6,4,0,0,-4.500000,True,True
mirror,ECG_query_PPG_key_value,13,4,-6|-5|-4|-3,3|4|5|6,4,0,0,-4.500000,True,True
mirror,ECG_query_PPG_key_value,14,4,-6|-5|-4|-3,3|4|5|6,4,0,0,-4.500000,True,True
mirror,ECG_query_PPG_key_value,15,4,-6|-5|-4|-3,3|4|5|6,4,0,0,-4.500000,True,True
mirror,ECG_query_PPG_key_value,16,4,-6|-5|-4|-3,3|4|5|6,4,0,0,-4.500000,True,True
mirror,ECG_query_PPG_key_value,17,4,-6|-5|-4|-3,3|4|5|6,4,0,0,-4.500000,True,True
mirror,ECG_query_PPG_key_value,18,4,-6|-5|-4|-3,3|4|5|6,4,0,0,-4.500000,True,True
mirror,ECG_query_PPG_key_value,19,4,-6|-5|-4|-3,3|4|5|6,4,0,0,-4.500000,True,True
mirror,ECG_query_PPG_key_value,20,4,-6|-5|-4|-3,3|4|5|6,4,0,0,-4.500000,True,True
mirror,ECG_query_PPG_key_value,21,4,-6|-5|-4|-3,3|4|5|6,4,0,0,-4.500000,True,True
mirror,ECG_query_PPG_key_value,22,4,-6|-5|-4|-3,3|4|5|6,4,0,0,-4.500000,True,True
mirror,ECG_query_PPG_key_value,23,4,-6|-5|-4|-3,3|4|5|6,4,0,0,-4.500000,True,True
mirror,ECG_query_PPG_key_value,24,4,-6|-5|-4|-3,3|4|5|6,4,0,0,-4.500000,True,True
mirror,ECG_query_PPG_key_value,25,4,-6|-5|-4|-3,3|4|5|6,4,0,0,-4.500000,True,True
mirror,ECG_query_PPG_key_value,26,4,-6|-5|-4|-3,3|4|5|6,4,0,0,-4.500000,True,True
mirror,ECG_query_PPG_key_value,27,4,-6|-5|-4|-3,3|4|5|6,4,0,0,-4.500000,True,True
mirror,ECG_query_PPG_key_value,28,4,-6|-5|-4|-3,3|4|5|6,4,0,0,-4.500000,True,True
mirror,ECG_query_PPG_key_value,29,4,-6|-5|-4|-3,3|4|5|6,4,0,0,-4.500000,True,True
mirror,ECG_query_PPG_key_value,30,4,-6|-5|-4|-3,3|4|5|6,4,0,0,-4.500000,True,True
mirror,ECG_query_PPG_key_value,31,4,-6|-5|-4|-3,3|4|5|6,4,0,0,-4.500000,True,True
mirror,ECG_query_PPG_key_value,32,4,-6|-5|-4|-3,3|4|5|6,4,0,0,-4.500000,True,True
mirror,ECG_query_PPG_key_value,33,4,-6|-5|-4|-3,3|4|5|6,4,0,0,-4.500000,True,True
mirror,ECG_query_PPG_key_value,34,4,-6|-5|-4|-3,3|4|5|6,4,0,0,-4.500000,True,True
mirror,ECG_query_PPG_key_value,35,4,-6|-5|-4|-3,3|4|5|6,4,0,0,-4.500000,True,True
mirror,ECG_query_PPG_key_value,36,4,-6|-5|-4|-3,3|4|5|6,4,0,0,-4.500000,True,True
mirror,ECG_query_PPG_key_value,37,4,-6|-5|-4|-3,3|4|5|6,4,0,0,-4.500000,True,True
mirror,ECG_query_PPG_key_value,38,4,-6|-5|-4|-3,3|4|5|6,4,0,0,-4.500000,True,True
mirror,ECG_query_PPG_key_value,39,4,-6|-5|-4|-3,3|4|5|6,4,0,0,-4.500000,True,True
mirror,ECG_query_PPG_key_value,40,4,-6|-5|-4|-3,3|4|5|6,4,0,0,-4.500000,True,True
mirror,ECG_query_PPG_key_value,41,4,-6|-5|-4|-3,3|4|5|6,4,0,0,-4.500000,True,True
mirror,ECG_query_PPG_key_value,42,4,-6|-5|-4|-3,3|4|5|6,4,0,0,-4.500000,True,True
mirror,ECG_query_PPG_key_value,43,4,-6|-5|-4|-3,3|4|5|6,4,0,0,-4.500000,True,True
mirror,ECG_query_PPG_key_value,44,4,-6|-5|-4|-3,3|4|5|6,4,0,0,-4.500000,True,True
mirror,ECG_query_PPG_key_value,45,4,-6|-5|-4|-3,3|4|5|6,4,0,0,-4.500000,True,True
mirror,ECG_query_PPG_key_value,46,4,-6|-5|-4|-3,3|4|5|6,4,0,0,-4.500000,True,True
mirror,ECG_query_PPG_key_value,47,4,-6|-5|-4|-3,3|4|5|6,4,0,0,-4.500000,True,True
mirror,ECG_query_PPG_key_value,48,4,-6|-5|-4|-3,3|4|5|6,4,0,0,-4.500000,True,True
mirror,ECG_query_PPG_key_value,49,4,-6|-5|-4|-3,3|4|5|6,4,0,0,-4.500000,True,True
mirror,ECG_query_PPG_key_value,50,4,-6|-5|-4|-3,3|4|5|6,4,0,0,-4.500000,True,True
mirror,ECG_query_PPG_key_value,51,4,-6|-5|-4|-3,3|4|5|6,4,0,0,-4.500000,True,True
mirror,ECG_query_PPG_key_value,52,4,-6|-5|-4|-3,3|4|5|6,4,0,0,-4.500000,True,True
mirror,ECG_query_PPG_key_value,53,4,-6|-5|-4|-3,3|4|5|6,4,0,0,-4.500000,True,True
mirror,ECG_query_PPG_key_value,54,4,-6|-5|-4|-3,3|4|5|6,4,0,0,-4.500000,True,True
mirror,ECG_query_PPG_key_value,55,4,-6|-5|-4|-3,3|4|5|6,4,0,0,-4.500000,True,True
mirror,ECG_query_PPG_key_value,56,4,-6|-5|-4|-3,3|4|5|6,4,0,0,-4.500000,True,True
mirror,ECG_query_PPG_key_value,57,4,-6|-5|-4|-3,3|4|5|6,4,0,0,-4.500000,True,True
mirror,ECG_query_PPG_key_value,58,4,-6|-5|-4|-3,3|4|5|6,4,0,0,-4.500000,True,True
mirror,ECG_query_PPG_key_value,59,4,-6|-5|-4|-3,3|4|5|6,4,0,0,-4.500000,True,True
mirror,ECG_query_PPG_key_value,60,4,-6|-5|-4|-3,3|4|5|6,4,0,0,-4.500000,True,True
mirror,ECG_query_PPG_key_value,61,4,-6|-5|-4|-3,3|4|5|6,4,0,0,-4.500000,True,True
mirror,ECG_query_PPG_key_value,62,4,-6|-5|-4|-3,3|4|5|6,4,0,0,-4.500000,True,True
mirror,ECG_query_PPG_key_value,63,4,-6|-5|-4|-3,3|4|5|6,4,0,0,-4.500000,True,True
mirror,ECG_query_PPG_key_value,64,4,-6|-5|-4|-3,3|4|5|6,4,0,0,-4.500000,True,True
mirror,ECG_query_PPG_key_value,65,4,-6|-5|-4|-3,3|4|5|6,4,0,0,-4.500000,True,True
mirror,ECG_query_PPG_key_value,66,4,-6|-5|-4|-3,3|4|5|6,4,0,0,-4.500000,True,True
mirror,ECG_query_PPG_key_value,67,4,-6|-5|-4|-3,3|4|5|6,4,0,0,-4.500000,True,True
mirror,ECG_query_PPG_key_value,68,4,-6|-5|-4|-3,3|4|5|6,4,0,0,-4.500000,True,True
mirror,ECG_query_PPG_key_value,69,4,-6|-5|-4|-3,3|4|5|6,4,0,0,-4.500000,True,True
mirror,ECG_query_PPG_key_value,70,4,-6|-5|-4|-3,3|4|5|6,4,0,0,-4.500000,True,True
mirror,ECG_query_PPG_key_value,71,4,-6|-5|-4|-3,3|4|5|6,4,0,0,-4.500000,True,True
mirror,ECG_query_PPG_key_value,72,4,-6|-5|-4|-3,3|4|5|6,4,0,0,-4.500000,True,True
mirror,ECG_query_PPG_key_value,73,4,-6|-5|-4|-3,3|4|5|6,4,0,0,-4.500000,True,True
mirror,ECG_query_PPG_key_value,74,4,-6|-5|-4|-3,3|4|5|6,4,0,0,-4.500000,True,True
mirror,ECG_query_PPG_key_value,75,4,-6|-5|-4|-3,3|4|5|6,4,0,0,-4.500000,True,True
mirror,ECG_query_PPG_key_value,76,4,-6|-5|-4|-3,3|4|5|6,4,0,0,-4.500000,True,True
mirror,ECG_query_PPG_key_value,77,4,-6|-5|-4|-3,3|4|5|6,4,0,0,-4.500000,True,True
mirror,ECG_query_PPG_key_value,78,4,-6|-5|-4|-3,3|4|5|6,4,0,0,-4.500000,True,True
mirror,ECG_query_PPG_key_value,79,4,-6|-5|-4|-3,3|4|5|6,4,0,0,-4.500000,True,True
mirror,ECG_query_PPG_key_value,80,4,-6|-5|-4|-3,3|4|5|6,4,0,0,-4.500000,True,True
mirror,ECG_query_PPG_key_value,81,4,-6|-5|-4|-3,3|4|5|6,4,0,0,-4.500000,True,True
mirror,ECG_query_PPG_key_value,82,4,-6|-5|-4|-3,3|4|5|6,4,0,0,-4.500000,True,True
mirror,ECG_query_PPG_key_value,83,4,-6|-5|-4|-3,3|4|5|6,4,0,0,-4.500000,True,True
mirror,ECG_query_PPG_key_value,84,4,-6|-5|-4|-3,3|4|5|6,4,0,0,-4.500000,True,True
mirror,ECG_query_PPG_key_value,85,4,-6|-5|-4|-3,3|4|5|6,4,0,0,-4.500000,True,True
mirror,ECG_query_PPG_key_value,86,4,-6|-5|-4|-3,3|4|5|6,4,0,0,-4.500000,True,True
mirror,ECG_query_PPG_key_value,87,4,-6|-5|-4|-3,3|4|5|6,4,0,0,-4.500000,True,True
mirror,ECG_query_PPG_key_value,88,4,-6|-5|-4|-3,3|4|5|6,4,0,0,-4.500000,True,True
mirror,ECG_query_PPG_key_value,89,4,-6|-5|-4|-3,3|4|5|6,4,0,0,-4.500000,True,True
mirror,ECG_query_PPG_key_value,90,4,-6|-5|-4|-3,3|4|5|6,4,0,0,-4.500000,True,True
mirror,ECG_query_PPG_key_value,91,4,-6|-5|-4|-3,3|4|5|6,4,0,0,-4.500000,True,True
mirror,ECG_query_PPG_key_value,92,4,-6|-5|-4|-3,3|4|5|6,4,0,0,-4.500000,True,True
mirror,ECG_query_PPG_key_value,93,4,-6|-5|-4|-3,3|4|5|6,4,0,0,-4.500000,True,True
mirror,ECG_query_PPG_key_value,94,4,-6|-5|-4|-3,3|4|5|6,4,0,0,-4.500000,True,True
mirror,ECG_query_PPG_key_value,95,4,-6|-5|-4|-3,3|4|5|6,4,0,0,-4.500000,True,True
mirror,ECG_query_PPG_key_value,96,4,-6|-5|-4|-3,3|4|5|6,4,0,0,-4.500000,True,True
mirror,ECG_query_PPG_key_value,97,4,-6|-5|-4|-3,3|4|5|6,4,0,0,-4.500000,True,True
mirror,ECG_query_PPG_key_value,98,4,-6|-5|-4|-3,3|4|5|6,4,0,0,-4.500000,True,True
mirror,ECG_query_PPG_key_value,99,4,-6|-5|-4|-3,3|4|5|6,4,0,0,-4.500000,True,True
mirror,ECG_query_PPG_key_value,100,4,-6|-5|-4|-3,3|4|5|6,4,0,0,-4.500000,True,True
mirror,ECG_query_PPG_key_value,101,4,-6|-5|-4|-3,3|4|5|6,4,0,0,-4.500000,True,True
mirror,ECG_query_PPG_key_value,102,4,-6|-5|-4|-3,3|4|5|6,4,0,0,-4.500000,True,True
mirror,ECG_query_PPG_key_value,103,4,-6|-5|-4|-3,3|4|5|6,4,0,0,-4.500000,True,True
mirror,ECG_query_PPG_key_value,104,4,-6|-5|-4|-3,3|4|5|6,4,0,0,-4.500000,True,True
mirror,ECG_query_PPG_key_value,105,4,-6|-5|-4|-3,3|4|5|6,4,0,0,-4.500000,True,True
mirror,ECG_query_PPG_key_value,106,4,-6|-5|-4|-3,3|4|5|6,4,0,0,-4.500000,True,True
mirror,ECG_query_PPG_key_value,107,4,-6|-5|-4|-3,3|4|5|6,4,0,0,-4.500000,True,True
mirror,ECG_query_PPG_key_value,108,4,-6|-5|-4|-3,3|4|5|6,4,0,0,-4.500000,True,True
mirror,ECG_query_PPG_key_value,109,4,-6|-5|-4|-3,3|4|5|6,4,0,0,-4.500000,True,True
mirror,ECG_query_PPG_key_value,110,4,-6|-5|-4|-3,3|4|5|6,4,0,0,-4.500000,True,True
mirror,ECG_query_PPG_key_value,111,4,-6|-5|-4|-3,3|4|5|6,4,0,0,-4.500000,True,True
mirror,ECG_query_PPG_key_value,112,4,-6|-5|-4|-3,3|4|5|6,4,0,0,-4.500000,True,True
mirror,ECG_query_PPG_key_value,113,4,-6|-5|-4|-3,3|4|5|6,4,0,0,-4.500000,True,True
mirror,ECG_query_PPG_key_value,114,4,-6|-5|-4|-3,3|4|5|6,4,0,0,-4.500000,True,True
mirror,ECG_query_PPG_key_value,115,4,-6|-5|-4|-3,3|4|5|6,4,0,0,-4.500000,True,True
mirror,ECG_query_PPG_key_value,116,4,-6|-5|-4|-3,3|4|5|6,4,0,0,-4.500000,True,True
mirror,ECG_query_PPG_key_value,117,4,-6|-5|-4|-3,3|4|5|6,4,0,0,-4.500000,True,True
mirror,ECG_query_PPG_key_value,118,4,-6|-5|-4|-3,3|4|5|6,4,0,0,-4.500000,True,True
mirror,ECG_query_PPG_key_value,119,4,-6|-5|-4|-3,3|4|5|6,4,0,0,-4.500000,True,True
mirror,ECG_query_PPG_key_value,120,4,-6|-5|-4|-3,3|4|5|6,4,0,0,-4.500000,True,True
mirror,ECG_query_PPG_key_value,121,4,-6|-5|-4|-3,3|4|5|6,4,0,0,-4.500000,True,True
mirror,ECG_query_PPG_key_value,122,4,-6|-5|-4|-3,3|4|5|6,4,0,0,-4.500000,True,True
mirror,ECG_query_PPG_key_value,123,4,-6|-5|-4|-3,3|4|5|6,4,0,0,-4.500000,True,True
mirror,ECG_query_PPG_key_value,124,4,-6|-5|-4|-3,3|4|5|6,4,0,0,-4.500000,True,True
mirror,PPG_query_ECG_key_value,0,4,3|4|5|6,3|4|5|6,0,0,4,4.500000,True,True
mirror,PPG_query_ECG_key_value,1,4,3|4|5|6,3|4|5|6,0,0,4,4.500000,True,True
mirror,PPG_query_ECG_key_value,2,4,3|4|5|6,3|4|5|6,0,0,4,4.500000,True,True
mirror,PPG_query_ECG_key_value,3,4,3|4|5|6,3|4|5|6,0,0,4,4.500000,True,True
mirror,PPG_query_ECG_key_value,4,4,3|4|5|6,3|4|5|6,0,0,4,4.500000,True,True
mirror,PPG_query_ECG_key_value,5,4,3|4|5|6,3|4|5|6,0,0,4,4.500000,True,True
mirror,PPG_query_ECG_key_value,6,4,3|4|5|6,3|4|5|6,0,0,4,4.500000,True,True
mirror,PPG_query_ECG_key_value,7,4,3|4|5|6,3|4|5|6,0,0,4,4.500000,True,True
mirror,PPG_query_ECG_key_value,8,4,3|4|5|6,3|4|5|6,0,0,4,4.500000,True,True
mirror,PPG_query_ECG_key_value,9,4,3|4|5|6,3|4|5|6,0,0,4,4.500000,True,True
mirror,PPG_query_ECG_key_value,10,4,3|4|5|6,3|4|5|6,0,0,4,4.500000,True,True
mirror,PPG_query_ECG_key_value,11,4,3|4|5|6,3|4|5|6,0,0,4,4.500000,True,True
mirror,PPG_query_ECG_key_value,12,4,3|4|5|6,3|4|5|6,0,0,4,4.500000,True,True
mirror,PPG_query_ECG_key_value,13,4,3|4|5|6,3|4|5|6,0,0,4,4.500000,True,True
mirror,PPG_query_ECG_key_value,14,4,3|4|5|6,3|4|5|6,0,0,4,4.500000,True,True
mirror,PPG_query_ECG_key_value,15,4,3|4|5|6,3|4|5|6,0,0,4,4.500000,True,True
mirror,PPG_query_ECG_key_value,16,4,3|4|5|6,3|4|5|6,0,0,4,4.500000,True,True
mirror,PPG_query_ECG_key_value,17,4,3|4|5|6,3|4|5|6,0,0,4,4.500000,True,True
mirror,PPG_query_ECG_key_value,18,4,3|4|5|6,3|4|5|6,0,0,4,4.500000,True,True
mirror,PPG_query_ECG_key_value,19,4,3|4|5|6,3|4|5|6,0,0,4,4.500000,True,True
mirror,PPG_query_ECG_key_value,20,4,3|4|5|6,3|4|5|6,0,0,4,4.500000,True,True
mirror,PPG_query_ECG_key_value,21,4,3|4|5|6,3|4|5|6,0,0,4,4.500000,True,True
mirror,PPG_query_ECG_key_value,22,4,3|4|5|6,3|4|5|6,0,0,4,4.500000,True,True
mirror,PPG_query_ECG_key_value,23,4,3|4|5|6,3|4|5|6,0,0,4,4.500000,True,True
mirror,PPG_query_ECG_key_value,24,4,3|4|5|6,3|4|5|6,0,0,4,4.500000,True,True
mirror,PPG_query_ECG_key_value,25,4,3|4|5|6,3|4|5|6,0,0,4,4.500000,True,True
mirror,PPG_query_ECG_key_value,26,4,3|4|5|6,3|4|5|6,0,0,4,4.500000,True,True
mirror,PPG_query_ECG_key_value,27,4,3|4|5|6,3|4|5|6,0,0,4,4.500000,True,True
mirror,PPG_query_ECG_key_value,28,4,3|4|5|6,3|4|5|6,0,0,4,4.500000,True,True
mirror,PPG_query_ECG_key_value,29,4,3|4|5|6,3|4|5|6,0,0,4,4.500000,True,True
mirror,PPG_query_ECG_key_value,30,4,3|4|5|6,3|4|5|6,0,0,4,4.500000,True,True
mirror,PPG_query_ECG_key_value,31,4,3|4|5|6,3|4|5|6,0,0,4,4.500000,True,True
mirror,PPG_query_ECG_key_value,32,4,3|4|5|6,3|4|5|6,0,0,4,4.500000,True,True
mirror,PPG_query_ECG_key_value,33,4,3|4|5|6,3|4|5|6,0,0,4,4.500000,True,True
mirror,PPG_query_ECG_key_value,34,4,3|4|5|6,3|4|5|6,0,0,4,4.500000,True,True
mirror,PPG_query_ECG_key_value,35,4,3|4|5|6,3|4|5|6,0,0,4,4.500000,True,True
mirror,PPG_query_ECG_key_value,36,4,3|4|5|6,3|4|5|6,0,0,4,4.500000,True,True
mirror,PPG_query_ECG_key_value,37,4,3|4|5|6,3|4|5|6,0,0,4,4.500000,True,True
mirror,PPG_query_ECG_key_value,38,4,3|4|5|6,3|4|5|6,0,0,4,4.500000,True,True
mirror,PPG_query_ECG_key_value,39,4,3|4|5|6,3|4|5|6,0,0,4,4.500000,True,True
mirror,PPG_query_ECG_key_value,40,4,3|4|5|6,3|4|5|6,0,0,4,4.500000,True,True
mirror,PPG_query_ECG_key_value,41,4,3|4|5|6,3|4|5|6,0,0,4,4.500000,True,True
mirror,PPG_query_ECG_key_value,42,4,3|4|5|6,3|4|5|6,0,0,4,4.500000,True,True
mirror,PPG_query_ECG_key_value,43,4,3|4|5|6,3|4|5|6,0,0,4,4.500000,True,True
mirror,PPG_query_ECG_key_value,44,4,3|4|5|6,3|4|5|6,0,0,4,4.500000,True,True
mirror,PPG_query_ECG_key_value,45,4,3|4|5|6,3|4|5|6,0,0,4,4.500000,True,True
mirror,PPG_query_ECG_key_value,46,4,3|4|5|6,3|4|5|6,0,0,4,4.500000,True,True
mirror,PPG_query_ECG_key_value,47,4,3|4|5|6,3|4|5|6,0,0,4,4.500000,True,True
mirror,PPG_query_ECG_key_value,48,4,3|4|5|6,3|4|5|6,0,0,4,4.500000,True,True
mirror,PPG_query_ECG_key_value,49,4,3|4|5|6,3|4|5|6,0,0,4,4.500000,True,True
mirror,PPG_query_ECG_key_value,50,4,3|4|5|6,3|4|5|6,0,0,4,4.500000,True,True
mirror,PPG_query_ECG_key_value,51,4,3|4|5|6,3|4|5|6,0,0,4,4.500000,True,True
mirror,PPG_query_ECG_key_value,52,4,3|4|5|6,3|4|5|6,0,0,4,4.500000,True,True
mirror,PPG_query_ECG_key_value,53,4,3|4|5|6,3|4|5|6,0,0,4,4.500000,True,True
mirror,PPG_query_ECG_key_value,54,4,3|4|5|6,3|4|5|6,0,0,4,4.500000,True,True
mirror,PPG_query_ECG_key_value,55,4,3|4|5|6,3|4|5|6,0,0,4,4.500000,True,True
mirror,PPG_query_ECG_key_value,56,4,3|4|5|6,3|4|5|6,0,0,4,4.500000,True,True
mirror,PPG_query_ECG_key_value,57,4,3|4|5|6,3|4|5|6,0,0,4,4.500000,True,True
mirror,PPG_query_ECG_key_value,58,4,3|4|5|6,3|4|5|6,0,0,4,4.500000,True,True
mirror,PPG_query_ECG_key_value,59,4,3|4|5|6,3|4|5|6,0,0,4,4.500000,True,True
mirror,PPG_query_ECG_key_value,60,4,3|4|5|6,3|4|5|6,0,0,4,4.500000,True,True
mirror,PPG_query_ECG_key_value,61,4,3|4|5|6,3|4|5|6,0,0,4,4.500000,True,True
mirror,PPG_query_ECG_key_value,62,4,3|4|5|6,3|4|5|6,0,0,4,4.500000,True,True
mirror,PPG_query_ECG_key_value,63,4,3|4|5|6,3|4|5|6,0,0,4,4.500000,True,True
mirror,PPG_query_ECG_key_value,64,4,3|4|5|6,3|4|5|6,0,0,4,4.500000,True,True
mirror,PPG_query_ECG_key_value,65,4,3|4|5|6,3|4|5|6,0,0,4,4.500000,True,True
mirror,PPG_query_ECG_key_value,66,4,3|4|5|6,3|4|5|6,0,0,4,4.500000,True,True
mirror,PPG_query_ECG_key_value,67,4,3|4|5|6,3|4|5|6,0,0,4,4.500000,True,True
mirror,PPG_query_ECG_key_value,68,4,3|4|5|6,3|4|5|6,0,0,4,4.500000,True,True
mirror,PPG_query_ECG_key_value,69,4,3|4|5|6,3|4|5|6,0,0,4,4.500000,True,True
mirror,PPG_query_ECG_key_value,70,4,3|4|5|6,3|4|5|6,0,0,4,4.500000,True,True
mirror,PPG_query_ECG_key_value,71,4,3|4|5|6,3|4|5|6,0,0,4,4.500000,True,True
mirror,PPG_query_ECG_key_value,72,4,3|4|5|6,3|4|5|6,0,0,4,4.500000,True,True
mirror,PPG_query_ECG_key_value,73,4,3|4|5|6,3|4|5|6,0,0,4,4.500000,True,True
mirror,PPG_query_ECG_key_value,74,4,3|4|5|6,3|4|5|6,0,0,4,4.500000,True,True
mirror,PPG_query_ECG_key_value,75,4,3|4|5|6,3|4|5|6,0,0,4,4.500000,True,True
mirror,PPG_query_ECG_key_value,76,4,3|4|5|6,3|4|5|6,0,0,4,4.500000,True,True
mirror,PPG_query_ECG_key_value,77,4,3|4|5|6,3|4|5|6,0,0,4,4.500000,True,True
mirror,PPG_query_ECG_key_value,78,4,3|4|5|6,3|4|5|6,0,0,4,4.500000,True,True
mirror,PPG_query_ECG_key_value,79,4,3|4|5|6,3|4|5|6,0,0,4,4.500000,True,True
mirror,PPG_query_ECG_key_value,80,4,3|4|5|6,3|4|5|6,0,0,4,4.500000,True,True
mirror,PPG_query_ECG_key_value,81,4,3|4|5|6,3|4|5|6,0,0,4,4.500000,True,True
mirror,PPG_query_ECG_key_value,82,4,3|4|5|6,3|4|5|6,0,0,4,4.500000,True,True
mirror,PPG_query_ECG_key_value,83,4,3|4|5|6,3|4|5|6,0,0,4,4.500000,True,True
mirror,PPG_query_ECG_key_value,84,4,3|4|5|6,3|4|5|6,0,0,4,4.500000,True,True
mirror,PPG_query_ECG_key_value,85,4,3|4|5|6,3|4|5|6,0,0,4,4.500000,True,True
mirror,PPG_query_ECG_key_value,86,4,3|4|5|6,3|4|5|6,0,0,4,4.500000,True,True
mirror,PPG_query_ECG_key_value,87,4,3|4|5|6,3|4|5|6,0,0,4,4.500000,True,True
mirror,PPG_query_ECG_key_value,88,4,3|4|5|6,3|4|5|6,0,0,4,4.500000,True,True
mirror,PPG_query_ECG_key_value,89,4,3|4|5|6,3|4|5|6,0,0,4,4.500000,True,True
mirror,PPG_query_ECG_key_value,90,4,3|4|5|6,3|4|5|6,0,0,4,4.500000,True,True
mirror,PPG_query_ECG_key_value,91,4,3|4|5|6,3|4|5|6,0,0,4,4.500000,True,True
mirror,PPG_query_ECG_key_value,92,4,3|4|5|6,3|4|5|6,0,0,4,4.500000,True,True
mirror,PPG_query_ECG_key_value,93,4,3|4|5|6,3|4|5|6,0,0,4,4.500000,True,True
mirror,PPG_query_ECG_key_value,94,4,3|4|5|6,3|4|5|6,0,0,4,4.500000,True,True
mirror,PPG_query_ECG_key_value,95,4,3|4|5|6,3|4|5|6,0,0,4,4.500000,True,True
mirror,PPG_query_ECG_key_value,96,4,3|4|5|6,3|4|5|6,0,0,4,4.500000,True,True
mirror,PPG_query_ECG_key_value,97,4,3|4|5|6,3|4|5|6,0,0,4,4.500000,True,True
mirror,PPG_query_ECG_key_value,98,4,3|4|5|6,3|4|5|6,0,0,4,4.500000,True,True
mirror,PPG_query_ECG_key_value,99,4,3|4|5|6,3|4|5|6,0,0,4,4.500000,True,True
mirror,PPG_query_ECG_key_value,100,4,3|4|5|6,3|4|5|6,0,0,4,4.500000,True,True
mirror,PPG_query_ECG_key_value,101,4,3|4|5|6,3|4|5|6,0,0,4,4.500000,True,True
mirror,PPG_query_ECG_key_value,102,4,3|4|5|6,3|4|5|6,0,0,4,4.500000,True,True
mirror,PPG_query_ECG_key_value,103,4,3|4|5|6,3|4|5|6,0,0,4,4.500000,True,True
mirror,PPG_query_ECG_key_value,104,4,3|4|5|6,3|4|5|6,0,0,4,4.500000,True,True
mirror,PPG_query_ECG_key_value,105,4,3|4|5|6,3|4|5|6,0,0,4,4.500000,True,True
mirror,PPG_query_ECG_key_value,106,4,3|4|5|6,3|4|5|6,0,0,4,4.500000,True,True
mirror,PPG_query_ECG_key_value,107,4,3|4|5|6,3|4|5|6,0,0,4,4.500000,True,True
mirror,PPG_query_ECG_key_value,108,4,3|4|5|6,3|4|5|6,0,0,4,4.500000,True,True
mirror,PPG_query_ECG_key_value,109,4,3|4|5|6,3|4|5|6,0,0,4,4.500000,True,True
mirror,PPG_query_ECG_key_value,110,4,3|4|5|6,3|4|5|6,0,0,4,4.500000,True,True
mirror,PPG_query_ECG_key_value,111,4,3|4|5|6,3|4|5|6,0,0,4,4.500000,True,True
mirror,PPG_query_ECG_key_value,112,4,3|4|5|6,3|4|5|6,0,0,4,4.500000,True,True
mirror,PPG_query_ECG_key_value,113,4,3|4|5|6,3|4|5|6,0,0,4,4.500000,True,True
mirror,PPG_query_ECG_key_value,114,4,3|4|5|6,3|4|5|6,0,0,4,4.500000,True,True
mirror,PPG_query_ECG_key_value,115,4,3|4|5|6,3|4|5|6,0,0,4,4.500000,True,True
mirror,PPG_query_ECG_key_value,116,4,3|4|5|6,3|4|5|6,0,0,4,4.500000,True,True
mirror,PPG_query_ECG_key_value,117,4,3|4|5|6,3|4|5|6,0,0,4,4.500000,True,True
mirror,PPG_query_ECG_key_value,118,4,3|4|5|6,3|4|5|6,0,0,4,4.500000,True,True
mirror,PPG_query_ECG_key_value,119,3,3|4|5,3|4|5,0,0,3,4.000000,True,False
mirror,PPG_query_ECG_key_value,120,2,3|4,3|4,0,0,2,3.500000,True,False
mirror,PPG_query_ECG_key_value,121,1,3,3,0,0,1,3.000000,True,False
mirror,PPG_query_ECG_key_value,122,0,,,0,0,0,,True,False
mirror,PPG_query_ECG_key_value,123,0,,,0,0,0,,True,False
mirror,PPG_query_ECG_key_value,124,0,,,0,0,0,,True,False
no_delay,ECG_query_PPG_key_value,0,125,0|1|2|3|4|5|6|7|8|9|10|11|12|13|14|15|16|17|18|19|20|21|22|23|24|25|26|27|28|29|30|31|32|33|34|35|36|37|38|39|40|41|42|43|44|45|46|47|48|49|50|51|52|53|54|55|56|57|58|59|60|61|62|63|64|65|66|67|68|69|70|71|72|73|74|75|76|77|78|79|80|81|82|83|84|85|86|87|88|89|90|91|92|93|94|95|96|97|98|99|100|101|102|103|104|105|106|107|108|109|110|111|112|113|114|115|116|117|118|119|120|121|122|123|124,0|1|2|3|4|5|6|7|8|9|10|11|12|13|14|15|16|17|18|19|20|21|22|23|24|25|26|27|28|29|30|31|32|33|34|35|36|37|38|39|40|41|42|43|44|45|46|47|48|49|50|51|52|53|54|55|56|57|58|59|60|61|62|63|64|65|66|67|68|69|70|71|72|73|74|75|76|77|78|79|80|81|82|83|84|85|86|87|88|89|90|91|92|93|94|95|96|97|98|99|100|101|102|103|104|105|106|107|108|109|110|111|112|113|114|115|116|117|118|119|120|121|122|123|124,0,1,124,62.000000,False,False
no_delay,ECG_query_PPG_key_value,1,125,-1|0|1|2|3|4|5|6|7|8|9|10|11|12|13|14|15|16|17|18|19|20|21|22|23|24|25|26|27|28|29|30|31|32|33|34|35|36|37|38|39|40|41|42|43|44|45|46|47|48|49|50|51|52|53|54|55|56|57|58|59|60|61|62|63|64|65|66|67|68|69|70|71|72|73|74|75|76|77|78|79|80|81|82|83|84|85|86|87|88|89|90|91|92|93|94|95|96|97|98|99|100|101|102|103|104|105|106|107|108|109|110|111|112|113|114|115|116|117|118|119|120|121|122|123,0|1|1|2|3|4|5|6|7|8|9|10|11|12|13|14|15|16|17|18|19|20|21|22|23|24|25|26|27|28|29|30|31|32|33|34|35|36|37|38|39|40|41|42|43|44|45|46|47|48|49|50|51|52|53|54|55|56|57|58|59|60|61|62|63|64|65|66|67|68|69|70|71|72|73|74|75|76|77|78|79|80|81|82|83|84|85|86|87|88|89|90|91|92|93|94|95|96|97|98|99|100|101|102|103|104|105|106|107|108|109|110|111|112|113|114|115|116|117|118|119|120|121|122|123,1,1,123,61.000000,False,False
no_delay,ECG_query_PPG_key_value,2,125,-2|-1|0|1|2|3|4|5|6|7|8|9|10|11|12|13|14|15|16|17|18|19|20|21|22|23|24|25|26|27|28|29|30|31|32|33|34|35|36|37|38|39|40|41|42|43|44|45|46|47|48|49|50|51|52|53|54|55|56|57|58|59|60|61|62|63|64|65|66|67|68|69|70|71|72|73|74|75|76|77|78|79|80|81|82|83|84|85|86|87|88|89|90|91|92|93|94|95|96|97|98|99|100|101|102|103|104|105|106|107|108|109|110|111|112|113|114|115|116|117|118|119|120|121|122,0|1|1|2|2|3|4|5|6|7|8|9|10|11|12|13|14|15|16|17|18|19|20|21|22|23|24|25|26|27|28|29|30|31|32|33|34|35|36|37|38|39|40|41|42|43|44|45|46|47|48|49|50|51|52|53|54|55|56|57|58|59|60|61|62|63|64|65|66|67|68|69|70|71|72|73|74|75|76|77|78|79|80|81|82|83|84|85|86|87|88|89|90|91|92|93|94|95|96|97|98|99|100|101|102|103|104|105|106|107|108|109|110|111|112|113|114|115|116|117|118|119|120|121|122,2,1,122,60.000000,False,False
no_delay,ECG_query_PPG_key_value,3,125,-3|-2|-1|0|1|2|3|4|5|6|7|8|9|10|11|12|13|14|15|16|17|18|19|20|21|22|23|24|25|26|27|28|29|30|31|32|33|34|35|36|37|38|39|40|41|42|43|44|45|46|47|48|49|50|51|52|53|54|55|56|57|58|59|60|61|62|63|64|65|66|67|68|69|70|71|72|73|74|75|76|77|78|79|80|81|82|83|84|85|86|87|88|89|90|91|92|93|94|95|96|97|98|99|100|101|102|103|104|105|106|107|108|109|110|111|112|113|114|115|116|117|118|119|120|121,0|1|1|2|2|3|3|4|5|6|7|8|9|10|11|12|13|14|15|16|17|18|19|20|21|22|23|24|25|26|27|28|29|30|31|32|33|34|35|36|37|38|39|40|41|42|43|44|45|46|47|48|49|50|51|52|53|54|55|56|57|58|59|60|61|62|63|64|65|66|67|68|69|70|71|72|73|74|75|76|77|78|79|80|81|82|83|84|85|86|87|88|89|90|91|92|93|94|95|96|97|98|99|100|101|102|103|104|105|106|107|108|109|110|111|112|113|114|115|116|117|118|119|120|121,3,1,121,59.000000,False,False
no_delay,ECG_query_PPG_key_value,4,125,-4|-3|-2|-1|0|1|2|3|4|5|6|7|8|9|10|11|12|13|14|15|16|17|18|19|20|21|22|23|24|25|26|27|28|29|30|31|32|33|34|35|36|37|38|39|40|41|42|43|44|45|46|47|48|49|50|51|52|53|54|55|56|57|58|59|60|61|62|63|64|65|66|67|68|69|70|71|72|73|74|75|76|77|78|79|80|81|82|83|84|85|86|87|88|89|90|91|92|93|94|95|96|97|98|99|100|101|102|103|104|105|106|107|108|109|110|111|112|113|114|115|116|117|118|119|120,0|1|1|2|2|3|3|4|4|5|6|7|8|9|10|11|12|13|14|15|16|17|18|19|20|21|22|23|24|25|26|27|28|29|30|31|32|33|34|35|36|37|38|39|40|41|42|43|44|45|46|47|48|49|50|51|52|53|54|55|56|57|58|59|60|61|62|63|64|65|66|67|68|69|70|71|72|73|74|75|76|77|78|79|80|81|82|83|84|85|86|87|88|89|90|91|92|93|94|95|96|97|98|99|100|101|102|103|104|105|106|107|108|109|110|111|112|113|114|115|116|117|118|119|120,4,1,120,58.000000,False,False
no_delay,ECG_query_PPG_key_value,5,125,-5|-4|-3|-2|-1|0|1|2|3|4|5|6|7|8|9|10|11|12|13|14|15|16|17|18|19|20|21|22|23|24|25|26|27|28|29|30|31|32|33|34|35|36|37|38|39|40|41|42|43|44|45|46|47|48|49|50|51|52|53|54|55|56|57|58|59|60|61|62|63|64|65|66|67|68|69|70|71|72|73|74|75|76|77|78|79|80|81|82|83|84|85|86|87|88|89|90|91|92|93|94|95|96|97|98|99|100|101|102|103|104|105|106|107|108|109|110|111|112|113|114|115|116|117|118|119,0|1|1|2|2|3|3|4|4|5|5|6|7|8|9|10|11|12|13|14|15|16|17|18|19|20|21|22|23|24|25|26|27|28|29|30|31|32|33|34|35|36|37|38|39|40|41|42|43|44|45|46|47|48|49|50|51|52|53|54|55|56|57|58|59|60|61|62|63|64|65|66|67|68|69|70|71|72|73|74|75|76|77|78|79|80|81|82|83|84|85|86|87|88|89|90|91|92|93|94|95|96|97|98|99|100|101|102|103|104|105|106|107|108|109|110|111|112|113|114|115|116|117|118|119,5,1,119,57.000000,False,False
no_delay,ECG_query_PPG_key_value,6,125,-6|-5|-4|-3|-2|-1|0|1|2|3|4|5|6|7|8|9|10|11|12|13|14|15|16|17|18|19|20|21|22|23|24|25|26|27|28|29|30|31|32|33|34|35|36|37|38|39|40|41|42|43|44|45|46|47|48|49|50|51|52|53|54|55|56|57|58|59|60|61|62|63|64|65|66|67|68|69|70|71|72|73|74|75|76|77|78|79|80|81|82|83|84|85|86|87|88|89|90|91|92|93|94|95|96|97|98|99|100|101|102|103|104|105|106|107|108|109|110|111|112|113|114|115|116|117|118,0|1|1|2|2|3|3|4|4|5|5|6|6|7|8|9|10|11|12|13|14|15|16|17|18|19|20|21|22|23|24|25|26|27|28|29|30|31|32|33|34|35|36|37|38|39|40|41|42|43|44|45|46|47|48|49|50|51|52|53|54|55|56|57|58|59|60|61|62|63|64|65|66|67|68|69|70|71|72|73|74|75|76|77|78|79|80|81|82|83|84|85|86|87|88|89|90|91|92|93|94|95|96|97|98|99|100|101|102|103|104|105|106|107|108|109|110|111|112|113|114|115|116|117|118,6,1,118,56.000000,False,False
no_delay,ECG_query_PPG_key_value,7,125,-7|-6|-5|-4|-3|-2|-1|0|1|2|3|4|5|6|7|8|9|10|11|12|13|14|15|16|17|18|19|20|21|22|23|24|25|26|27|28|29|30|31|32|33|34|35|36|37|38|39|40|41|42|43|44|45|46|47|48|49|50|51|52|53|54|55|56|57|58|59|60|61|62|63|64|65|66|67|68|69|70|71|72|73|74|75|76|77|78|79|80|81|82|83|84|85|86|87|88|89|90|91|92|93|94|95|96|97|98|99|100|101|102|103|104|105|106|107|108|109|110|111|112|113|114|115|116|117,0|1|1|2|2|3|3|4|4|5|5|6|6|7|7|8|9|10|11|12|13|14|15|16|17|18|19|20|21|22|23|24|25|26|27|28|29|30|31|32|33|34|35|36|37|38|39|40|41|42|43|44|45|46|47|48|49|50|51|52|53|54|55|56|57|58|59|60|61|62|63|64|65|66|67|68|69|70|71|72|73|74|75|76|77|78|79|80|81|82|83|84|85|86|87|88|89|90|91|92|93|94|95|96|97|98|99|100|101|102|103|104|105|106|107|108|109|110|111|112|113|114|115|116|117,7,1,117,55.000000,False,False
no_delay,ECG_query_PPG_key_value,8,125,-8|-7|-6|-5|-4|-3|-2|-1|0|1|2|3|4|5|6|7|8|9|10|11|12|13|14|15|16|17|18|19|20|21|22|23|24|25|26|27|28|29|30|31|32|33|34|35|36|37|38|39|40|41|42|43|44|45|46|47|48|49|50|51|52|53|54|55|56|57|58|59|60|61|62|63|64|65|66|67|68|69|70|71|72|73|74|75|76|77|78|79|80|81|82|83|84|85|86|87|88|89|90|91|92|93|94|95|96|97|98|99|100|101|102|103|104|105|106|107|108|109|110|111|112|113|114|115|116,0|1|1|2|2|3|3|4|4|5|5|6|6|7|7|8|8|9|10|11|12|13|14|15|16|17|18|19|20|21|22|23|24|25|26|27|28|29|30|31|32|33|34|35|36|37|38|39|40|41|42|43|44|45|46|47|48|49|50|51|52|53|54|55|56|57|58|59|60|61|62|63|64|65|66|67|68|69|70|71|72|73|74|75|76|77|78|79|80|81|82|83|84|85|86|87|88|89|90|91|92|93|94|95|96|97|98|99|100|101|102|103|104|105|106|107|108|109|110|111|112|113|114|115|116,8,1,116,54.000000,False,False
no_delay,ECG_query_PPG_key_value,9,125,-9|-8|-7|-6|-5|-4|-3|-2|-1|0|1|2|3|4|5|6|7|8|9|10|11|12|13|14|15|16|17|18|19|20|21|22|23|24|25|26|27|28|29|30|31|32|33|34|35|36|37|38|39|40|41|42|43|44|45|46|47|48|49|50|51|52|53|54|55|56|57|58|59|60|61|62|63|64|65|66|67|68|69|70|71|72|73|74|75|76|77|78|79|80|81|82|83|84|85|86|87|88|89|90|91|92|93|94|95|96|97|98|99|100|101|102|103|104|105|106|107|108|109|110|111|112|113|114|115,0|1|1|2|2|3|3|4|4|5|5|6|6|7|7|8|8|9|9|10|11|12|13|14|15|16|17|18|19|20|21|22|23|24|25|26|27|28|29|30|31|32|33|34|35|36|37|38|39|40|41|42|43|44|45|46|47|48|49|50|51|52|53|54|55|56|57|58|59|60|61|62|63|64|65|66|67|68|69|70|71|72|73|74|75|76|77|78|79|80|81|82|83|84|85|86|87|88|89|90|91|92|93|94|95|96|97|98|99|100|101|102|103|104|105|106|107|108|109|110|111|112|113|114|115,9,1,115,53.000000,False,False
no_delay,ECG_query_PPG_key_value,10,125,-10|-9|-8|-7|-6|-5|-4|-3|-2|-1|0|1|2|3|4|5|6|7|8|9|10|11|12|13|14|15|16|17|18|19|20|21|22|23|24|25|26|27|28|29|30|31|32|33|34|35|36|37|38|39|40|41|42|43|44|45|46|47|48|49|50|51|52|53|54|55|56|57|58|59|60|61|62|63|64|65|66|67|68|69|70|71|72|73|74|75|76|77|78|79|80|81|82|83|84|85|86|87|88|89|90|91|92|93|94|95|96|97|98|99|100|101|102|103|104|105|106|107|108|109|110|111|112|113|114,0|1|1|2|2|3|3|4|4|5|5|6|6|7|7|8|8|9|9|10|10|11|12|13|14|15|16|17|18|19|20|21|22|23|24|25|26|27|28|29|30|31|32|33|34|35|36|37|38|39|40|41|42|43|44|45|46|47|48|49|50|51|52|53|54|55|56|57|58|59|60|61|62|63|64|65|66|67|68|69|70|71|72|73|74|75|76|77|78|79|80|81|82|83|84|85|86|87|88|89|90|91|92|93|94|95|96|97|98|99|100|101|102|103|104|105|106|107|108|109|110|111|112|113|114,10,1,114,52.000000,False,False
no_delay,ECG_query_PPG_key_value,11,125,-11|-10|-9|-8|-7|-6|-5|-4|-3|-2|-1|0|1|2|3|4|5|6|7|8|9|10|11|12|13|14|15|16|17|18|19|20|21|22|23|24|25|26|27|28|29|30|31|32|33|34|35|36|37|38|39|40|41|42|43|44|45|46|47|48|49|50|51|52|53|54|55|56|57|58|59|60|61|62|63|64|65|66|67|68|69|70|71|72|73|74|75|76|77|78|79|80|81|82|83|84|85|86|87|88|89|90|91|92|93|94|95|96|97|98|99|100|101|102|103|104|105|106|107|108|109|110|111|112|113,0|1|1|2|2|3|3|4|4|5|5|6|6|7|7|8|8|9|9|10|10|11|11|12|13|14|15|16|17|18|19|20|21|22|23|24|25|26|27|28|29|30|31|32|33|34|35|36|37|38|39|40|41|42|43|44|45|46|47|48|49|50|51|52|53|54|55|56|57|58|59|60|61|62|63|64|65|66|67|68|69|70|71|72|73|74|75|76|77|78|79|80|81|82|83|84|85|86|87|88|89|90|91|92|93|94|95|96|97|98|99|100|101|102|103|104|105|106|107|108|109|110|111|112|113,11,1,113,51.000000,False,False
no_delay,ECG_query_PPG_key_value,12,125,-12|-11|-10|-9|-8|-7|-6|-5|-4|-3|-2|-1|0|1|2|3|4|5|6|7|8|9|10|11|12|13|14|15|16|17|18|19|20|21|22|23|24|25|26|27|28|29|30|31|32|33|34|35|36|37|38|39|40|41|42|43|44|45|46|47|48|49|50|51|52|53|54|55|56|57|58|59|60|61|62|63|64|65|66|67|68|69|70|71|72|73|74|75|76|77|78|79|80|81|82|83|84|85|86|87|88|89|90|91|92|93|94|95|96|97|98|99|100|101|102|103|104|105|106|107|108|109|110|111|112,0|1|1|2|2|3|3|4|4|5|5|6|6|7|7|8|8|9|9|10|10|11|11|12|12|13|14|15|16|17|18|19|20|21|22|23|24|25|26|27|28|29|30|31|32|33|34|35|36|37|38|39|40|41|42|43|44|45|46|47|48|49|50|51|52|53|54|55|56|57|58|59|60|61|62|63|64|65|66|67|68|69|70|71|72|73|74|75|76|77|78|79|80|81|82|83|84|85|86|87|88|89|90|91|92|93|94|95|96|97|98|99|100|101|102|103|104|105|106|107|108|109|110|111|112,12,1,112,50.000000,False,False
no_delay,ECG_query_PPG_key_value,13,125,-13|-12|-11|-10|-9|-8|-7|-6|-5|-4|-3|-2|-1|0|1|2|3|4|5|6|7|8|9|10|11|12|13|14|15|16|17|18|19|20|21|22|23|24|25|26|27|28|29|30|31|32|33|34|35|36|37|38|39|40|41|42|43|44|45|46|47|48|49|50|51|52|53|54|55|56|57|58|59|60|61|62|63|64|65|66|67|68|69|70|71|72|73|74|75|76|77|78|79|80|81|82|83|84|85|86|87|88|89|90|91|92|93|94|95|96|97|98|99|100|101|102|103|104|105|106|107|108|109|110|111,0|1|1|2|2|3|3|4|4|5|5|6|6|7|7|8|8|9|9|10|10|11|11|12|12|13|13|14|15|16|17|18|19|20|21|22|23|24|25|26|27|28|29|30|31|32|33|34|35|36|37|38|39|40|41|42|43|44|45|46|47|48|49|50|51|52|53|54|55|56|57|58|59|60|61|62|63|64|65|66|67|68|69|70|71|72|73|74|75|76|77|78|79|80|81|82|83|84|85|86|87|88|89|90|91|92|93|94|95|96|97|98|99|100|101|102|103|104|105|106|107|108|109|110|111,13,1,111,49.000000,False,False
no_delay,ECG_query_PPG_key_value,14,125,-14|-13|-12|-11|-10|-9|-8|-7|-6|-5|-4|-3|-2|-1|0|1|2|3|4|5|6|7|8|9|10|11|12|13|14|15|16|17|18|19|20|21|22|23|24|25|26|27|28|29|30|31|32|33|34|35|36|37|38|39|40|41|42|43|44|45|46|47|48|49|50|51|52|53|54|55|56|57|58|59|60|61|62|63|64|65|66|67|68|69|70|71|72|73|74|75|76|77|78|79|80|81|82|83|84|85|86|87|88|89|90|91|92|93|94|95|96|97|98|99|100|101|102|103|104|105|106|107|108|109|110,0|1|1|2|2|3|3|4|4|5|5|6|6|7|7|8|8|9|9|10|10|11|11|12|12|13|13|14|14|15|16|17|18|19|20|21|22|23|24|25|26|27|28|29|30|31|32|33|34|35|36|37|38|39|40|41|42|43|44|45|46|47|48|49|50|51|52|53|54|55|56|57|58|59|60|61|62|63|64|65|66|67|68|69|70|71|72|73|74|75|76|77|78|79|80|81|82|83|84|85|86|87|88|89|90|91|92|93|94|95|96|97|98|99|100|101|102|103|104|105|106|107|108|109|110,14,1,110,48.000000,False,False
no_delay,ECG_query_PPG_key_value,15,125,-15|-14|-13|-12|-11|-10|-9|-8|-7|-6|-5|-4|-3|-2|-1|0|1|2|3|4|5|6|7|8|9|10|11|12|13|14|15|16|17|18|19|20|21|22|23|24|25|26|27|28|29|30|31|32|33|34|35|36|37|38|39|40|41|42|43|44|45|46|47|48|49|50|51|52|53|54|55|56|57|58|59|60|61|62|63|64|65|66|67|68|69|70|71|72|73|74|75|76|77|78|79|80|81|82|83|84|85|86|87|88|89|90|91|92|93|94|95|96|97|98|99|100|101|102|103|104|105|106|107|108|109,0|1|1|2|2|3|3|4|4|5|5|6|6|7|7|8|8|9|9|10|10|11|11|12|12|13|13|14|14|15|15|16|17|18|19|20|21|22|23|24|25|26|27|28|29|30|31|32|33|34|35|36|37|38|39|40|41|42|43|44|45|46|47|48|49|50|51|52|53|54|55|56|57|58|59|60|61|62|63|64|65|66|67|68|69|70|71|72|73|74|75|76|77|78|79|80|81|82|83|84|85|86|87|88|89|90|91|92|93|94|95|96|97|98|99|100|101|102|103|104|105|106|107|108|109,15,1,109,47.000000,False,False
no_delay,ECG_query_PPG_key_value,16,125,-16|-15|-14|-13|-12|-11|-10|-9|-8|-7|-6|-5|-4|-3|-2|-1|0|1|2|3|4|5|6|7|8|9|10|11|12|13|14|15|16|17|18|19|20|21|22|23|24|25|26|27|28|29|30|31|32|33|34|35|36|37|38|39|40|41|42|43|44|45|46|47|48|49|50|51|52|53|54|55|56|57|58|59|60|61|62|63|64|65|66|67|68|69|70|71|72|73|74|75|76|77|78|79|80|81|82|83|84|85|86|87|88|89|90|91|92|93|94|95|96|97|98|99|100|101|102|103|104|105|106|107|108,0|1|1|2|2|3|3|4|4|5|5|6|6|7|7|8|8|9|9|10|10|11|11|12|12|13|13|14|14|15|15|16|16|17|18|19|20|21|22|23|24|25|26|27|28|29|30|31|32|33|34|35|36|37|38|39|40|41|42|43|44|45|46|47|48|49|50|51|52|53|54|55|56|57|58|59|60|61|62|63|64|65|66|67|68|69|70|71|72|73|74|75|76|77|78|79|80|81|82|83|84|85|86|87|88|89|90|91|92|93|94|95|96|97|98|99|100|101|102|103|104|105|106|107|108,16,1,108,46.000000,False,False
no_delay,ECG_query_PPG_key_value,17,125,-17|-16|-15|-14|-13|-12|-11|-10|-9|-8|-7|-6|-5|-4|-3|-2|-1|0|1|2|3|4|5|6|7|8|9|10|11|12|13|14|15|16|17|18|19|20|21|22|23|24|25|26|27|28|29|30|31|32|33|34|35|36|37|38|39|40|41|42|43|44|45|46|47|48|49|50|51|52|53|54|55|56|57|58|59|60|61|62|63|64|65|66|67|68|69|70|71|72|73|74|75|76|77|78|79|80|81|82|83|84|85|86|87|88|89|90|91|92|93|94|95|96|97|98|99|100|101|102|103|104|105|106|107,0|1|1|2|2|3|3|4|4|5|5|6|6|7|7|8|8|9|9|10|10|11|11|12|12|13|13|14|14|15|15|16|16|17|17|18|19|20|21|22|23|24|25|26|27|28|29|30|31|32|33|34|35|36|37|38|39|40|41|42|43|44|45|46|47|48|49|50|51|52|53|54|55|56|57|58|59|60|61|62|63|64|65|66|67|68|69|70|71|72|73|74|75|76|77|78|79|80|81|82|83|84|85|86|87|88|89|90|91|92|93|94|95|96|97|98|99|100|101|102|103|104|105|106|107,17,1,107,45.000000,False,False
no_delay,ECG_query_PPG_key_value,18,125,-18|-17|-16|-15|-14|-13|-12|-11|-10|-9|-8|-7|-6|-5|-4|-3|-2|-1|0|1|2|3|4|5|6|7|8|9|10|11|12|13|14|15|16|17|18|19|20|21|22|23|24|25|26|27|28|29|30|31|32|33|34|35|36|37|38|39|40|41|42|43|44|45|46|47|48|49|50|51|52|53|54|55|56|57|58|59|60|61|62|63|64|65|66|67|68|69|70|71|72|73|74|75|76|77|78|79|80|81|82|83|84|85|86|87|88|89|90|91|92|93|94|95|96|97|98|99|100|101|102|103|104|105|106,0|1|1|2|2|3|3|4|4|5|5|6|6|7|7|8|8|9|9|10|10|11|11|12|12|13|13|14|14|15|15|16|16|17|17|18|18|19|20|21|22|23|24|25|26|27|28|29|30|31|32|33|34|35|36|37|38|39|40|41|42|43|44|45|46|47|48|49|50|51|52|53|54|55|56|57|58|59|60|61|62|63|64|65|66|67|68|69|70|71|72|73|74|75|76|77|78|79|80|81|82|83|84|85|86|87|88|89|90|91|92|93|94|95|96|97|98|99|100|101|102|103|104|105|106,18,1,106,44.000000,False,False
no_delay,ECG_query_PPG_key_value,19,125,-19|-18|-17|-16|-15|-14|-13|-12|-11|-10|-9|-8|-7|-6|-5|-4|-3|-2|-1|0|1|2|3|4|5|6|7|8|9|10|11|12|13|14|15|16|17|18|19|20|21|22|23|24|25|26|27|28|29|30|31|32|33|34|35|36|37|38|39|40|41|42|43|44|45|46|47|48|49|50|51|52|53|54|55|56|57|58|59|60|61|62|63|64|65|66|67|68|69|70|71|72|73|74|75|76|77|78|79|80|81|82|83|84|85|86|87|88|89|90|91|92|93|94|95|96|97|98|99|100|101|102|103|104|105,0|1|1|2|2|3|3|4|4|5|5|6|6|7|7|8|8|9|9|10|10|11|11|12|12|13|13|14|14|15|15|16|16|17|17|18|18|19|19|20|21|22|23|24|25|26|27|28|29|30|31|32|33|34|35|36|37|38|39|40|41|42|43|44|45|46|47|48|49|50|51|52|53|54|55|56|57|58|59|60|61|62|63|64|65|66|67|68|69|70|71|72|73|74|75|76|77|78|79|80|81|82|83|84|85|86|87|88|89|90|91|92|93|94|95|96|97|98|99|100|101|102|103|104|105,19,1,105,43.000000,False,False
no_delay,ECG_query_PPG_key_value,20,125,-20|-19|-18|-17|-16|-15|-14|-13|-12|-11|-10|-9|-8|-7|-6|-5|-4|-3|-2|-1|0|1|2|3|4|5|6|7|8|9|10|11|12|13|14|15|16|17|18|19|20|21|22|23|24|25|26|27|28|29|30|31|32|33|34|35|36|37|38|39|40|41|42|43|44|45|46|47|48|49|50|51|52|53|54|55|56|57|58|59|60|61|62|63|64|65|66|67|68|69|70|71|72|73|74|75|76|77|78|79|80|81|82|83|84|85|86|87|88|89|90|91|92|93|94|95|96|97|98|99|100|101|102|103|104,0|1|1|2|2|3|3|4|4|5|5|6|6|7|7|8|8|9|9|10|10|11|11|12|12|13|13|14|14|15|15|16|16|17|17|18|18|19|19|20|20|21|22|23|24|25|26|27|28|29|30|31|32|33|34|35|36|37|38|39|40|41|42|43|44|45|46|47|48|49|50|51|52|53|54|55|56|57|58|59|60|61|62|63|64|65|66|67|68|69|70|71|72|73|74|75|76|77|78|79|80|81|82|83|84|85|86|87|88|89|90|91|92|93|94|95|96|97|98|99|100|101|102|103|104,20,1,104,42.000000,False,False
no_delay,ECG_query_PPG_key_value,21,125,-21|-20|-19|-18|-17|-16|-15|-14|-13|-12|-11|-10|-9|-8|-7|-6|-5|-4|-3|-2|-1|0|1|2|3|4|5|6|7|8|9|10|11|12|13|14|15|16|17|18|19|20|21|22|23|24|25|26|27|28|29|30|31|32|33|34|35|36|37|38|39|40|41|42|43|44|45|46|47|48|49|50|51|52|53|54|55|56|57|58|59|60|61|62|63|64|65|66|67|68|69|70|71|72|73|74|75|76|77|78|79|80|81|82|83|84|85|86|87|88|89|90|91|92|93|94|95|96|97|98|99|100|101|102|103,0|1|1|2|2|3|3|4|4|5|5|6|6|7|7|8|8|9|9|10|10|11|11|12|12|13|13|14|14|15|15|16|16|17|17|18|18|19|19|20|20|21|21|22|23|24|25|26|27|28|29|30|31|32|33|34|35|36|37|38|39|40|41|42|43|44|45|46|47|48|49|50|51|52|53|54|55|56|57|58|59|60|61|62|63|64|65|66|67|68|69|70|71|72|73|74|75|76|77|78|79|80|81|82|83|84|85|86|87|88|89|90|91|92|93|94|95|96|97|98|99|100|101|102|103,21,1,103,41.000000,False,False
no_delay,ECG_query_PPG_key_value,22,125,-22|-21|-20|-19|-18|-17|-16|-15|-14|-13|-12|-11|-10|-9|-8|-7|-6|-5|-4|-3|-2|-1|0|1|2|3|4|5|6|7|8|9|10|11|12|13|14|15|16|17|18|19|20|21|22|23|24|25|26|27|28|29|30|31|32|33|34|35|36|37|38|39|40|41|42|43|44|45|46|47|48|49|50|51|52|53|54|55|56|57|58|59|60|61|62|63|64|65|66|67|68|69|70|71|72|73|74|75|76|77|78|79|80|81|82|83|84|85|86|87|88|89|90|91|92|93|94|95|96|97|98|99|100|101|102,0|1|1|2|2|3|3|4|4|5|5|6|6|7|7|8|8|9|9|10|10|11|11|12|12|13|13|14|14|15|15|16|16|17|17|18|18|19|19|20|20|21|21|22|22|23|24|25|26|27|28|29|30|31|32|33|34|35|36|37|38|39|40|41|42|43|44|45|46|47|48|49|50|51|52|53|54|55|56|57|58|59|60|61|62|63|64|65|66|67|68|69|70|71|72|73|74|75|76|77|78|79|80|81|82|83|84|85|86|87|88|89|90|91|92|93|94|95|96|97|98|99|100|101|102,22,1,102,40.000000,False,False
no_delay,ECG_query_PPG_key_value,23,125,-23|-22|-21|-20|-19|-18|-17|-16|-15|-14|-13|-12|-11|-10|-9|-8|-7|-6|-5|-4|-3|-2|-1|0|1|2|3|4|5|6|7|8|9|10|11|12|13|14|15|16|17|18|19|20|21|22|23|24|25|26|27|28|29|30|31|32|33|34|35|36|37|38|39|40|41|42|43|44|45|46|47|48|49|50|51|52|53|54|55|56|57|58|59|60|61|62|63|64|65|66|67|68|69|70|71|72|73|74|75|76|77|78|79|80|81|82|83|84|85|86|87|88|89|90|91|92|93|94|95|96|97|98|99|100|101,0|1|1|2|2|3|3|4|4|5|5|6|6|7|7|8|8|9|9|10|10|11|11|12|12|13|13|14|14|15|15|16|16|17|17|18|18|19|19|20|20|21|21|22|22|23|23|24|25|26|27|28|29|30|31|32|33|34|35|36|37|38|39|40|41|42|43|44|45|46|47|48|49|50|51|52|53|54|55|56|57|58|59|60|61|62|63|64|65|66|67|68|69|70|71|72|73|74|75|76|77|78|79|80|81|82|83|84|85|86|87|88|89|90|91|92|93|94|95|96|97|98|99|100|101,23,1,101,39.000000,False,False
no_delay,ECG_query_PPG_key_value,24,125,-24|-23|-22|-21|-20|-19|-18|-17|-16|-15|-14|-13|-12|-11|-10|-9|-8|-7|-6|-5|-4|-3|-2|-1|0|1|2|3|4|5|6|7|8|9|10|11|12|13|14|15|16|17|18|19|20|21|22|23|24|25|26|27|28|29|30|31|32|33|34|35|36|37|38|39|40|41|42|43|44|45|46|47|48|49|50|51|52|53|54|55|56|57|58|59|60|61|62|63|64|65|66|67|68|69|70|71|72|73|74|75|76|77|78|79|80|81|82|83|84|85|86|87|88|89|90|91|92|93|94|95|96|97|98|99|100,0|1|1|2|2|3|3|4|4|5|5|6|6|7|7|8|8|9|9|10|10|11|11|12|12|13|13|14|14|15|15|16|16|17|17|18|18|19|19|20|20|21|21|22|22|23|23|24|24|25|26|27|28|29|30|31|32|33|34|35|36|37|38|39|40|41|42|43|44|45|46|47|48|49|50|51|52|53|54|55|56|57|58|59|60|61|62|63|64|65|66|67|68|69|70|71|72|73|74|75|76|77|78|79|80|81|82|83|84|85|86|87|88|89|90|91|92|93|94|95|96|97|98|99|100,24,1,100,38.000000,False,False
no_delay,ECG_query_PPG_key_value,25,125,-25|-24|-23|-22|-21|-20|-19|-18|-17|-16|-15|-14|-13|-12|-11|-10|-9|-8|-7|-6|-5|-4|-3|-2|-1|0|1|2|3|4|5|6|7|8|9|10|11|12|13|14|15|16|17|18|19|20|21|22|23|24|25|26|27|28|29|30|31|32|33|34|35|36|37|38|39|40|41|42|43|44|45|46|47|48|49|50|51|52|53|54|55|56|57|58|59|60|61|62|63|64|65|66|67|68|69|70|71|72|73|74|75|76|77|78|79|80|81|82|83|84|85|86|87|88|89|90|91|92|93|94|95|96|97|98|99,0|1|1|2|2|3|3|4|4|5|5|6|6|7|7|8|8|9|9|10|10|11|11|12|12|13|13|14|14|15|15|16|16|17|17|18|18|19|19|20|20|21|21|22|22|23|23|24|24|25|25|26|27|28|29|30|31|32|33|34|35|36|37|38|39|40|41|42|43|44|45|46|47|48|49|50|51|52|53|54|55|56|57|58|59|60|61|62|63|64|65|66|67|68|69|70|71|72|73|74|75|76|77|78|79|80|81|82|83|84|85|86|87|88|89|90|91|92|93|94|95|96|97|98|99,25,1,99,37.000000,False,False
no_delay,ECG_query_PPG_key_value,26,125,-26|-25|-24|-23|-22|-21|-20|-19|-18|-17|-16|-15|-14|-13|-12|-11|-10|-9|-8|-7|-6|-5|-4|-3|-2|-1|0|1|2|3|4|5|6|7|8|9|10|11|12|13|14|15|16|17|18|19|20|21|22|23|24|25|26|27|28|29|30|31|32|33|34|35|36|37|38|39|40|41|42|43|44|45|46|47|48|49|50|51|52|53|54|55|56|57|58|59|60|61|62|63|64|65|66|67|68|69|70|71|72|73|74|75|76|77|78|79|80|81|82|83|84|85|86|87|88|89|90|91|92|93|94|95|96|97|98,0|1|1|2|2|3|3|4|4|5|5|6|6|7|7|8|8|9|9|10|10|11|11|12|12|13|13|14|14|15|15|16|16|17|17|18|18|19|19|20|20|21|21|22|22|23|23|24|24|25|25|26|26|27|28|29|30|31|32|33|34|35|36|37|38|39|40|41|42|43|44|45|46|47|48|49|50|51|52|53|54|55|56|57|58|59|60|61|62|63|64|65|66|67|68|69|70|71|72|73|74|75|76|77|78|79|80|81|82|83|84|85|86|87|88|89|90|91|92|93|94|95|96|97|98,26,1,98,36.000000,False,False
no_delay,ECG_query_PPG_key_value,27,125,-27|-26|-25|-24|-23|-22|-21|-20|-19|-18|-17|-16|-15|-14|-13|-12|-11|-10|-9|-8|-7|-6|-5|-4|-3|-2|-1|0|1|2|3|4|5|6|7|8|9|10|11|12|13|14|15|16|17|18|19|20|21|22|23|24|25|26|27|28|29|30|31|32|33|34|35|36|37|38|39|40|41|42|43|44|45|46|47|48|49|50|51|52|53|54|55|56|57|58|59|60|61|62|63|64|65|66|67|68|69|70|71|72|73|74|75|76|77|78|79|80|81|82|83|84|85|86|87|88|89|90|91|92|93|94|95|96|97,0|1|1|2|2|3|3|4|4|5|5|6|6|7|7|8|8|9|9|10|10|11|11|12|12|13|13|14|14|15|15|16|16|17|17|18|18|19|19|20|20|21|21|22|22|23|23|24|24|25|25|26|26|27|27|28|29|30|31|32|33|34|35|36|37|38|39|40|41|42|43|44|45|46|47|48|49|50|51|52|53|54|55|56|57|58|59|60|61|62|63|64|65|66|67|68|69|70|71|72|73|74|75|76|77|78|79|80|81|82|83|84|85|86|87|88|89|90|91|92|93|94|95|96|97,27,1,97,35.000000,False,False
no_delay,ECG_query_PPG_key_value,28,125,-28|-27|-26|-25|-24|-23|-22|-21|-20|-19|-18|-17|-16|-15|-14|-13|-12|-11|-10|-9|-8|-7|-6|-5|-4|-3|-2|-1|0|1|2|3|4|5|6|7|8|9|10|11|12|13|14|15|16|17|18|19|20|21|22|23|24|25|26|27|28|29|30|31|32|33|34|35|36|37|38|39|40|41|42|43|44|45|46|47|48|49|50|51|52|53|54|55|56|57|58|59|60|61|62|63|64|65|66|67|68|69|70|71|72|73|74|75|76|77|78|79|80|81|82|83|84|85|86|87|88|89|90|91|92|93|94|95|96,0|1|1|2|2|3|3|4|4|5|5|6|6|7|7|8|8|9|9|10|10|11|11|12|12|13|13|14|14|15|15|16|16|17|17|18|18|19|19|20|20|21|21|22|22|23|23|24|24|25|25|26|26|27|27|28|28|29|30|31|32|33|34|35|36|37|38|39|40|41|42|43|44|45|46|47|48|49|50|51|52|53|54|55|56|57|58|59|60|61|62|63|64|65|66|67|68|69|70|71|72|73|74|75|76|77|78|79|80|81|82|83|84|85|86|87|88|89|90|91|92|93|94|95|96,28,1,96,34.000000,False,False
no_delay,ECG_query_PPG_key_value,29,125,-29|-28|-27|-26|-25|-24|-23|-22|-21|-20|-19|-18|-17|-16|-15|-14|-13|-12|-11|-10|-9|-8|-7|-6|-5|-4|-3|-2|-1|0|1|2|3|4|5|6|7|8|9|10|11|12|13|14|15|16|17|18|19|20|21|22|23|24|25|26|27|28|29|30|31|32|33|34|35|36|37|38|39|40|41|42|43|44|45|46|47|48|49|50|51|52|53|54|55|56|57|58|59|60|61|62|63|64|65|66|67|68|69|70|71|72|73|74|75|76|77|78|79|80|81|82|83|84|85|86|87|88|89|90|91|92|93|94|95,0|1|1|2|2|3|3|4|4|5|5|6|6|7|7|8|8|9|9|10|10|11|11|12|12|13|13|14|14|15|15|16|16|17|17|18|18|19|19|20|20|21|21|22|22|23|23|24|24|25|25|26|26|27|27|28|28|29|29|30|31|32|33|34|35|36|37|38|39|40|41|42|43|44|45|46|47|48|49|50|51|52|53|54|55|56|57|58|59|60|61|62|63|64|65|66|67|68|69|70|71|72|73|74|75|76|77|78|79|80|81|82|83|84|85|86|87|88|89|90|91|92|93|94|95,29,1,95,33.000000,False,False
no_delay,ECG_query_PPG_key_value,30,125,-30|-29|-28|-27|-26|-25|-24|-23|-22|-21|-20|-19|-18|-17|-16|-15|-14|-13|-12|-11|-10|-9|-8|-7|-6|-5|-4|-3|-2|-1|0|1|2|3|4|5|6|7|8|9|10|11|12|13|14|15|16|17|18|19|20|21|22|23|24|25|26|27|28|29|30|31|32|33|34|35|36|37|38|39|40|41|42|43|44|45|46|47|48|49|50|51|52|53|54|55|56|57|58|59|60|61|62|63|64|65|66|67|68|69|70|71|72|73|74|75|76|77|78|79|80|81|82|83|84|85|86|87|88|89|90|91|92|93|94,0|1|1|2|2|3|3|4|4|5|5|6|6|7|7|8|8|9|9|10|10|11|11|12|12|13|13|14|14|15|15|16|16|17|17|18|18|19|19|20|20|21|21|22|22|23|23|24|24|25|25|26|26|27|27|28|28|29|29|30|30|31|32|33|34|35|36|37|38|39|40|41|42|43|44|45|46|47|48|49|50|51|52|53|54|55|56|57|58|59|60|61|62|63|64|65|66|67|68|69|70|71|72|73|74|75|76|77|78|79|80|81|82|83|84|85|86|87|88|89|90|91|92|93|94,30,1,94,32.000000,False,False
no_delay,ECG_query_PPG_key_value,31,125,-31|-30|-29|-28|-27|-26|-25|-24|-23|-22|-21|-20|-19|-18|-17|-16|-15|-14|-13|-12|-11|-10|-9|-8|-7|-6|-5|-4|-3|-2|-1|0|1|2|3|4|5|6|7|8|9|10|11|12|13|14|15|16|17|18|19|20|21|22|23|24|25|26|27|28|29|30|31|32|33|34|35|36|37|38|39|40|41|42|43|44|45|46|47|48|49|50|51|52|53|54|55|56|57|58|59|60|61|62|63|64|65|66|67|68|69|70|71|72|73|74|75|76|77|78|79|80|81|82|83|84|85|86|87|88|89|90|91|92|93,0|1|1|2|2|3|3|4|4|5|5|6|6|7|7|8|8|9|9|10|10|11|11|12|12|13|13|14|14|15|15|16|16|17|17|18|18|19|19|20|20|21|21|22|22|23|23|24|24|25|25|26|26|27|27|28|28|29|29|30|30|31|31|32|33|34|35|36|37|38|39|40|41|42|43|44|45|46|47|48|49|50|51|52|53|54|55|56|57|58|59|60|61|62|63|64|65|66|67|68|69|70|71|72|73|74|75|76|77|78|79|80|81|82|83|84|85|86|87|88|89|90|91|92|93,31,1,93,31.000000,False,False
no_delay,ECG_query_PPG_key_value,32,125,-32|-31|-30|-29|-28|-27|-26|-25|-24|-23|-22|-21|-20|-19|-18|-17|-16|-15|-14|-13|-12|-11|-10|-9|-8|-7|-6|-5|-4|-3|-2|-1|0|1|2|3|4|5|6|7|8|9|10|11|12|13|14|15|16|17|18|19|20|21|22|23|24|25|26|27|28|29|30|31|32|33|34|35|36|37|38|39|40|41|42|43|44|45|46|47|48|49|50|51|52|53|54|55|56|57|58|59|60|61|62|63|64|65|66|67|68|69|70|71|72|73|74|75|76|77|78|79|80|81|82|83|84|85|86|87|88|89|90|91|92,0|1|1|2|2|3|3|4|4|5|5|6|6|7|7|8|8|9|9|10|10|11|11|12|12|13|13|14|14|15|15|16|16|17|17|18|18|19|19|20|20|21|21|22|22|23|23|24|24|25|25|26|26|27|27|28|28|29|29|30|30|31|31|32|32|33|34|35|36|37|38|39|40|41|42|43|44|45|46|47|48|49|50|51|52|53|54|55|56|57|58|59|60|61|62|63|64|65|66|67|68|69|70|71|72|73|74|75|76|77|78|79|80|81|82|83|84|85|86|87|88|89|90|91|92,32,1,92,30.000000,False,False
no_delay,ECG_query_PPG_key_value,33,125,-33|-32|-31|-30|-29|-28|-27|-26|-25|-24|-23|-22|-21|-20|-19|-18|-17|-16|-15|-14|-13|-12|-11|-10|-9|-8|-7|-6|-5|-4|-3|-2|-1|0|1|2|3|4|5|6|7|8|9|10|11|12|13|14|15|16|17|18|19|20|21|22|23|24|25|26|27|28|29|30|31|32|33|34|35|36|37|38|39|40|41|42|43|44|45|46|47|48|49|50|51|52|53|54|55|56|57|58|59|60|61|62|63|64|65|66|67|68|69|70|71|72|73|74|75|76|77|78|79|80|81|82|83|84|85|86|87|88|89|90|91,0|1|1|2|2|3|3|4|4|5|5|6|6|7|7|8|8|9|9|10|10|11|11|12|12|13|13|14|14|15|15|16|16|17|17|18|18|19|19|20|20|21|21|22|22|23|23|24|24|25|25|26|26|27|27|28|28|29|29|30|30|31|31|32|32|33|33|34|35|36|37|38|39|40|41|42|43|44|45|46|47|48|49|50|51|52|53|54|55|56|57|58|59|60|61|62|63|64|65|66|67|68|69|70|71|72|73|74|75|76|77|78|79|80|81|82|83|84|85|86|87|88|89|90|91,33,1,91,29.000000,False,False
no_delay,ECG_query_PPG_key_value,34,125,-34|-33|-32|-31|-30|-29|-28|-27|-26|-25|-24|-23|-22|-21|-20|-19|-18|-17|-16|-15|-14|-13|-12|-11|-10|-9|-8|-7|-6|-5|-4|-3|-2|-1|0|1|2|3|4|5|6|7|8|9|10|11|12|13|14|15|16|17|18|19|20|21|22|23|24|25|26|27|28|29|30|31|32|33|34|35|36|37|38|39|40|41|42|43|44|45|46|47|48|49|50|51|52|53|54|55|56|57|58|59|60|61|62|63|64|65|66|67|68|69|70|71|72|73|74|75|76|77|78|79|80|81|82|83|84|85|86|87|88|89|90,0|1|1|2|2|3|3|4|4|5|5|6|6|7|7|8|8|9|9|10|10|11|11|12|12|13|13|14|14|15|15|16|16|17|17|18|18|19|19|20|20|21|21|22|22|23|23|24|24|25|25|26|26|27|27|28|28|29|29|30|30|31|31|32|32|33|33|34|34|35|36|37|38|39|40|41|42|43|44|45|46|47|48|49|50|51|52|53|54|55|56|57|58|59|60|61|62|63|64|65|66|67|68|69|70|71|72|73|74|75|76|77|78|79|80|81|82|83|84|85|86|87|88|89|90,34,1,90,28.000000,False,False
no_delay,ECG_query_PPG_key_value,35,125,-35|-34|-33|-32|-31|-30|-29|-28|-27|-26|-25|-24|-23|-22|-21|-20|-19|-18|-17|-16|-15|-14|-13|-12|-11|-10|-9|-8|-7|-6|-5|-4|-3|-2|-1|0|1|2|3|4|5|6|7|8|9|10|11|12|13|14|15|16|17|18|19|20|21|22|23|24|25|26|27|28|29|30|31|32|33|34|35|36|37|38|39|40|41|42|43|44|45|46|47|48|49|50|51|52|53|54|55|56|57|58|59|60|61|62|63|64|65|66|67|68|69|70|71|72|73|74|75|76|77|78|79|80|81|82|83|84|85|86|87|88|89,0|1|1|2|2|3|3|4|4|5|5|6|6|7|7|8|8|9|9|10|10|11|11|12|12|13|13|14|14|15|15|16|16|17|17|18|18|19|19|20|20|21|21|22|22|23|23|24|24|25|25|26|26|27|27|28|28|29|29|30|30|31|31|32|32|33|33|34|34|35|35|36|37|38|39|40|41|42|43|44|45|46|47|48|49|50|51|52|53|54|55|56|57|58|59|60|61|62|63|64|65|66|67|68|69|70|71|72|73|74|75|76|77|78|79|80|81|82|83|84|85|86|87|88|89,35,1,89,27.000000,False,False
no_delay,ECG_query_PPG_key_value,36,125,-36|-35|-34|-33|-32|-31|-30|-29|-28|-27|-26|-25|-24|-23|-22|-21|-20|-19|-18|-17|-16|-15|-14|-13|-12|-11|-10|-9|-8|-7|-6|-5|-4|-3|-2|-1|0|1|2|3|4|5|6|7|8|9|10|11|12|13|14|15|16|17|18|19|20|21|22|23|24|25|26|27|28|29|30|31|32|33|34|35|36|37|38|39|40|41|42|43|44|45|46|47|48|49|50|51|52|53|54|55|56|57|58|59|60|61|62|63|64|65|66|67|68|69|70|71|72|73|74|75|76|77|78|79|80|81|82|83|84|85|86|87|88,0|1|1|2|2|3|3|4|4|5|5|6|6|7|7|8|8|9|9|10|10|11|11|12|12|13|13|14|14|15|15|16|16|17|17|18|18|19|19|20|20|21|21|22|22|23|23|24|24|25|25|26|26|27|27|28|28|29|29|30|30|31|31|32|32|33|33|34|34|35|35|36|36|37|38|39|40|41|42|43|44|45|46|47|48|49|50|51|52|53|54|55|56|57|58|59|60|61|62|63|64|65|66|67|68|69|70|71|72|73|74|75|76|77|78|79|80|81|82|83|84|85|86|87|88,36,1,88,26.000000,False,False
no_delay,ECG_query_PPG_key_value,37,125,-37|-36|-35|-34|-33|-32|-31|-30|-29|-28|-27|-26|-25|-24|-23|-22|-21|-20|-19|-18|-17|-16|-15|-14|-13|-12|-11|-10|-9|-8|-7|-6|-5|-4|-3|-2|-1|0|1|2|3|4|5|6|7|8|9|10|11|12|13|14|15|16|17|18|19|20|21|22|23|24|25|26|27|28|29|30|31|32|33|34|35|36|37|38|39|40|41|42|43|44|45|46|47|48|49|50|51|52|53|54|55|56|57|58|59|60|61|62|63|64|65|66|67|68|69|70|71|72|73|74|75|76|77|78|79|80|81|82|83|84|85|86|87,0|1|1|2|2|3|3|4|4|5|5|6|6|7|7|8|8|9|9|10|10|11|11|12|12|13|13|14|14|15|15|16|16|17|17|18|18|19|19|20|20|21|21|22|22|23|23|24|24|25|25|26|26|27|27|28|28|29|29|30|30|31|31|32|32|33|33|34|34|35|35|36|36|37|37|38|39|40|41|42|43|44|45|46|47|48|49|50|51|52|53|54|55|56|57|58|59|60|61|62|63|64|65|66|67|68|69|70|71|72|73|74|75|76|77|78|79|80|81|82|83|84|85|86|87,37,1,87,25.000000,False,False
no_delay,ECG_query_PPG_key_value,38,125,-38|-37|-36|-35|-34|-33|-32|-31|-30|-29|-28|-27|-26|-25|-24|-23|-22|-21|-20|-19|-18|-17|-16|-15|-14|-13|-12|-11|-10|-9|-8|-7|-6|-5|-4|-3|-2|-1|0|1|2|3|4|5|6|7|8|9|10|11|12|13|14|15|16|17|18|19|20|21|22|23|24|25|26|27|28|29|30|31|32|33|34|35|36|37|38|39|40|41|42|43|44|45|46|47|48|49|50|51|52|53|54|55|56|57|58|59|60|61|62|63|64|65|66|67|68|69|70|71|72|73|74|75|76|77|78|79|80|81|82|83|84|85|86,0|1|1|2|2|3|3|4|4|5|5|6|6|7|7|8|8|9|9|10|10|11|11|12|12|13|13|14|14|15|15|16|16|17|17|18|18|19|19|20|20|21|21|22|22|23|23|24|24|25|25|26|26|27|27|28|28|29|29|30|30|31|31|32|32|33|33|34|34|35|35|36|36|37|37|38|38|39|40|41|42|43|44|45|46|47|48|49|50|51|52|53|54|55|56|57|58|59|60|61|62|63|64|65|66|67|68|69|70|71|72|73|74|75|76|77|78|79|80|81|82|83|84|85|86,38,1,86,24.000000,False,False
no_delay,ECG_query_PPG_key_value,39,125,-39|-38|-37|-36|-35|-34|-33|-32|-31|-30|-29|-28|-27|-26|-25|-24|-23|-22|-21|-20|-19|-18|-17|-16|-15|-14|-13|-12|-11|-10|-9|-8|-7|-6|-5|-4|-3|-2|-1|0|1|2|3|4|5|6|7|8|9|10|11|12|13|14|15|16|17|18|19|20|21|22|23|24|25|26|27|28|29|30|31|32|33|34|35|36|37|38|39|40|41|42|43|44|45|46|47|48|49|50|51|52|53|54|55|56|57|58|59|60|61|62|63|64|65|66|67|68|69|70|71|72|73|74|75|76|77|78|79|80|81|82|83|84|85,0|1|1|2|2|3|3|4|4|5|5|6|6|7|7|8|8|9|9|10|10|11|11|12|12|13|13|14|14|15|15|16|16|17|17|18|18|19|19|20|20|21|21|22|22|23|23|24|24|25|25|26|26|27|27|28|28|29|29|30|30|31|31|32|32|33|33|34|34|35|35|36|36|37|37|38|38|39|39|40|41|42|43|44|45|46|47|48|49|50|51|52|53|54|55|56|57|58|59|60|61|62|63|64|65|66|67|68|69|70|71|72|73|74|75|76|77|78|79|80|81|82|83|84|85,39,1,85,23.000000,False,False
no_delay,ECG_query_PPG_key_value,40,125,-40|-39|-38|-37|-36|-35|-34|-33|-32|-31|-30|-29|-28|-27|-26|-25|-24|-23|-22|-21|-20|-19|-18|-17|-16|-15|-14|-13|-12|-11|-10|-9|-8|-7|-6|-5|-4|-3|-2|-1|0|1|2|3|4|5|6|7|8|9|10|11|12|13|14|15|16|17|18|19|20|21|22|23|24|25|26|27|28|29|30|31|32|33|34|35|36|37|38|39|40|41|42|43|44|45|46|47|48|49|50|51|52|53|54|55|56|57|58|59|60|61|62|63|64|65|66|67|68|69|70|71|72|73|74|75|76|77|78|79|80|81|82|83|84,0|1|1|2|2|3|3|4|4|5|5|6|6|7|7|8|8|9|9|10|10|11|11|12|12|13|13|14|14|15|15|16|16|17|17|18|18|19|19|20|20|21|21|22|22|23|23|24|24|25|25|26|26|27|27|28|28|29|29|30|30|31|31|32|32|33|33|34|34|35|35|36|36|37|37|38|38|39|39|40|40|41|42|43|44|45|46|47|48|49|50|51|52|53|54|55|56|57|58|59|60|61|62|63|64|65|66|67|68|69|70|71|72|73|74|75|76|77|78|79|80|81|82|83|84,40,1,84,22.000000,False,False
no_delay,ECG_query_PPG_key_value,41,125,-41|-40|-39|-38|-37|-36|-35|-34|-33|-32|-31|-30|-29|-28|-27|-26|-25|-24|-23|-22|-21|-20|-19|-18|-17|-16|-15|-14|-13|-12|-11|-10|-9|-8|-7|-6|-5|-4|-3|-2|-1|0|1|2|3|4|5|6|7|8|9|10|11|12|13|14|15|16|17|18|19|20|21|22|23|24|25|26|27|28|29|30|31|32|33|34|35|36|37|38|39|40|41|42|43|44|45|46|47|48|49|50|51|52|53|54|55|56|57|58|59|60|61|62|63|64|65|66|67|68|69|70|71|72|73|74|75|76|77|78|79|80|81|82|83,0|1|1|2|2|3|3|4|4|5|5|6|6|7|7|8|8|9|9|10|10|11|11|12|12|13|13|14|14|15|15|16|16|17|17|18|18|19|19|20|20|21|21|22|22|23|23|24|24|25|25|26|26|27|27|28|28|29|29|30|30|31|31|32|32|33|33|34|34|35|35|36|36|37|37|38|38|39|39|40|40|41|41|42|43|44|45|46|47|48|49|50|51|52|53|54|55|56|57|58|59|60|61|62|63|64|65|66|67|68|69|70|71|72|73|74|75|76|77|78|79|80|81|82|83,41,1,83,21.000000,False,False
no_delay,ECG_query_PPG_key_value,42,125,-42|-41|-40|-39|-38|-37|-36|-35|-34|-33|-32|-31|-30|-29|-28|-27|-26|-25|-24|-23|-22|-21|-20|-19|-18|-17|-16|-15|-14|-13|-12|-11|-10|-9|-8|-7|-6|-5|-4|-3|-2|-1|0|1|2|3|4|5|6|7|8|9|10|11|12|13|14|15|16|17|18|19|20|21|22|23|24|25|26|27|28|29|30|31|32|33|34|35|36|37|38|39|40|41|42|43|44|45|46|47|48|49|50|51|52|53|54|55|56|57|58|59|60|61|62|63|64|65|66|67|68|69|70|71|72|73|74|75|76|77|78|79|80|81|82,0|1|1|2|2|3|3|4|4|5|5|6|6|7|7|8|8|9|9|10|10|11|11|12|12|13|13|14|14|15|15|16|16|17|17|18|18|19|19|20|20|21|21|22|22|23|23|24|24|25|25|26|26|27|27|28|28|29|29|30|30|31|31|32|32|33|33|34|34|35|35|36|36|37|37|38|38|39|39|40|40|41|41|42|42|43|44|45|46|47|48|49|50|51|52|53|54|55|56|57|58|59|60|61|62|63|64|65|66|67|68|69|70|71|72|73|74|75|76|77|78|79|80|81|82,42,1,82,20.000000,False,False
no_delay,ECG_query_PPG_key_value,43,125,-43|-42|-41|-40|-39|-38|-37|-36|-35|-34|-33|-32|-31|-30|-29|-28|-27|-26|-25|-24|-23|-22|-21|-20|-19|-18|-17|-16|-15|-14|-13|-12|-11|-10|-9|-8|-7|-6|-5|-4|-3|-2|-1|0|1|2|3|4|5|6|7|8|9|10|11|12|13|14|15|16|17|18|19|20|21|22|23|24|25|26|27|28|29|30|31|32|33|34|35|36|37|38|39|40|41|42|43|44|45|46|47|48|49|50|51|52|53|54|55|56|57|58|59|60|61|62|63|64|65|66|67|68|69|70|71|72|73|74|75|76|77|78|79|80|81,0|1|1|2|2|3|3|4|4|5|5|6|6|7|7|8|8|9|9|10|10|11|11|12|12|13|13|14|14|15|15|16|16|17|17|18|18|19|19|20|20|21|21|22|22|23|23|24|24|25|25|26|26|27|27|28|28|29|29|30|30|31|31|32|32|33|33|34|34|35|35|36|36|37|37|38|38|39|39|40|40|41|41|42|42|43|43|44|45|46|47|48|49|50|51|52|53|54|55|56|57|58|59|60|61|62|63|64|65|66|67|68|69|70|71|72|73|74|75|76|77|78|79|80|81,43,1,81,19.000000,False,False
no_delay,ECG_query_PPG_key_value,44,125,-44|-43|-42|-41|-40|-39|-38|-37|-36|-35|-34|-33|-32|-31|-30|-29|-28|-27|-26|-25|-24|-23|-22|-21|-20|-19|-18|-17|-16|-15|-14|-13|-12|-11|-10|-9|-8|-7|-6|-5|-4|-3|-2|-1|0|1|2|3|4|5|6|7|8|9|10|11|12|13|14|15|16|17|18|19|20|21|22|23|24|25|26|27|28|29|30|31|32|33|34|35|36|37|38|39|40|41|42|43|44|45|46|47|48|49|50|51|52|53|54|55|56|57|58|59|60|61|62|63|64|65|66|67|68|69|70|71|72|73|74|75|76|77|78|79|80,0|1|1|2|2|3|3|4|4|5|5|6|6|7|7|8|8|9|9|10|10|11|11|12|12|13|13|14|14|15|15|16|16|17|17|18|18|19|19|20|20|21|21|22|22|23|23|24|24|25|25|26|26|27|27|28|28|29|29|30|30|31|31|32|32|33|33|34|34|35|35|36|36|37|37|38|38|39|39|40|40|41|41|42|42|43|43|44|44|45|46|47|48|49|50|51|52|53|54|55|56|57|58|59|60|61|62|63|64|65|66|67|68|69|70|71|72|73|74|75|76|77|78|79|80,44,1,80,18.000000,False,False
no_delay,ECG_query_PPG_key_value,45,125,-45|-44|-43|-42|-41|-40|-39|-38|-37|-36|-35|-34|-33|-32|-31|-30|-29|-28|-27|-26|-25|-24|-23|-22|-21|-20|-19|-18|-17|-16|-15|-14|-13|-12|-11|-10|-9|-8|-7|-6|-5|-4|-3|-2|-1|0|1|2|3|4|5|6|7|8|9|10|11|12|13|14|15|16|17|18|19|20|21|22|23|24|25|26|27|28|29|30|31|32|33|34|35|36|37|38|39|40|41|42|43|44|45|46|47|48|49|50|51|52|53|54|55|56|57|58|59|60|61|62|63|64|65|66|67|68|69|70|71|72|73|74|75|76|77|78|79,0|1|1|2|2|3|3|4|4|5|5|6|6|7|7|8|8|9|9|10|10|11|11|12|12|13|13|14|14|15|15|16|16|17|17|18|18|19|19|20|20|21|21|22|22|23|23|24|24|25|25|26|26|27|27|28|28|29|29|30|30|31|31|32|32|33|33|34|34|35|35|36|36|37|37|38|38|39|39|40|40|41|41|42|42|43|43|44|44|45|45|46|47|48|49|50|51|52|53|54|55|56|57|58|59|60|61|62|63|64|65|66|67|68|69|70|71|72|73|74|75|76|77|78|79,45,1,79,17.000000,False,False
no_delay,ECG_query_PPG_key_value,46,125,-46|-45|-44|-43|-42|-41|-40|-39|-38|-37|-36|-35|-34|-33|-32|-31|-30|-29|-28|-27|-26|-25|-24|-23|-22|-21|-20|-19|-18|-17|-16|-15|-14|-13|-12|-11|-10|-9|-8|-7|-6|-5|-4|-3|-2|-1|0|1|2|3|4|5|6|7|8|9|10|11|12|13|14|15|16|17|18|19|20|21|22|23|24|25|26|27|28|29|30|31|32|33|34|35|36|37|38|39|40|41|42|43|44|45|46|47|48|49|50|51|52|53|54|55|56|57|58|59|60|61|62|63|64|65|66|67|68|69|70|71|72|73|74|75|76|77|78,0|1|1|2|2|3|3|4|4|5|5|6|6|7|7|8|8|9|9|10|10|11|11|12|12|13|13|14|14|15|15|16|16|17|17|18|18|19|19|20|20|21|21|22|22|23|23|24|24|25|25|26|26|27|27|28|28|29|29|30|30|31|31|32|32|33|33|34|34|35|35|36|36|37|37|38|38|39|39|40|40|41|41|42|42|43|43|44|44|45|45|46|46|47|48|49|50|51|52|53|54|55|56|57|58|59|60|61|62|63|64|65|66|67|68|69|70|71|72|73|74|75|76|77|78,46,1,78,16.000000,False,False
no_delay,ECG_query_PPG_key_value,47,125,-47|-46|-45|-44|-43|-42|-41|-40|-39|-38|-37|-36|-35|-34|-33|-32|-31|-30|-29|-28|-27|-26|-25|-24|-23|-22|-21|-20|-19|-18|-17|-16|-15|-14|-13|-12|-11|-10|-9|-8|-7|-6|-5|-4|-3|-2|-1|0|1|2|3|4|5|6|7|8|9|10|11|12|13|14|15|16|17|18|19|20|21|22|23|24|25|26|27|28|29|30|31|32|33|34|35|36|37|38|39|40|41|42|43|44|45|46|47|48|49|50|51|52|53|54|55|56|57|58|59|60|61|62|63|64|65|66|67|68|69|70|71|72|73|74|75|76|77,0|1|1|2|2|3|3|4|4|5|5|6|6|7|7|8|8|9|9|10|10|11|11|12|12|13|13|14|14|15|15|16|16|17|17|18|18|19|19|20|20|21|21|22|22|23|23|24|24|25|25|26|26|27|27|28|28|29|29|30|30|31|31|32|32|33|33|34|34|35|35|36|36|37|37|38|38|39|39|40|40|41|41|42|42|43|43|44|44|45|45|46|46|47|47|48|49|50|51|52|53|54|55|56|57|58|59|60|61|62|63|64|65|66|67|68|69|70|71|72|73|74|75|76|77,47,1,77,15.000000,False,False
no_delay,ECG_query_PPG_key_value,48,125,-48|-47|-46|-45|-44|-43|-42|-41|-40|-39|-38|-37|-36|-35|-34|-33|-32|-31|-30|-29|-28|-27|-26|-25|-24|-23|-22|-21|-20|-19|-18|-17|-16|-15|-14|-13|-12|-11|-10|-9|-8|-7|-6|-5|-4|-3|-2|-1|0|1|2|3|4|5|6|7|8|9|10|11|12|13|14|15|16|17|18|19|20|21|22|23|24|25|26|27|28|29|30|31|32|33|34|35|36|37|38|39|40|41|42|43|44|45|46|47|48|49|50|51|52|53|54|55|56|57|58|59|60|61|62|63|64|65|66|67|68|69|70|71|72|73|74|75|76,0|1|1|2|2|3|3|4|4|5|5|6|6|7|7|8|8|9|9|10|10|11|11|12|12|13|13|14|14|15|15|16|16|17|17|18|18|19|19|20|20|21|21|22|22|23|23|24|24|25|25|26|26|27|27|28|28|29|29|30|30|31|31|32|32|33|33|34|34|35|35|36|36|37|37|38|38|39|39|40|40|41|41|42|42|43|43|44|44|45|45|46|46|47|47|48|48|49|50|51|52|53|54|55|56|57|58|59|60|61|62|63|64|65|66|67|68|69|70|71|72|73|74|75|76,48,1,76,14.000000,False,False
no_delay,ECG_query_PPG_key_value,49,125,-49|-48|-47|-46|-45|-44|-43|-42|-41|-40|-39|-38|-37|-36|-35|-34|-33|-32|-31|-30|-29|-28|-27|-26|-25|-24|-23|-22|-21|-20|-19|-18|-17|-16|-15|-14|-13|-12|-11|-10|-9|-8|-7|-6|-5|-4|-3|-2|-1|0|1|2|3|4|5|6|7|8|9|10|11|12|13|14|15|16|17|18|19|20|21|22|23|24|25|26|27|28|29|30|31|32|33|34|35|36|37|38|39|40|41|42|43|44|45|46|47|48|49|50|51|52|53|54|55|56|57|58|59|60|61|62|63|64|65|66|67|68|69|70|71|72|73|74|75,0|1|1|2|2|3|3|4|4|5|5|6|6|7|7|8|8|9|9|10|10|11|11|12|12|13|13|14|14|15|15|16|16|17|17|18|18|19|19|20|20|21|21|22|22|23|23|24|24|25|25|26|26|27|27|28|28|29|29|30|30|31|31|32|32|33|33|34|34|35|35|36|36|37|37|38|38|39|39|40|40|41|41|42|42|43|43|44|44|45|45|46|46|47|47|48|48|49|49|50|51|52|53|54|55|56|57|58|59|60|61|62|63|64|65|66|67|68|69|70|71|72|73|74|75,49,1,75,13.000000,False,False
no_delay,ECG_query_PPG_key_value,50,125,-50|-49|-48|-47|-46|-45|-44|-43|-42|-41|-40|-39|-38|-37|-36|-35|-34|-33|-32|-31|-30|-29|-28|-27|-26|-25|-24|-23|-22|-21|-20|-19|-18|-17|-16|-15|-14|-13|-12|-11|-10|-9|-8|-7|-6|-5|-4|-3|-2|-1|0|1|2|3|4|5|6|7|8|9|10|11|12|13|14|15|16|17|18|19|20|21|22|23|24|25|26|27|28|29|30|31|32|33|34|35|36|37|38|39|40|41|42|43|44|45|46|47|48|49|50|51|52|53|54|55|56|57|58|59|60|61|62|63|64|65|66|67|68|69|70|71|72|73|74,0|1|1|2|2|3|3|4|4|5|5|6|6|7|7|8|8|9|9|10|10|11|11|12|12|13|13|14|14|15|15|16|16|17|17|18|18|19|19|20|20|21|21|22|22|23|23|24|24|25|25|26|26|27|27|28|28|29|29|30|30|31|31|32|32|33|33|34|34|35|35|36|36|37|37|38|38|39|39|40|40|41|41|42|42|43|43|44|44|45|45|46|46|47|47|48|48|49|49|50|50|51|52|53|54|55|56|57|58|59|60|61|62|63|64|65|66|67|68|69|70|71|72|73|74,50,1,74,12.000000,False,False
no_delay,ECG_query_PPG_key_value,51,125,-51|-50|-49|-48|-47|-46|-45|-44|-43|-42|-41|-40|-39|-38|-37|-36|-35|-34|-33|-32|-31|-30|-29|-28|-27|-26|-25|-24|-23|-22|-21|-20|-19|-18|-17|-16|-15|-14|-13|-12|-11|-10|-9|-8|-7|-6|-5|-4|-3|-2|-1|0|1|2|3|4|5|6|7|8|9|10|11|12|13|14|15|16|17|18|19|20|21|22|23|24|25|26|27|28|29|30|31|32|33|34|35|36|37|38|39|40|41|42|43|44|45|46|47|48|49|50|51|52|53|54|55|56|57|58|59|60|61|62|63|64|65|66|67|68|69|70|71|72|73,0|1|1|2|2|3|3|4|4|5|5|6|6|7|7|8|8|9|9|10|10|11|11|12|12|13|13|14|14|15|15|16|16|17|17|18|18|19|19|20|20|21|21|22|22|23|23|24|24|25|25|26|26|27|27|28|28|29|29|30|30|31|31|32|32|33|33|34|34|35|35|36|36|37|37|38|38|39|39|40|40|41|41|42|42|43|43|44|44|45|45|46|46|47|47|48|48|49|49|50|50|51|51|52|53|54|55|56|57|58|59|60|61|62|63|64|65|66|67|68|69|70|71|72|73,51,1,73,11.000000,False,False
no_delay,ECG_query_PPG_key_value,52,125,-52|-51|-50|-49|-48|-47|-46|-45|-44|-43|-42|-41|-40|-39|-38|-37|-36|-35|-34|-33|-32|-31|-30|-29|-28|-27|-26|-25|-24|-23|-22|-21|-20|-19|-18|-17|-16|-15|-14|-13|-12|-11|-10|-9|-8|-7|-6|-5|-4|-3|-2|-1|0|1|2|3|4|5|6|7|8|9|10|11|12|13|14|15|16|17|18|19|20|21|22|23|24|25|26|27|28|29|30|31|32|33|34|35|36|37|38|39|40|41|42|43|44|45|46|47|48|49|50|51|52|53|54|55|56|57|58|59|60|61|62|63|64|65|66|67|68|69|70|71|72,0|1|1|2|2|3|3|4|4|5|5|6|6|7|7|8|8|9|9|10|10|11|11|12|12|13|13|14|14|15|15|16|16|17|17|18|18|19|19|20|20|21|21|22|22|23|23|24|24|25|25|26|26|27|27|28|28|29|29|30|30|31|31|32|32|33|33|34|34|35|35|36|36|37|37|38|38|39|39|40|40|41|41|42|42|43|43|44|44|45|45|46|46|47|47|48|48|49|49|50|50|51|51|52|52|53|54|55|56|57|58|59|60|61|62|63|64|65|66|67|68|69|70|71|72,52,1,72,10.000000,False,False
no_delay,ECG_query_PPG_key_value,53,125,-53|-52|-51|-50|-49|-48|-47|-46|-45|-44|-43|-42|-41|-40|-39|-38|-37|-36|-35|-34|-33|-32|-31|-30|-29|-28|-27|-26|-25|-24|-23|-22|-21|-20|-19|-18|-17|-16|-15|-14|-13|-12|-11|-10|-9|-8|-7|-6|-5|-4|-3|-2|-1|0|1|2|3|4|5|6|7|8|9|10|11|12|13|14|15|16|17|18|19|20|21|22|23|24|25|26|27|28|29|30|31|32|33|34|35|36|37|38|39|40|41|42|43|44|45|46|47|48|49|50|51|52|53|54|55|56|57|58|59|60|61|62|63|64|65|66|67|68|69|70|71,0|1|1|2|2|3|3|4|4|5|5|6|6|7|7|8|8|9|9|10|10|11|11|12|12|13|13|14|14|15|15|16|16|17|17|18|18|19|19|20|20|21|21|22|22|23|23|24|24|25|25|26|26|27|27|28|28|29|29|30|30|31|31|32|32|33|33|34|34|35|35|36|36|37|37|38|38|39|39|40|40|41|41|42|42|43|43|44|44|45|45|46|46|47|47|48|48|49|49|50|50|51|51|52|52|53|53|54|55|56|57|58|59|60|61|62|63|64|65|66|67|68|69|70|71,53,1,71,9.000000,False,False
no_delay,ECG_query_PPG_key_value,54,125,-54|-53|-52|-51|-50|-49|-48|-47|-46|-45|-44|-43|-42|-41|-40|-39|-38|-37|-36|-35|-34|-33|-32|-31|-30|-29|-28|-27|-26|-25|-24|-23|-22|-21|-20|-19|-18|-17|-16|-15|-14|-13|-12|-11|-10|-9|-8|-7|-6|-5|-4|-3|-2|-1|0|1|2|3|4|5|6|7|8|9|10|11|12|13|14|15|16|17|18|19|20|21|22|23|24|25|26|27|28|29|30|31|32|33|34|35|36|37|38|39|40|41|42|43|44|45|46|47|48|49|50|51|52|53|54|55|56|57|58|59|60|61|62|63|64|65|66|67|68|69|70,0|1|1|2|2|3|3|4|4|5|5|6|6|7|7|8|8|9|9|10|10|11|11|12|12|13|13|14|14|15|15|16|16|17|17|18|18|19|19|20|20|21|21|22|22|23|23|24|24|25|25|26|26|27|27|28|28|29|29|30|30|31|31|32|32|33|33|34|34|35|35|36|36|37|37|38|38|39|39|40|40|41|41|42|42|43|43|44|44|45|45|46|46|47|47|48|48|49|49|50|50|51|51|52|52|53|53|54|54|55|56|57|58|59|60|61|62|63|64|65|66|67|68|69|70,54,1,70,8.000000,False,False
no_delay,ECG_query_PPG_key_value,55,125,-55|-54|-53|-52|-51|-50|-49|-48|-47|-46|-45|-44|-43|-42|-41|-40|-39|-38|-37|-36|-35|-34|-33|-32|-31|-30|-29|-28|-27|-26|-25|-24|-23|-22|-21|-20|-19|-18|-17|-16|-15|-14|-13|-12|-11|-10|-9|-8|-7|-6|-5|-4|-3|-2|-1|0|1|2|3|4|5|6|7|8|9|10|11|12|13|14|15|16|17|18|19|20|21|22|23|24|25|26|27|28|29|30|31|32|33|34|35|36|37|38|39|40|41|42|43|44|45|46|47|48|49|50|51|52|53|54|55|56|57|58|59|60|61|62|63|64|65|66|67|68|69,0|1|1|2|2|3|3|4|4|5|5|6|6|7|7|8|8|9|9|10|10|11|11|12|12|13|13|14|14|15|15|16|16|17|17|18|18|19|19|20|20|21|21|22|22|23|23|24|24|25|25|26|26|27|27|28|28|29|29|30|30|31|31|32|32|33|33|34|34|35|35|36|36|37|37|38|38|39|39|40|40|41|41|42|42|43|43|44|44|45|45|46|46|47|47|48|48|49|49|50|50|51|51|52|52|53|53|54|54|55|55|56|57|58|59|60|61|62|63|64|65|66|67|68|69,55,1,69,7.000000,False,False
no_delay,ECG_query_PPG_key_value,56,125,-56|-55|-54|-53|-52|-51|-50|-49|-48|-47|-46|-45|-44|-43|-42|-41|-40|-39|-38|-37|-36|-35|-34|-33|-32|-31|-30|-29|-28|-27|-26|-25|-24|-23|-22|-21|-20|-19|-18|-17|-16|-15|-14|-13|-12|-11|-10|-9|-8|-7|-6|-5|-4|-3|-2|-1|0|1|2|3|4|5|6|7|8|9|10|11|12|13|14|15|16|17|18|19|20|21|22|23|24|25|26|27|28|29|30|31|32|33|34|35|36|37|38|39|40|41|42|43|44|45|46|47|48|49|50|51|52|53|54|55|56|57|58|59|60|61|62|63|64|65|66|67|68,0|1|1|2|2|3|3|4|4|5|5|6|6|7|7|8|8|9|9|10|10|11|11|12|12|13|13|14|14|15|15|16|16|17|17|18|18|19|19|20|20|21|21|22|22|23|23|24|24|25|25|26|26|27|27|28|28|29|29|30|30|31|31|32|32|33|33|34|34|35|35|36|36|37|37|38|38|39|39|40|40|41|41|42|42|43|43|44|44|45|45|46|46|47|47|48|48|49|49|50|50|51|51|52|52|53|53|54|54|55|55|56|56|57|58|59|60|61|62|63|64|65|66|67|68,56,1,68,6.000000,False,False
no_delay,ECG_query_PPG_key_value,57,125,-57|-56|-55|-54|-53|-52|-51|-50|-49|-48|-47|-46|-45|-44|-43|-42|-41|-40|-39|-38|-37|-36|-35|-34|-33|-32|-31|-30|-29|-28|-27|-26|-25|-24|-23|-22|-21|-20|-19|-18|-17|-16|-15|-14|-13|-12|-11|-10|-9|-8|-7|-6|-5|-4|-3|-2|-1|0|1|2|3|4|5|6|7|8|9|10|11|12|13|14|15|16|17|18|19|20|21|22|23|24|25|26|27|28|29|30|31|32|33|34|35|36|37|38|39|40|41|42|43|44|45|46|47|48|49|50|51|52|53|54|55|56|57|58|59|60|61|62|63|64|65|66|67,0|1|1|2|2|3|3|4|4|5|5|6|6|7|7|8|8|9|9|10|10|11|11|12|12|13|13|14|14|15|15|16|16|17|17|18|18|19|19|20|20|21|21|22|22|23|23|24|24|25|25|26|26|27|27|28|28|29|29|30|30|31|31|32|32|33|33|34|34|35|35|36|36|37|37|38|38|39|39|40|40|41|41|42|42|43|43|44|44|45|45|46|46|47|47|48|48|49|49|50|50|51|51|52|52|53|53|54|54|55|55|56|56|57|57|58|59|60|61|62|63|64|65|66|67,57,1,67,5.000000,False,False
no_delay,ECG_query_PPG_key_value,58,125,-58|-57|-56|-55|-54|-53|-52|-51|-50|-49|-48|-47|-46|-45|-44|-43|-42|-41|-40|-39|-38|-37|-36|-35|-34|-33|-32|-31|-30|-29|-28|-27|-26|-25|-24|-23|-22|-21|-20|-19|-18|-17|-16|-15|-14|-13|-12|-11|-10|-9|-8|-7|-6|-5|-4|-3|-2|-1|0|1|2|3|4|5|6|7|8|9|10|11|12|13|14|15|16|17|18|19|20|21|22|23|24|25|26|27|28|29|30|31|32|33|34|35|36|37|38|39|40|41|42|43|44|45|46|47|48|49|50|51|52|53|54|55|56|57|58|59|60|61|62|63|64|65|66,0|1|1|2|2|3|3|4|4|5|5|6|6|7|7|8|8|9|9|10|10|11|11|12|12|13|13|14|14|15|15|16|16|17|17|18|18|19|19|20|20|21|21|22|22|23|23|24|24|25|25|26|26|27|27|28|28|29|29|30|30|31|31|32|32|33|33|34|34|35|35|36|36|37|37|38|38|39|39|40|40|41|41|42|42|43|43|44|44|45|45|46|46|47|47|48|48|49|49|50|50|51|51|52|52|53|53|54|54|55|55|56|56|57|57|58|58|59|60|61|62|63|64|65|66,58,1,66,4.000000,False,False
no_delay,ECG_query_PPG_key_value,59,125,-59|-58|-57|-56|-55|-54|-53|-52|-51|-50|-49|-48|-47|-46|-45|-44|-43|-42|-41|-40|-39|-38|-37|-36|-35|-34|-33|-32|-31|-30|-29|-28|-27|-26|-25|-24|-23|-22|-21|-20|-19|-18|-17|-16|-15|-14|-13|-12|-11|-10|-9|-8|-7|-6|-5|-4|-3|-2|-1|0|1|2|3|4|5|6|7|8|9|10|11|12|13|14|15|16|17|18|19|20|21|22|23|24|25|26|27|28|29|30|31|32|33|34|35|36|37|38|39|40|41|42|43|44|45|46|47|48|49|50|51|52|53|54|55|56|57|58|59|60|61|62|63|64|65,0|1|1|2|2|3|3|4|4|5|5|6|6|7|7|8|8|9|9|10|10|11|11|12|12|13|13|14|14|15|15|16|16|17|17|18|18|19|19|20|20|21|21|22|22|23|23|24|24|25|25|26|26|27|27|28|28|29|29|30|30|31|31|32|32|33|33|34|34|35|35|36|36|37|37|38|38|39|39|40|40|41|41|42|42|43|43|44|44|45|45|46|46|47|47|48|48|49|49|50|50|51|51|52|52|53|53|54|54|55|55|56|56|57|57|58|58|59|59|60|61|62|63|64|65,59,1,65,3.000000,False,False
no_delay,ECG_query_PPG_key_value,60,125,-60|-59|-58|-57|-56|-55|-54|-53|-52|-51|-50|-49|-48|-47|-46|-45|-44|-43|-42|-41|-40|-39|-38|-37|-36|-35|-34|-33|-32|-31|-30|-29|-28|-27|-26|-25|-24|-23|-22|-21|-20|-19|-18|-17|-16|-15|-14|-13|-12|-11|-10|-9|-8|-7|-6|-5|-4|-3|-2|-1|0|1|2|3|4|5|6|7|8|9|10|11|12|13|14|15|16|17|18|19|20|21|22|23|24|25|26|27|28|29|30|31|32|33|34|35|36|37|38|39|40|41|42|43|44|45|46|47|48|49|50|51|52|53|54|55|56|57|58|59|60|61|62|63|64,0|1|1|2|2|3|3|4|4|5|5|6|6|7|7|8|8|9|9|10|10|11|11|12|12|13|13|14|14|15|15|16|16|17|17|18|18|19|19|20|20|21|21|22|22|23|23|24|24|25|25|26|26|27|27|28|28|29|29|30|30|31|31|32|32|33|33|34|34|35|35|36|36|37|37|38|38|39|39|40|40|41|41|42|42|43|43|44|44|45|45|46|46|47|47|48|48|49|49|50|50|51|51|52|52|53|53|54|54|55|55|56|56|57|57|58|58|59|59|60|60|61|62|63|64,60,1,64,2.000000,False,False
no_delay,ECG_query_PPG_key_value,61,125,-61|-60|-59|-58|-57|-56|-55|-54|-53|-52|-51|-50|-49|-48|-47|-46|-45|-44|-43|-42|-41|-40|-39|-38|-37|-36|-35|-34|-33|-32|-31|-30|-29|-28|-27|-26|-25|-24|-23|-22|-21|-20|-19|-18|-17|-16|-15|-14|-13|-12|-11|-10|-9|-8|-7|-6|-5|-4|-3|-2|-1|0|1|2|3|4|5|6|7|8|9|10|11|12|13|14|15|16|17|18|19|20|21|22|23|24|25|26|27|28|29|30|31|32|33|34|35|36|37|38|39|40|41|42|43|44|45|46|47|48|49|50|51|52|53|54|55|56|57|58|59|60|61|62|63,0|1|1|2|2|3|3|4|4|5|5|6|6|7|7|8|8|9|9|10|10|11|11|12|12|13|13|14|14|15|15|16|16|17|17|18|18|19|19|20|20|21|21|22|22|23|23|24|24|25|25|26|26|27|27|28|28|29|29|30|30|31|31|32|32|33|33|34|34|35|35|36|36|37|37|38|38|39|39|40|40|41|41|42|42|43|43|44|44|45|45|46|46|47|47|48|48|49|49|50|50|51|51|52|52|53|53|54|54|55|55|56|56|57|57|58|58|59|59|60|60|61|61|62|63,61,1,63,1.000000,False,False
no_delay,ECG_query_PPG_key_value,62,125,-62|-61|-60|-59|-58|-57|-56|-55|-54|-53|-52|-51|-50|-49|-48|-47|-46|-45|-44|-43|-42|-41|-40|-39|-38|-37|-36|-35|-34|-33|-32|-31|-30|-29|-28|-27|-26|-25|-24|-23|-22|-21|-20|-19|-18|-17|-16|-15|-14|-13|-12|-11|-10|-9|-8|-7|-6|-5|-4|-3|-2|-1|0|1|2|3|4|5|6|7|8|9|10|11|12|13|14|15|16|17|18|19|20|21|22|23|24|25|26|27|28|29|30|31|32|33|34|35|36|37|38|39|40|41|42|43|44|45|46|47|48|49|50|51|52|53|54|55|56|57|58|59|60|61|62,0|1|1|2|2|3|3|4|4|5|5|6|6|7|7|8|8|9|9|10|10|11|11|12|12|13|13|14|14|15|15|16|16|17|17|18|18|19|19|20|20|21|21|22|22|23|23|24|24|25|25|26|26|27|27|28|28|29|29|30|30|31|31|32|32|33|33|34|34|35|35|36|36|37|37|38|38|39|39|40|40|41|41|42|42|43|43|44|44|45|45|46|46|47|47|48|48|49|49|50|50|51|51|52|52|53|53|54|54|55|55|56|56|57|57|58|58|59|59|60|60|61|61|62|62,62,1,62,0.000000,False,False
no_delay,ECG_query_PPG_key_value,63,125,-63|-62|-61|-60|-59|-58|-57|-56|-55|-54|-53|-52|-51|-50|-49|-48|-47|-46|-45|-44|-43|-42|-41|-40|-39|-38|-37|-36|-35|-34|-33|-32|-31|-30|-29|-28|-27|-26|-25|-24|-23|-22|-21|-20|-19|-18|-17|-16|-15|-14|-13|-12|-11|-10|-9|-8|-7|-6|-5|-4|-3|-2|-1|0|1|2|3|4|5|6|7|8|9|10|11|12|13|14|15|16|17|18|19|20|21|22|23|24|25|26|27|28|29|30|31|32|33|34|35|36|37|38|39|40|41|42|43|44|45|46|47|48|49|50|51|52|53|54|55|56|57|58|59|60|61,0|1|1|2|2|3|3|4|4|5|5|6|6|7|7|8|8|9|9|10|10|11|11|12|12|13|13|14|14|15|15|16|16|17|17|18|18|19|19|20|20|21|21|22|22|23|23|24|24|25|25|26|26|27|27|28|28|29|29|30|30|31|31|32|32|33|33|34|34|35|35|36|36|37|37|38|38|39|39|40|40|41|41|42|42|43|43|44|44|45|45|46|46|47|47|48|48|49|49|50|50|51|51|52|52|53|53|54|54|55|55|56|56|57|57|58|58|59|59|60|60|61|61|62|63,63,1,61,-1.000000,False,False
no_delay,ECG_query_PPG_key_value,64,125,-64|-63|-62|-61|-60|-59|-58|-57|-56|-55|-54|-53|-52|-51|-50|-49|-48|-47|-46|-45|-44|-43|-42|-41|-40|-39|-38|-37|-36|-35|-34|-33|-32|-31|-30|-29|-28|-27|-26|-25|-24|-23|-22|-21|-20|-19|-18|-17|-16|-15|-14|-13|-12|-11|-10|-9|-8|-7|-6|-5|-4|-3|-2|-1|0|1|2|3|4|5|6|7|8|9|10|11|12|13|14|15|16|17|18|19|20|21|22|23|24|25|26|27|28|29|30|31|32|33|34|35|36|37|38|39|40|41|42|43|44|45|46|47|48|49|50|51|52|53|54|55|56|57|58|59|60,0|1|1|2|2|3|3|4|4|5|5|6|6|7|7|8|8|9|9|10|10|11|11|12|12|13|13|14|14|15|15|16|16|17|17|18|18|19|19|20|20|21|21|22|22|23|23|24|24|25|25|26|26|27|27|28|28|29|29|30|30|31|31|32|32|33|33|34|34|35|35|36|36|37|37|38|38|39|39|40|40|41|41|42|42|43|43|44|44|45|45|46|46|47|47|48|48|49|49|50|50|51|51|52|52|53|53|54|54|55|55|56|56|57|57|58|58|59|59|60|60|61|62|63|64,64,1,60,-2.000000,False,False
no_delay,ECG_query_PPG_key_value,65,125,-65|-64|-63|-62|-61|-60|-59|-58|-57|-56|-55|-54|-53|-52|-51|-50|-49|-48|-47|-46|-45|-44|-43|-42|-41|-40|-39|-38|-37|-36|-35|-34|-33|-32|-31|-30|-29|-28|-27|-26|-25|-24|-23|-22|-21|-20|-19|-18|-17|-16|-15|-14|-13|-12|-11|-10|-9|-8|-7|-6|-5|-4|-3|-2|-1|0|1|2|3|4|5|6|7|8|9|10|11|12|13|14|15|16|17|18|19|20|21|22|23|24|25|26|27|28|29|30|31|32|33|34|35|36|37|38|39|40|41|42|43|44|45|46|47|48|49|50|51|52|53|54|55|56|57|58|59,0|1|1|2|2|3|3|4|4|5|5|6|6|7|7|8|8|9|9|10|10|11|11|12|12|13|13|14|14|15|15|16|16|17|17|18|18|19|19|20|20|21|21|22|22|23|23|24|24|25|25|26|26|27|27|28|28|29|29|30|30|31|31|32|32|33|33|34|34|35|35|36|36|37|37|38|38|39|39|40|40|41|41|42|42|43|43|44|44|45|45|46|46|47|47|48|48|49|49|50|50|51|51|52|52|53|53|54|54|55|55|56|56|57|57|58|58|59|59|60|61|62|63|64|65,65,1,59,-3.000000,False,False
no_delay,ECG_query_PPG_key_value,66,125,-66|-65|-64|-63|-62|-61|-60|-59|-58|-57|-56|-55|-54|-53|-52|-51|-50|-49|-48|-47|-46|-45|-44|-43|-42|-41|-40|-39|-38|-37|-36|-35|-34|-33|-32|-31|-30|-29|-28|-27|-26|-25|-24|-23|-22|-21|-20|-19|-18|-17|-16|-15|-14|-13|-12|-11|-10|-9|-8|-7|-6|-5|-4|-3|-2|-1|0|1|2|3|4|5|6|7|8|9|10|11|12|13|14|15|16|17|18|19|20|21|22|23|24|25|26|27|28|29|30|31|32|33|34|35|36|37|38|39|40|41|42|43|44|45|46|47|48|49|50|51|52|53|54|55|56|57|58,0|1|1|2|2|3|3|4|4|5|5|6|6|7|7|8|8|9|9|10|10|11|11|12|12|13|13|14|14|15|15|16|16|17|17|18|18|19|19|20|20|21|21|22|22|23|23|24|24|25|25|26|26|27|27|28|28|29|29|30|30|31|31|32|32|33|33|34|34|35|35|36|36|37|37|38|38|39|39|40|40|41|41|42|42|43|43|44|44|45|45|46|46|47|47|48|48|49|49|50|50|51|51|52|52|53|53|54|54|55|55|56|56|57|57|58|58|59|60|61|62|63|64|65|66,66,1,58,-4.000000,False,False
no_delay,ECG_query_PPG_key_value,67,125,-67|-66|-65|-64|-63|-62|-61|-60|-59|-58|-57|-56|-55|-54|-53|-52|-51|-50|-49|-48|-47|-46|-45|-44|-43|-42|-41|-40|-39|-38|-37|-36|-35|-34|-33|-32|-31|-30|-29|-28|-27|-26|-25|-24|-23|-22|-21|-20|-19|-18|-17|-16|-15|-14|-13|-12|-11|-10|-9|-8|-7|-6|-5|-4|-3|-2|-1|0|1|2|3|4|5|6|7|8|9|10|11|12|13|14|15|16|17|18|19|20|21|22|23|24|25|26|27|28|29|30|31|32|33|34|35|36|37|38|39|40|41|42|43|44|45|46|47|48|49|50|51|52|53|54|55|56|57,0|1|1|2|2|3|3|4|4|5|5|6|6|7|7|8|8|9|9|10|10|11|11|12|12|13|13|14|14|15|15|16|16|17|17|18|18|19|19|20|20|21|21|22|22|23|23|24|24|25|25|26|26|27|27|28|28|29|29|30|30|31|31|32|32|33|33|34|34|35|35|36|36|37|37|38|38|39|39|40|40|41|41|42|42|43|43|44|44|45|45|46|46|47|47|48|48|49|49|50|50|51|51|52|52|53|53|54|54|55|55|56|56|57|57|58|59|60|61|62|63|64|65|66|67,67,1,57,-5.000000,False,False
no_delay,ECG_query_PPG_key_value,68,125,-68|-67|-66|-65|-64|-63|-62|-61|-60|-59|-58|-57|-56|-55|-54|-53|-52|-51|-50|-49|-48|-47|-46|-45|-44|-43|-42|-41|-40|-39|-38|-37|-36|-35|-34|-33|-32|-31|-30|-29|-28|-27|-26|-25|-24|-23|-22|-21|-20|-19|-18|-17|-16|-15|-14|-13|-12|-11|-10|-9|-8|-7|-6|-5|-4|-3|-2|-1|0|1|2|3|4|5|6|7|8|9|10|11|12|13|14|15|16|17|18|19|20|21|22|23|24|25|26|27|28|29|30|31|32|33|34|35|36|37|38|39|40|41|42|43|44|45|46|47|48|49|50|51|52|53|54|55|56,0|1|1|2|2|3|3|4|4|5|5|6|6|7|7|8|8|9|9|10|10|11|11|12|12|13|13|14|14|15|15|16|16|17|17|18|18|19|19|20|20|21|21|22|22|23|23|24|24|25|25|26|26|27|27|28|28|29|29|30|30|31|31|32|32|33|33|34|34|35|35|36|36|37|37|38|38|39|39|40|40|41|41|42|42|43|43|44|44|45|45|46|46|47|47|48|48|49|49|50|50|51|51|52|52|53|53|54|54|55|55|56|56|57|58|59|60|61|62|63|64|65|66|67|68,68,1,56,-6.000000,False,False
no_delay,ECG_query_PPG_key_value,69,125,-69|-68|-67|-66|-65|-64|-63|-62|-61|-60|-59|-58|-57|-56|-55|-54|-53|-52|-51|-50|-49|-48|-47|-46|-45|-44|-43|-42|-41|-40|-39|-38|-37|-36|-35|-34|-33|-32|-31|-30|-29|-28|-27|-26|-25|-24|-23|-22|-21|-20|-19|-18|-17|-16|-15|-14|-13|-12|-11|-10|-9|-8|-7|-6|-5|-4|-3|-2|-1|0|1|2|3|4|5|6|7|8|9|10|11|12|13|14|15|16|17|18|19|20|21|22|23|24|25|26|27|28|29|30|31|32|33|34|35|36|37|38|39|40|41|42|43|44|45|46|47|48|49|50|51|52|53|54|55,0|1|1|2|2|3|3|4|4|5|5|6|6|7|7|8|8|9|9|10|10|11|11|12|12|13|13|14|14|15|15|16|16|17|17|18|18|19|19|20|20|21|21|22|22|23|23|24|24|25|25|26|26|27|27|28|28|29|29|30|30|31|31|32|32|33|33|34|34|35|35|36|36|37|37|38|38|39|39|40|40|41|41|42|42|43|43|44|44|45|45|46|46|47|47|48|48|49|49|50|50|51|51|52|52|53|53|54|54|55|55|56|57|58|59|60|61|62|63|64|65|66|67|68|69,69,1,55,-7.000000,False,False
no_delay,ECG_query_PPG_key_value,70,125,-70|-69|-68|-67|-66|-65|-64|-63|-62|-61|-60|-59|-58|-57|-56|-55|-54|-53|-52|-51|-50|-49|-48|-47|-46|-45|-44|-43|-42|-41|-40|-39|-38|-37|-36|-35|-34|-33|-32|-31|-30|-29|-28|-27|-26|-25|-24|-23|-22|-21|-20|-19|-18|-17|-16|-15|-14|-13|-12|-11|-10|-9|-8|-7|-6|-5|-4|-3|-2|-1|0|1|2|3|4|5|6|7|8|9|10|11|12|13|14|15|16|17|18|19|20|21|22|23|24|25|26|27|28|29|30|31|32|33|34|35|36|37|38|39|40|41|42|43|44|45|46|47|48|49|50|51|52|53|54,0|1|1|2|2|3|3|4|4|5|5|6|6|7|7|8|8|9|9|10|10|11|11|12|12|13|13|14|14|15|15|16|16|17|17|18|18|19|19|20|20|21|21|22|22|23|23|24|24|25|25|26|26|27|27|28|28|29|29|30|30|31|31|32|32|33|33|34|34|35|35|36|36|37|37|38|38|39|39|40|40|41|41|42|42|43|43|44|44|45|45|46|46|47|47|48|48|49|49|50|50|51|51|52|52|53|53|54|54|55|56|57|58|59|60|61|62|63|64|65|66|67|68|69|70,70,1,54,-8.000000,False,False
no_delay,ECG_query_PPG_key_value,71,125,-71|-70|-69|-68|-67|-66|-65|-64|-63|-62|-61|-60|-59|-58|-57|-56|-55|-54|-53|-52|-51|-50|-49|-48|-47|-46|-45|-44|-43|-42|-41|-40|-39|-38|-37|-36|-35|-34|-33|-32|-31|-30|-29|-28|-27|-26|-25|-24|-23|-22|-21|-20|-19|-18|-17|-16|-15|-14|-13|-12|-11|-10|-9|-8|-7|-6|-5|-4|-3|-2|-1|0|1|2|3|4|5|6|7|8|9|10|11|12|13|14|15|16|17|18|19|20|21|22|23|24|25|26|27|28|29|30|31|32|33|34|35|36|37|38|39|40|41|42|43|44|45|46|47|48|49|50|51|52|53,0|1|1|2|2|3|3|4|4|5|5|6|6|7|7|8|8|9|9|10|10|11|11|12|12|13|13|14|14|15|15|16|16|17|17|18|18|19|19|20|20|21|21|22|22|23|23|24|24|25|25|26|26|27|27|28|28|29|29|30|30|31|31|32|32|33|33|34|34|35|35|36|36|37|37|38|38|39|39|40|40|41|41|42|42|43|43|44|44|45|45|46|46|47|47|48|48|49|49|50|50|51|51|52|52|53|53|54|55|56|57|58|59|60|61|62|63|64|65|66|67|68|69|70|71,71,1,53,-9.000000,False,False
no_delay,ECG_query_PPG_key_value,72,125,-72|-71|-70|-69|-68|-67|-66|-65|-64|-63|-62|-61|-60|-59|-58|-57|-56|-55|-54|-53|-52|-51|-50|-49|-48|-47|-46|-45|-44|-43|-42|-41|-40|-39|-38|-37|-36|-35|-34|-33|-32|-31|-30|-29|-28|-27|-26|-25|-24|-23|-22|-21|-20|-19|-18|-17|-16|-15|-14|-13|-12|-11|-10|-9|-8|-7|-6|-5|-4|-3|-2|-1|0|1|2|3|4|5|6|7|8|9|10|11|12|13|14|15|16|17|18|19|20|21|22|23|24|25|26|27|28|29|30|31|32|33|34|35|36|37|38|39|40|41|42|43|44|45|46|47|48|49|50|51|52,0|1|1|2|2|3|3|4|4|5|5|6|6|7|7|8|8|9|9|10|10|11|11|12|12|13|13|14|14|15|15|16|16|17|17|18|18|19|19|20|20|21|21|22|22|23|23|24|24|25|25|26|26|27|27|28|28|29|29|30|30|31|31|32|32|33|33|34|34|35|35|36|36|37|37|38|38|39|39|40|40|41|41|42|42|43|43|44|44|45|45|46|46|47|47|48|48|49|49|50|50|51|51|52|52|53|54|55|56|57|58|59|60|61|62|63|64|65|66|67|68|69|70|71|72,72,1,52,-10.000000,False,False
no_delay,ECG_query_PPG_key_value,73,125,-73|-72|-71|-70|-69|-68|-67|-66|-65|-64|-63|-62|-61|-60|-59|-58|-57|-56|-55|-54|-53|-52|-51|-50|-49|-48|-47|-46|-45|-44|-43|-42|-41|-40|-39|-38|-37|-36|-35|-34|-33|-32|-31|-30|-29|-28|-27|-26|-25|-24|-23|-22|-21|-20|-19|-18|-17|-16|-15|-14|-13|-12|-11|-10|-9|-8|-7|-6|-5|-4|-3|-2|-1|0|1|2|3|4|5|6|7|8|9|10|11|12|13|14|15|16|17|18|19|20|21|22|23|24|25|26|27|28|29|30|31|32|33|34|35|36|37|38|39|40|41|42|43|44|45|46|47|48|49|50|51,0|1|1|2|2|3|3|4|4|5|5|6|6|7|7|8|8|9|9|10|10|11|11|12|12|13|13|14|14|15|15|16|16|17|17|18|18|19|19|20|20|21|21|22|22|23|23|24|24|25|25|26|26|27|27|28|28|29|29|30|30|31|31|32|32|33|33|34|34|35|35|36|36|37|37|38|38|39|39|40|40|41|41|42|42|43|43|44|44|45|45|46|46|47|47|48|48|49|49|50|50|51|51|52|53|54|55|56|57|58|59|60|61|62|63|64|65|66|67|68|69|70|71|72|73,73,1,51,-11.000000,False,False
no_delay,ECG_query_PPG_key_value,74,125,-74|-73|-72|-71|-70|-69|-68|-67|-66|-65|-64|-63|-62|-61|-60|-59|-58|-57|-56|-55|-54|-53|-52|-51|-50|-49|-48|-47|-46|-45|-44|-43|-42|-41|-40|-39|-38|-37|-36|-35|-34|-33|-32|-31|-30|-29|-28|-27|-26|-25|-24|-23|-22|-21|-20|-19|-18|-17|-16|-15|-14|-13|-12|-11|-10|-9|-8|-7|-6|-5|-4|-3|-2|-1|0|1|2|3|4|5|6|7|8|9|10|11|12|13|14|15|16|17|18|19|20|21|22|23|24|25|26|27|28|29|30|31|32|33|34|35|36|37|38|39|40|41|42|43|44|45|46|47|48|49|50,0|1|1|2|2|3|3|4|4|5|5|6|6|7|7|8|8|9|9|10|10|11|11|12|12|13|13|14|14|15|15|16|16|17|17|18|18|19|19|20|20|21|21|22|22|23|23|24|24|25|25|26|26|27|27|28|28|29|29|30|30|31|31|32|32|33|33|34|34|35|35|36|36|37|37|38|38|39|39|40|40|41|41|42|42|43|43|44|44|45|45|46|46|47|47|48|48|49|49|50|50|51|52|53|54|55|56|57|58|59|60|61|62|63|64|65|66|67|68|69|70|71|72|73|74,74,1,50,-12.000000,False,False
no_delay,ECG_query_PPG_key_value,75,125,-75|-74|-73|-72|-71|-70|-69|-68|-67|-66|-65|-64|-63|-62|-61|-60|-59|-58|-57|-56|-55|-54|-53|-52|-51|-50|-49|-48|-47|-46|-45|-44|-43|-42|-41|-40|-39|-38|-37|-36|-35|-34|-33|-32|-31|-30|-29|-28|-27|-26|-25|-24|-23|-22|-21|-20|-19|-18|-17|-16|-15|-14|-13|-12|-11|-10|-9|-8|-7|-6|-5|-4|-3|-2|-1|0|1|2|3|4|5|6|7|8|9|10|11|12|13|14|15|16|17|18|19|20|21|22|23|24|25|26|27|28|29|30|31|32|33|34|35|36|37|38|39|40|41|42|43|44|45|46|47|48|49,0|1|1|2|2|3|3|4|4|5|5|6|6|7|7|8|8|9|9|10|10|11|11|12|12|13|13|14|14|15|15|16|16|17|17|18|18|19|19|20|20|21|21|22|22|23|23|24|24|25|25|26|26|27|27|28|28|29|29|30|30|31|31|32|32|33|33|34|34|35|35|36|36|37|37|38|38|39|39|40|40|41|41|42|42|43|43|44|44|45|45|46|46|47|47|48|48|49|49|50|51|52|53|54|55|56|57|58|59|60|61|62|63|64|65|66|67|68|69|70|71|72|73|74|75,75,1,49,-13.000000,False,False
no_delay,ECG_query_PPG_key_value,76,125,-76|-75|-74|-73|-72|-71|-70|-69|-68|-67|-66|-65|-64|-63|-62|-61|-60|-59|-58|-57|-56|-55|-54|-53|-52|-51|-50|-49|-48|-47|-46|-45|-44|-43|-42|-41|-40|-39|-38|-37|-36|-35|-34|-33|-32|-31|-30|-29|-28|-27|-26|-25|-24|-23|-22|-21|-20|-19|-18|-17|-16|-15|-14|-13|-12|-11|-10|-9|-8|-7|-6|-5|-4|-3|-2|-1|0|1|2|3|4|5|6|7|8|9|10|11|12|13|14|15|16|17|18|19|20|21|22|23|24|25|26|27|28|29|30|31|32|33|34|35|36|37|38|39|40|41|42|43|44|45|46|47|48,0|1|1|2|2|3|3|4|4|5|5|6|6|7|7|8|8|9|9|10|10|11|11|12|12|13|13|14|14|15|15|16|16|17|17|18|18|19|19|20|20|21|21|22|22|23|23|24|24|25|25|26|26|27|27|28|28|29|29|30|30|31|31|32|32|33|33|34|34|35|35|36|36|37|37|38|38|39|39|40|40|41|41|42|42|43|43|44|44|45|45|46|46|47|47|48|48|49|50|51|52|53|54|55|56|57|58|59|60|61|62|63|64|65|66|67|68|69|70|71|72|73|74|75|76,76,1,48,-14.000000,False,False
no_delay,ECG_query_PPG_key_value,77,125,-77|-76|-75|-74|-73|-72|-71|-70|-69|-68|-67|-66|-65|-64|-63|-62|-61|-60|-59|-58|-57|-56|-55|-54|-53|-52|-51|-50|-49|-48|-47|-46|-45|-44|-43|-42|-41|-40|-39|-38|-37|-36|-35|-34|-33|-32|-31|-30|-29|-28|-27|-26|-25|-24|-23|-22|-21|-20|-19|-18|-17|-16|-15|-14|-13|-12|-11|-10|-9|-8|-7|-6|-5|-4|-3|-2|-1|0|1|2|3|4|5|6|7|8|9|10|11|12|13|14|15|16|17|18|19|20|21|22|23|24|25|26|27|28|29|30|31|32|33|34|35|36|37|38|39|40|41|42|43|44|45|46|47,0|1|1|2|2|3|3|4|4|5|5|6|6|7|7|8|8|9|9|10|10|11|11|12|12|13|13|14|14|15|15|16|16|17|17|18|18|19|19|20|20|21|21|22|22|23|23|24|24|25|25|26|26|27|27|28|28|29|29|30|30|31|31|32|32|33|33|34|34|35|35|36|36|37|37|38|38|39|39|40|40|41|41|42|42|43|43|44|44|45|45|46|46|47|47|48|49|50|51|52|53|54|55|56|57|58|59|60|61|62|63|64|65|66|67|68|69|70|71|72|73|74|75|76|77,77,1,47,-15.000000,False,False
no_delay,ECG_query_PPG_key_value,78,125,-78|-77|-76|-75|-74|-73|-72|-71|-70|-69|-68|-67|-66|-65|-64|-63|-62|-61|-60|-59|-58|-57|-56|-55|-54|-53|-52|-51|-50|-49|-48|-47|-46|-45|-44|-43|-42|-41|-40|-39|-38|-37|-36|-35|-34|-33|-32|-31|-30|-29|-28|-27|-26|-25|-24|-23|-22|-21|-20|-19|-18|-17|-16|-15|-14|-13|-12|-11|-10|-9|-8|-7|-6|-5|-4|-3|-2|-1|0|1|2|3|4|5|6|7|8|9|10|11|12|13|14|15|16|17|18|19|20|21|22|23|24|25|26|27|28|29|30|31|32|33|34|35|36|37|38|39|40|41|42|43|44|45|46,0|1|1|2|2|3|3|4|4|5|5|6|6|7|7|8|8|9|9|10|10|11|11|12|12|13|13|14|14|15|15|16|16|17|17|18|18|19|19|20|20|21|21|22|22|23|23|24|24|25|25|26|26|27|27|28|28|29|29|30|30|31|31|32|32|33|33|34|34|35|35|36|36|37|37|38|38|39|39|40|40|41|41|42|42|43|43|44|44|45|45|46|46|47|48|49|50|51|52|53|54|55|56|57|58|59|60|61|62|63|64|65|66|67|68|69|70|71|72|73|74|75|76|77|78,78,1,46,-16.000000,False,False
no_delay,ECG_query_PPG_key_value,79,125,-79|-78|-77|-76|-75|-74|-73|-72|-71|-70|-69|-68|-67|-66|-65|-64|-63|-62|-61|-60|-59|-58|-57|-56|-55|-54|-53|-52|-51|-50|-49|-48|-47|-46|-45|-44|-43|-42|-41|-40|-39|-38|-37|-36|-35|-34|-33|-32|-31|-30|-29|-28|-27|-26|-25|-24|-23|-22|-21|-20|-19|-18|-17|-16|-15|-14|-13|-12|-11|-10|-9|-8|-7|-6|-5|-4|-3|-2|-1|0|1|2|3|4|5|6|7|8|9|10|11|12|13|14|15|16|17|18|19|20|21|22|23|24|25|26|27|28|29|30|31|32|33|34|35|36|37|38|39|40|41|42|43|44|45,0|1|1|2|2|3|3|4|4|5|5|6|6|7|7|8|8|9|9|10|10|11|11|12|12|13|13|14|14|15|15|16|16|17|17|18|18|19|19|20|20|21|21|22|22|23|23|24|24|25|25|26|26|27|27|28|28|29|29|30|30|31|31|32|32|33|33|34|34|35|35|36|36|37|37|38|38|39|39|40|40|41|41|42|42|43|43|44|44|45|45|46|47|48|49|50|51|52|53|54|55|56|57|58|59|60|61|62|63|64|65|66|67|68|69|70|71|72|73|74|75|76|77|78|79,79,1,45,-17.000000,False,False
no_delay,ECG_query_PPG_key_value,80,125,-80|-79|-78|-77|-76|-75|-74|-73|-72|-71|-70|-69|-68|-67|-66|-65|-64|-63|-62|-61|-60|-59|-58|-57|-56|-55|-54|-53|-52|-51|-50|-49|-48|-47|-46|-45|-44|-43|-42|-41|-40|-39|-38|-37|-36|-35|-34|-33|-32|-31|-30|-29|-28|-27|-26|-25|-24|-23|-22|-21|-20|-19|-18|-17|-16|-15|-14|-13|-12|-11|-10|-9|-8|-7|-6|-5|-4|-3|-2|-1|0|1|2|3|4|5|6|7|8|9|10|11|12|13|14|15|16|17|18|19|20|21|22|23|24|25|26|27|28|29|30|31|32|33|34|35|36|37|38|39|40|41|42|43|44,0|1|1|2|2|3|3|4|4|5|5|6|6|7|7|8|8|9|9|10|10|11|11|12|12|13|13|14|14|15|15|16|16|17|17|18|18|19|19|20|20|21|21|22|22|23|23|24|24|25|25|26|26|27|27|28|28|29|29|30|30|31|31|32|32|33|33|34|34|35|35|36|36|37|37|38|38|39|39|40|40|41|41|42|42|43|43|44|44|45|46|47|48|49|50|51|52|53|54|55|56|57|58|59|60|61|62|63|64|65|66|67|68|69|70|71|72|73|74|75|76|77|78|79|80,80,1,44,-18.000000,False,False
no_delay,ECG_query_PPG_key_value,81,125,-81|-80|-79|-78|-77|-76|-75|-74|-73|-72|-71|-70|-69|-68|-67|-66|-65|-64|-63|-62|-61|-60|-59|-58|-57|-56|-55|-54|-53|-52|-51|-50|-49|-48|-47|-46|-45|-44|-43|-42|-41|-40|-39|-38|-37|-36|-35|-34|-33|-32|-31|-30|-29|-28|-27|-26|-25|-24|-23|-22|-21|-20|-19|-18|-17|-16|-15|-14|-13|-12|-11|-10|-9|-8|-7|-6|-5|-4|-3|-2|-1|0|1|2|3|4|5|6|7|8|9|10|11|12|13|14|15|16|17|18|19|20|21|22|23|24|25|26|27|28|29|30|31|32|33|34|35|36|37|38|39|40|41|42|43,0|1|1|2|2|3|3|4|4|5|5|6|6|7|7|8|8|9|9|10|10|11|11|12|12|13|13|14|14|15|15|16|16|17|17|18|18|19|19|20|20|21|21|22|22|23|23|24|24|25|25|26|26|27|27|28|28|29|29|30|30|31|31|32|32|33|33|34|34|35|35|36|36|37|37|38|38|39|39|40|40|41|41|42|42|43|43|44|45|46|47|48|49|50|51|52|53|54|55|56|57|58|59|60|61|62|63|64|65|66|67|68|69|70|71|72|73|74|75|76|77|78|79|80|81,81,1,43,-19.000000,False,False
no_delay,ECG_query_PPG_key_value,82,125,-82|-81|-80|-79|-78|-77|-76|-75|-74|-73|-72|-71|-70|-69|-68|-67|-66|-65|-64|-63|-62|-61|-60|-59|-58|-57|-56|-55|-54|-53|-52|-51|-50|-49|-48|-47|-46|-45|-44|-43|-42|-41|-40|-39|-38|-37|-36|-35|-34|-33|-32|-31|-30|-29|-28|-27|-26|-25|-24|-23|-22|-21|-20|-19|-18|-17|-16|-15|-14|-13|-12|-11|-10|-9|-8|-7|-6|-5|-4|-3|-2|-1|0|1|2|3|4|5|6|7|8|9|10|11|12|13|14|15|16|17|18|19|20|21|22|23|24|25|26|27|28|29|30|31|32|33|34|35|36|37|38|39|40|41|42,0|1|1|2|2|3|3|4|4|5|5|6|6|7|7|8|8|9|9|10|10|11|11|12|12|13|13|14|14|15|15|16|16|17|17|18|18|19|19|20|20|21|21|22|22|23|23|24|24|25|25|26|26|27|27|28|28|29|29|30|30|31|31|32|32|33|33|34|34|35|35|36|36|37|37|38|38|39|39|40|40|41|41|42|42|43|44|45|46|47|48|49|50|51|52|53|54|55|56|57|58|59|60|61|62|63|64|65|66|67|68|69|70|71|72|73|74|75|76|77|78|79|80|81|82,82,1,42,-20.000000,False,False
no_delay,ECG_query_PPG_key_value,83,125,-83|-82|-81|-80|-79|-78|-77|-76|-75|-74|-73|-72|-71|-70|-69|-68|-67|-66|-65|-64|-63|-62|-61|-60|-59|-58|-57|-56|-55|-54|-53|-52|-51|-50|-49|-48|-47|-46|-45|-44|-43|-42|-41|-40|-39|-38|-37|-36|-35|-34|-33|-32|-31|-30|-29|-28|-27|-26|-25|-24|-23|-22|-21|-20|-19|-18|-17|-16|-15|-14|-13|-12|-11|-10|-9|-8|-7|-6|-5|-4|-3|-2|-1|0|1|2|3|4|5|6|7|8|9|10|11|12|13|14|15|16|17|18|19|20|21|22|23|24|25|26|27|28|29|30|31|32|33|34|35|36|37|38|39|40|41,0|1|1|2|2|3|3|4|4|5|5|6|6|7|7|8|8|9|9|10|10|11|11|12|12|13|13|14|14|15|15|16|16|17|17|18|18|19|19|20|20|21|21|22|22|23|23|24|24|25|25|26|26|27|27|28|28|29|29|30|30|31|31|32|32|33|33|34|34|35|35|36|36|37|37|38|38|39|39|40|40|41|41|42|43|44|45|46|47|48|49|50|51|52|53|54|55|56|57|58|59|60|61|62|63|64|65|66|67|68|69|70|71|72|73|74|75|76|77|78|79|80|81|82|83,83,1,41,-21.000000,False,False
no_delay,ECG_query_PPG_key_value,84,125,-84|-83|-82|-81|-80|-79|-78|-77|-76|-75|-74|-73|-72|-71|-70|-69|-68|-67|-66|-65|-64|-63|-62|-61|-60|-59|-58|-57|-56|-55|-54|-53|-52|-51|-50|-49|-48|-47|-46|-45|-44|-43|-42|-41|-40|-39|-38|-37|-36|-35|-34|-33|-32|-31|-30|-29|-28|-27|-26|-25|-24|-23|-22|-21|-20|-19|-18|-17|-16|-15|-14|-13|-12|-11|-10|-9|-8|-7|-6|-5|-4|-3|-2|-1|0|1|2|3|4|5|6|7|8|9|10|11|12|13|14|15|16|17|18|19|20|21|22|23|24|25|26|27|28|29|30|31|32|33|34|35|36|37|38|39|40,0|1|1|2|2|3|3|4|4|5|5|6|6|7|7|8|8|9|9|10|10|11|11|12|12|13|13|14|14|15|15|16|16|17|17|18|18|19|19|20|20|21|21|22|22|23|23|24|24|25|25|26|26|27|27|28|28|29|29|30|30|31|31|32|32|33|33|34|34|35|35|36|36|37|37|38|38|39|39|40|40|41|42|43|44|45|46|47|48|49|50|51|52|53|54|55|56|57|58|59|60|61|62|63|64|65|66|67|68|69|70|71|72|73|74|75|76|77|78|79|80|81|82|83|84,84,1,40,-22.000000,False,False
no_delay,ECG_query_PPG_key_value,85,125,-85|-84|-83|-82|-81|-80|-79|-78|-77|-76|-75|-74|-73|-72|-71|-70|-69|-68|-67|-66|-65|-64|-63|-62|-61|-60|-59|-58|-57|-56|-55|-54|-53|-52|-51|-50|-49|-48|-47|-46|-45|-44|-43|-42|-41|-40|-39|-38|-37|-36|-35|-34|-33|-32|-31|-30|-29|-28|-27|-26|-25|-24|-23|-22|-21|-20|-19|-18|-17|-16|-15|-14|-13|-12|-11|-10|-9|-8|-7|-6|-5|-4|-3|-2|-1|0|1|2|3|4|5|6|7|8|9|10|11|12|13|14|15|16|17|18|19|20|21|22|23|24|25|26|27|28|29|30|31|32|33|34|35|36|37|38|39,0|1|1|2|2|3|3|4|4|5|5|6|6|7|7|8|8|9|9|10|10|11|11|12|12|13|13|14|14|15|15|16|16|17|17|18|18|19|19|20|20|21|21|22|22|23|23|24|24|25|25|26|26|27|27|28|28|29|29|30|30|31|31|32|32|33|33|34|34|35|35|36|36|37|37|38|38|39|39|40|41|42|43|44|45|46|47|48|49|50|51|52|53|54|55|56|57|58|59|60|61|62|63|64|65|66|67|68|69|70|71|72|73|74|75|76|77|78|79|80|81|82|83|84|85,85,1,39,-23.000000,False,False
no_delay,ECG_query_PPG_key_value,86,125,-86|-85|-84|-83|-82|-81|-80|-79|-78|-77|-76|-75|-74|-73|-72|-71|-70|-69|-68|-67|-66|-65|-64|-63|-62|-61|-60|-59|-58|-57|-56|-55|-54|-53|-52|-51|-50|-49|-48|-47|-46|-45|-44|-43|-42|-41|-40|-39|-38|-37|-36|-35|-34|-33|-32|-31|-30|-29|-28|-27|-26|-25|-24|-23|-22|-21|-20|-19|-18|-17|-16|-15|-14|-13|-12|-11|-10|-9|-8|-7|-6|-5|-4|-3|-2|-1|0|1|2|3|4|5|6|7|8|9|10|11|12|13|14|15|16|17|18|19|20|21|22|23|24|25|26|27|28|29|30|31|32|33|34|35|36|37|38,0|1|1|2|2|3|3|4|4|5|5|6|6|7|7|8|8|9|9|10|10|11|11|12|12|13|13|14|14|15|15|16|16|17|17|18|18|19|19|20|20|21|21|22|22|23|23|24|24|25|25|26|26|27|27|28|28|29|29|30|30|31|31|32|32|33|33|34|34|35|35|36|36|37|37|38|38|39|40|41|42|43|44|45|46|47|48|49|50|51|52|53|54|55|56|57|58|59|60|61|62|63|64|65|66|67|68|69|70|71|72|73|74|75|76|77|78|79|80|81|82|83|84|85|86,86,1,38,-24.000000,False,False
no_delay,ECG_query_PPG_key_value,87,125,-87|-86|-85|-84|-83|-82|-81|-80|-79|-78|-77|-76|-75|-74|-73|-72|-71|-70|-69|-68|-67|-66|-65|-64|-63|-62|-61|-60|-59|-58|-57|-56|-55|-54|-53|-52|-51|-50|-49|-48|-47|-46|-45|-44|-43|-42|-41|-40|-39|-38|-37|-36|-35|-34|-33|-32|-31|-30|-29|-28|-27|-26|-25|-24|-23|-22|-21|-20|-19|-18|-17|-16|-15|-14|-13|-12|-11|-10|-9|-8|-7|-6|-5|-4|-3|-2|-1|0|1|2|3|4|5|6|7|8|9|10|11|12|13|14|15|16|17|18|19|20|21|22|23|24|25|26|27|28|29|30|31|32|33|34|35|36|37,0|1|1|2|2|3|3|4|4|5|5|6|6|7|7|8|8|9|9|10|10|11|11|12|12|13|13|14|14|15|15|16|16|17|17|18|18|19|19|20|20|21|21|22|22|23|23|24|24|25|25|26|26|27|27|28|28|29|29|30|30|31|31|32|32|33|33|34|34|35|35|36|36|37|37|38|39|40|41|42|43|44|45|46|47|48|49|50|51|52|53|54|55|56|57|58|59|60|61|62|63|64|65|66|67|68|69|70|71|72|73|74|75|76|77|78|79|80|81|82|83|84|85|86|87,87,1,37,-25.000000,False,False
no_delay,ECG_query_PPG_key_value,88,125,-88|-87|-86|-85|-84|-83|-82|-81|-80|-79|-78|-77|-76|-75|-74|-73|-72|-71|-70|-69|-68|-67|-66|-65|-64|-63|-62|-61|-60|-59|-58|-57|-56|-55|-54|-53|-52|-51|-50|-49|-48|-47|-46|-45|-44|-43|-42|-41|-40|-39|-38|-37|-36|-35|-34|-33|-32|-31|-30|-29|-28|-27|-26|-25|-24|-23|-22|-21|-20|-19|-18|-17|-16|-15|-14|-13|-12|-11|-10|-9|-8|-7|-6|-5|-4|-3|-2|-1|0|1|2|3|4|5|6|7|8|9|10|11|12|13|14|15|16|17|18|19|20|21|22|23|24|25|26|27|28|29|30|31|32|33|34|35|36,0|1|1|2|2|3|3|4|4|5|5|6|6|7|7|8|8|9|9|10|10|11|11|12|12|13|13|14|14|15|15|16|16|17|17|18|18|19|19|20|20|21|21|22|22|23|23|24|24|25|25|26|26|27|27|28|28|29|29|30|30|31|31|32|32|33|33|34|34|35|35|36|36|37|38|39|40|41|42|43|44|45|46|47|48|49|50|51|52|53|54|55|56|57|58|59|60|61|62|63|64|65|66|67|68|69|70|71|72|73|74|75|76|77|78|79|80|81|82|83|84|85|86|87|88,88,1,36,-26.000000,False,False
no_delay,ECG_query_PPG_key_value,89,125,-89|-88|-87|-86|-85|-84|-83|-82|-81|-80|-79|-78|-77|-76|-75|-74|-73|-72|-71|-70|-69|-68|-67|-66|-65|-64|-63|-62|-61|-60|-59|-58|-57|-56|-55|-54|-53|-52|-51|-50|-49|-48|-47|-46|-45|-44|-43|-42|-41|-40|-39|-38|-37|-36|-35|-34|-33|-32|-31|-30|-29|-28|-27|-26|-25|-24|-23|-22|-21|-20|-19|-18|-17|-16|-15|-14|-13|-12|-11|-10|-9|-8|-7|-6|-5|-4|-3|-2|-1|0|1|2|3|4|5|6|7|8|9|10|11|12|13|14|15|16|17|18|19|20|21|22|23|24|25|26|27|28|29|30|31|32|33|34|35,0|1|1|2|2|3|3|4|4|5|5|6|6|7|7|8|8|9|9|10|10|11|11|12|12|13|13|14|14|15|15|16|16|17|17|18|18|19|19|20|20|21|21|22|22|23|23|24|24|25|25|26|26|27|27|28|28|29|29|30|30|31|31|32|32|33|33|34|34|35|35|36|37|38|39|40|41|42|43|44|45|46|47|48|49|50|51|52|53|54|55|56|57|58|59|60|61|62|63|64|65|66|67|68|69|70|71|72|73|74|75|76|77|78|79|80|81|82|83|84|85|86|87|88|89,89,1,35,-27.000000,False,False
no_delay,ECG_query_PPG_key_value,90,125,-90|-89|-88|-87|-86|-85|-84|-83|-82|-81|-80|-79|-78|-77|-76|-75|-74|-73|-72|-71|-70|-69|-68|-67|-66|-65|-64|-63|-62|-61|-60|-59|-58|-57|-56|-55|-54|-53|-52|-51|-50|-49|-48|-47|-46|-45|-44|-43|-42|-41|-40|-39|-38|-37|-36|-35|-34|-33|-32|-31|-30|-29|-28|-27|-26|-25|-24|-23|-22|-21|-20|-19|-18|-17|-16|-15|-14|-13|-12|-11|-10|-9|-8|-7|-6|-5|-4|-3|-2|-1|0|1|2|3|4|5|6|7|8|9|10|11|12|13|14|15|16|17|18|19|20|21|22|23|24|25|26|27|28|29|30|31|32|33|34,0|1|1|2|2|3|3|4|4|5|5|6|6|7|7|8|8|9|9|10|10|11|11|12|12|13|13|14|14|15|15|16|16|17|17|18|18|19|19|20|20|21|21|22|22|23|23|24|24|25|25|26|26|27|27|28|28|29|29|30|30|31|31|32|32|33|33|34|34|35|36|37|38|39|40|41|42|43|44|45|46|47|48|49|50|51|52|53|54|55|56|57|58|59|60|61|62|63|64|65|66|67|68|69|70|71|72|73|74|75|76|77|78|79|80|81|82|83|84|85|86|87|88|89|90,90,1,34,-28.000000,False,False
no_delay,ECG_query_PPG_key_value,91,125,-91|-90|-89|-88|-87|-86|-85|-84|-83|-82|-81|-80|-79|-78|-77|-76|-75|-74|-73|-72|-71|-70|-69|-68|-67|-66|-65|-64|-63|-62|-61|-60|-59|-58|-57|-56|-55|-54|-53|-52|-51|-50|-49|-48|-47|-46|-45|-44|-43|-42|-41|-40|-39|-38|-37|-36|-35|-34|-33|-32|-31|-30|-29|-28|-27|-26|-25|-24|-23|-22|-21|-20|-19|-18|-17|-16|-15|-14|-13|-12|-11|-10|-9|-8|-7|-6|-5|-4|-3|-2|-1|0|1|2|3|4|5|6|7|8|9|10|11|12|13|14|15|16|17|18|19|20|21|22|23|24|25|26|27|28|29|30|31|32|33,0|1|1|2|2|3|3|4|4|5|5|6|6|7|7|8|8|9|9|10|10|11|11|12|12|13|13|14|14|15|15|16|16|17|17|18|18|19|19|20|20|21|21|22|22|23|23|24|24|25|25|26|26|27|27|28|28|29|29|30|30|31|31|32|32|33|33|34|35|36|37|38|39|40|41|42|43|44|45|46|47|48|49|50|51|52|53|54|55|56|57|58|59|60|61|62|63|64|65|66|67|68|69|70|71|72|73|74|75|76|77|78|79|80|81|82|83|84|85|86|87|88|89|90|91,91,1,33,-29.000000,False,False
no_delay,ECG_query_PPG_key_value,92,125,-92|-91|-90|-89|-88|-87|-86|-85|-84|-83|-82|-81|-80|-79|-78|-77|-76|-75|-74|-73|-72|-71|-70|-69|-68|-67|-66|-65|-64|-63|-62|-61|-60|-59|-58|-57|-56|-55|-54|-53|-52|-51|-50|-49|-48|-47|-46|-45|-44|-43|-42|-41|-40|-39|-38|-37|-36|-35|-34|-33|-32|-31|-30|-29|-28|-27|-26|-25|-24|-23|-22|-21|-20|-19|-18|-17|-16|-15|-14|-13|-12|-11|-10|-9|-8|-7|-6|-5|-4|-3|-2|-1|0|1|2|3|4|5|6|7|8|9|10|11|12|13|14|15|16|17|18|19|20|21|22|23|24|25|26|27|28|29|30|31|32,0|1|1|2|2|3|3|4|4|5|5|6|6|7|7|8|8|9|9|10|10|11|11|12|12|13|13|14|14|15|15|16|16|17|17|18|18|19|19|20|20|21|21|22|22|23|23|24|24|25|25|26|26|27|27|28|28|29|29|30|30|31|31|32|32|33|34|35|36|37|38|39|40|41|42|43|44|45|46|47|48|49|50|51|52|53|54|55|56|57|58|59|60|61|62|63|64|65|66|67|68|69|70|71|72|73|74|75|76|77|78|79|80|81|82|83|84|85|86|87|88|89|90|91|92,92,1,32,-30.000000,False,False
no_delay,ECG_query_PPG_key_value,93,125,-93|-92|-91|-90|-89|-88|-87|-86|-85|-84|-83|-82|-81|-80|-79|-78|-77|-76|-75|-74|-73|-72|-71|-70|-69|-68|-67|-66|-65|-64|-63|-62|-61|-60|-59|-58|-57|-56|-55|-54|-53|-52|-51|-50|-49|-48|-47|-46|-45|-44|-43|-42|-41|-40|-39|-38|-37|-36|-35|-34|-33|-32|-31|-30|-29|-28|-27|-26|-25|-24|-23|-22|-21|-20|-19|-18|-17|-16|-15|-14|-13|-12|-11|-10|-9|-8|-7|-6|-5|-4|-3|-2|-1|0|1|2|3|4|5|6|7|8|9|10|11|12|13|14|15|16|17|18|19|20|21|22|23|24|25|26|27|28|29|30|31,0|1|1|2|2|3|3|4|4|5|5|6|6|7|7|8|8|9|9|10|10|11|11|12|12|13|13|14|14|15|15|16|16|17|17|18|18|19|19|20|20|21|21|22|22|23|23|24|24|25|25|26|26|27|27|28|28|29|29|30|30|31|31|32|33|34|35|36|37|38|39|40|41|42|43|44|45|46|47|48|49|50|51|52|53|54|55|56|57|58|59|60|61|62|63|64|65|66|67|68|69|70|71|72|73|74|75|76|77|78|79|80|81|82|83|84|85|86|87|88|89|90|91|92|93,93,1,31,-31.000000,False,False
no_delay,ECG_query_PPG_key_value,94,125,-94|-93|-92|-91|-90|-89|-88|-87|-86|-85|-84|-83|-82|-81|-80|-79|-78|-77|-76|-75|-74|-73|-72|-71|-70|-69|-68|-67|-66|-65|-64|-63|-62|-61|-60|-59|-58|-57|-56|-55|-54|-53|-52|-51|-50|-49|-48|-47|-46|-45|-44|-43|-42|-41|-40|-39|-38|-37|-36|-35|-34|-33|-32|-31|-30|-29|-28|-27|-26|-25|-24|-23|-22|-21|-20|-19|-18|-17|-16|-15|-14|-13|-12|-11|-10|-9|-8|-7|-6|-5|-4|-3|-2|-1|0|1|2|3|4|5|6|7|8|9|10|11|12|13|14|15|16|17|18|19|20|21|22|23|24|25|26|27|28|29|30,0|1|1|2|2|3|3|4|4|5|5|6|6|7|7|8|8|9|9|10|10|11|11|12|12|13|13|14|14|15|15|16|16|17|17|18|18|19|19|20|20|21|21|22|22|23|23|24|24|25|25|26|26|27|27|28|28|29|29|30|30|31|32|33|34|35|36|37|38|39|40|41|42|43|44|45|46|47|48|49|50|51|52|53|54|55|56|57|58|59|60|61|62|63|64|65|66|67|68|69|70|71|72|73|74|75|76|77|78|79|80|81|82|83|84|85|86|87|88|89|90|91|92|93|94,94,1,30,-32.000000,False,False
no_delay,ECG_query_PPG_key_value,95,125,-95|-94|-93|-92|-91|-90|-89|-88|-87|-86|-85|-84|-83|-82|-81|-80|-79|-78|-77|-76|-75|-74|-73|-72|-71|-70|-69|-68|-67|-66|-65|-64|-63|-62|-61|-60|-59|-58|-57|-56|-55|-54|-53|-52|-51|-50|-49|-48|-47|-46|-45|-44|-43|-42|-41|-40|-39|-38|-37|-36|-35|-34|-33|-32|-31|-30|-29|-28|-27|-26|-25|-24|-23|-22|-21|-20|-19|-18|-17|-16|-15|-14|-13|-12|-11|-10|-9|-8|-7|-6|-5|-4|-3|-2|-1|0|1|2|3|4|5|6|7|8|9|10|11|12|13|14|15|16|17|18|19|20|21|22|23|24|25|26|27|28|29,0|1|1|2|2|3|3|4|4|5|5|6|6|7|7|8|8|9|9|10|10|11|11|12|12|13|13|14|14|15|15|16|16|17|17|18|18|19|19|20|20|21|21|22|22|23|23|24|24|25|25|26|26|27|27|28|28|29|29|30|31|32|33|34|35|36|37|38|39|40|41|42|43|44|45|46|47|48|49|50|51|52|53|54|55|56|57|58|59|60|61|62|63|64|65|66|67|68|69|70|71|72|73|74|75|76|77|78|79|80|81|82|83|84|85|86|87|88|89|90|91|92|93|94|95,95,1,29,-33.000000,False,False
no_delay,ECG_query_PPG_key_value,96,125,-96|-95|-94|-93|-92|-91|-90|-89|-88|-87|-86|-85|-84|-83|-82|-81|-80|-79|-78|-77|-76|-75|-74|-73|-72|-71|-70|-69|-68|-67|-66|-65|-64|-63|-62|-61|-60|-59|-58|-57|-56|-55|-54|-53|-52|-51|-50|-49|-48|-47|-46|-45|-44|-43|-42|-41|-40|-39|-38|-37|-36|-35|-34|-33|-32|-31|-30|-29|-28|-27|-26|-25|-24|-23|-22|-21|-20|-19|-18|-17|-16|-15|-14|-13|-12|-11|-10|-9|-8|-7|-6|-5|-4|-3|-2|-1|0|1|2|3|4|5|6|7|8|9|10|11|12|13|14|15|16|17|18|19|20|21|22|23|24|25|26|27|28,0|1|1|2|2|3|3|4|4|5|5|6|6|7|7|8|8|9|9|10|10|11|11|12|12|13|13|14|14|15|15|16|16|17|17|18|18|19|19|20|20|21|21|22|22|23|23|24|24|25|25|26|26|27|27|28|28|29|30|31|32|33|34|35|36|37|38|39|40|41|42|43|44|45|46|47|48|49|50|51|52|53|54|55|56|57|58|59|60|61|62|63|64|65|66|67|68|69|70|71|72|73|74|75|76|77|78|79|80|81|82|83|84|85|86|87|88|89|90|91|92|93|94|95|96,96,1,28,-34.000000,False,False
no_delay,ECG_query_PPG_key_value,97,125,-97|-96|-95|-94|-93|-92|-91|-90|-89|-88|-87|-86|-85|-84|-83|-82|-81|-80|-79|-78|-77|-76|-75|-74|-73|-72|-71|-70|-69|-68|-67|-66|-65|-64|-63|-62|-61|-60|-59|-58|-57|-56|-55|-54|-53|-52|-51|-50|-49|-48|-47|-46|-45|-44|-43|-42|-41|-40|-39|-38|-37|-36|-35|-34|-33|-32|-31|-30|-29|-28|-27|-26|-25|-24|-23|-22|-21|-20|-19|-18|-17|-16|-15|-14|-13|-12|-11|-10|-9|-8|-7|-6|-5|-4|-3|-2|-1|0|1|2|3|4|5|6|7|8|9|10|11|12|13|14|15|16|17|18|19|20|21|22|23|24|25|26|27,0|1|1|2|2|3|3|4|4|5|5|6|6|7|7|8|8|9|9|10|10|11|11|12|12|13|13|14|14|15|15|16|16|17|17|18|18|19|19|20|20|21|21|22|22|23|23|24|24|25|25|26|26|27|27|28|29|30|31|32|33|34|35|36|37|38|39|40|41|42|43|44|45|46|47|48|49|50|51|52|53|54|55|56|57|58|59|60|61|62|63|64|65|66|67|68|69|70|71|72|73|74|75|76|77|78|79|80|81|82|83|84|85|86|87|88|89|90|91|92|93|94|95|96|97,97,1,27,-35.000000,False,False
no_delay,ECG_query_PPG_key_value,98,125,-98|-97|-96|-95|-94|-93|-92|-91|-90|-89|-88|-87|-86|-85|-84|-83|-82|-81|-80|-79|-78|-77|-76|-75|-74|-73|-72|-71|-70|-69|-68|-67|-66|-65|-64|-63|-62|-61|-60|-59|-58|-57|-56|-55|-54|-53|-52|-51|-50|-49|-48|-47|-46|-45|-44|-43|-42|-41|-40|-39|-38|-37|-36|-35|-34|-33|-32|-31|-30|-29|-28|-27|-26|-25|-24|-23|-22|-21|-20|-19|-18|-17|-16|-15|-14|-13|-12|-11|-10|-9|-8|-7|-6|-5|-4|-3|-2|-1|0|1|2|3|4|5|6|7|8|9|10|11|12|13|14|15|16|17|18|19|20|21|22|23|24|25|26,0|1|1|2|2|3|3|4|4|5|5|6|6|7|7|8|8|9|9|10|10|11|11|12|12|13|13|14|14|15|15|16|16|17|17|18|18|19|19|20|20|21|21|22|22|23|23|24|24|25|25|26|26|27|28|29|30|31|32|33|34|35|36|37|38|39|40|41|42|43|44|45|46|47|48|49|50|51|52|53|54|55|56|57|58|59|60|61|62|63|64|65|66|67|68|69|70|71|72|73|74|75|76|77|78|79|80|81|82|83|84|85|86|87|88|89|90|91|92|93|94|95|96|97|98,98,1,26,-36.000000,False,False
no_delay,ECG_query_PPG_key_value,99,125,-99|-98|-97|-96|-95|-94|-93|-92|-91|-90|-89|-88|-87|-86|-85|-84|-83|-82|-81|-80|-79|-78|-77|-76|-75|-74|-73|-72|-71|-70|-69|-68|-67|-66|-65|-64|-63|-62|-61|-60|-59|-58|-57|-56|-55|-54|-53|-52|-51|-50|-49|-48|-47|-46|-45|-44|-43|-42|-41|-40|-39|-38|-37|-36|-35|-34|-33|-32|-31|-30|-29|-28|-27|-26|-25|-24|-23|-22|-21|-20|-19|-18|-17|-16|-15|-14|-13|-12|-11|-10|-9|-8|-7|-6|-5|-4|-3|-2|-1|0|1|2|3|4|5|6|7|8|9|10|11|12|13|14|15|16|17|18|19|20|21|22|23|24|25,0|1|1|2|2|3|3|4|4|5|5|6|6|7|7|8|8|9|9|10|10|11|11|12|12|13|13|14|14|15|15|16|16|17|17|18|18|19|19|20|20|21|21|22|22|23|23|24|24|25|25|26|27|28|29|30|31|32|33|34|35|36|37|38|39|40|41|42|43|44|45|46|47|48|49|50|51|52|53|54|55|56|57|58|59|60|61|62|63|64|65|66|67|68|69|70|71|72|73|74|75|76|77|78|79|80|81|82|83|84|85|86|87|88|89|90|91|92|93|94|95|96|97|98|99,99,1,25,-37.000000,False,False
no_delay,ECG_query_PPG_key_value,100,125,-100|-99|-98|-97|-96|-95|-94|-93|-92|-91|-90|-89|-88|-87|-86|-85|-84|-83|-82|-81|-80|-79|-78|-77|-76|-75|-74|-73|-72|-71|-70|-69|-68|-67|-66|-65|-64|-63|-62|-61|-60|-59|-58|-57|-56|-55|-54|-53|-52|-51|-50|-49|-48|-47|-46|-45|-44|-43|-42|-41|-40|-39|-38|-37|-36|-35|-34|-33|-32|-31|-30|-29|-28|-27|-26|-25|-24|-23|-22|-21|-20|-19|-18|-17|-16|-15|-14|-13|-12|-11|-10|-9|-8|-7|-6|-5|-4|-3|-2|-1|0|1|2|3|4|5|6|7|8|9|10|11|12|13|14|15|16|17|18|19|20|21|22|23|24,0|1|1|2|2|3|3|4|4|5|5|6|6|7|7|8|8|9|9|10|10|11|11|12|12|13|13|14|14|15|15|16|16|17|17|18|18|19|19|20|20|21|21|22|22|23|23|24|24|25|26|27|28|29|30|31|32|33|34|35|36|37|38|39|40|41|42|43|44|45|46|47|48|49|50|51|52|53|54|55|56|57|58|59|60|61|62|63|64|65|66|67|68|69|70|71|72|73|74|75|76|77|78|79|80|81|82|83|84|85|86|87|88|89|90|91|92|93|94|95|96|97|98|99|100,100,1,24,-38.000000,False,False
no_delay,ECG_query_PPG_key_value,101,125,-101|-100|-99|-98|-97|-96|-95|-94|-93|-92|-91|-90|-89|-88|-87|-86|-85|-84|-83|-82|-81|-80|-79|-78|-77|-76|-75|-74|-73|-72|-71|-70|-69|-68|-67|-66|-65|-64|-63|-62|-61|-60|-59|-58|-57|-56|-55|-54|-53|-52|-51|-50|-49|-48|-47|-46|-45|-44|-43|-42|-41|-40|-39|-38|-37|-36|-35|-34|-33|-32|-31|-30|-29|-28|-27|-26|-25|-24|-23|-22|-21|-20|-19|-18|-17|-16|-15|-14|-13|-12|-11|-10|-9|-8|-7|-6|-5|-4|-3|-2|-1|0|1|2|3|4|5|6|7|8|9|10|11|12|13|14|15|16|17|18|19|20|21|22|23,0|1|1|2|2|3|3|4|4|5|5|6|6|7|7|8|8|9|9|10|10|11|11|12|12|13|13|14|14|15|15|16|16|17|17|18|18|19|19|20|20|21|21|22|22|23|23|24|25|26|27|28|29|30|31|32|33|34|35|36|37|38|39|40|41|42|43|44|45|46|47|48|49|50|51|52|53|54|55|56|57|58|59|60|61|62|63|64|65|66|67|68|69|70|71|72|73|74|75|76|77|78|79|80|81|82|83|84|85|86|87|88|89|90|91|92|93|94|95|96|97|98|99|100|101,101,1,23,-39.000000,False,False
no_delay,ECG_query_PPG_key_value,102,125,-102|-101|-100|-99|-98|-97|-96|-95|-94|-93|-92|-91|-90|-89|-88|-87|-86|-85|-84|-83|-82|-81|-80|-79|-78|-77|-76|-75|-74|-73|-72|-71|-70|-69|-68|-67|-66|-65|-64|-63|-62|-61|-60|-59|-58|-57|-56|-55|-54|-53|-52|-51|-50|-49|-48|-47|-46|-45|-44|-43|-42|-41|-40|-39|-38|-37|-36|-35|-34|-33|-32|-31|-30|-29|-28|-27|-26|-25|-24|-23|-22|-21|-20|-19|-18|-17|-16|-15|-14|-13|-12|-11|-10|-9|-8|-7|-6|-5|-4|-3|-2|-1|0|1|2|3|4|5|6|7|8|9|10|11|12|13|14|15|16|17|18|19|20|21|22,0|1|1|2|2|3|3|4|4|5|5|6|6|7|7|8|8|9|9|10|10|11|11|12|12|13|13|14|14|15|15|16|16|17|17|18|18|19|19|20|20|21|21|22|22|23|24|25|26|27|28|29|30|31|32|33|34|35|36|37|38|39|40|41|42|43|44|45|46|47|48|49|50|51|52|53|54|55|56|57|58|59|60|61|62|63|64|65|66|67|68|69|70|71|72|73|74|75|76|77|78|79|80|81|82|83|84|85|86|87|88|89|90|91|92|93|94|95|96|97|98|99|100|101|102,102,1,22,-40.000000,False,False
no_delay,ECG_query_PPG_key_value,103,125,-103|-102|-101|-100|-99|-98|-97|-96|-95|-94|-93|-92|-91|-90|-89|-88|-87|-86|-85|-84|-83|-82|-81|-80|-79|-78|-77|-76|-75|-74|-73|-72|-71|-70|-69|-68|-67|-66|-65|-64|-63|-62|-61|-60|-59|-58|-57|-56|-55|-54|-53|-52|-51|-50|-49|-48|-47|-46|-45|-44|-43|-42|-41|-40|-39|-38|-37|-36|-35|-34|-33|-32|-31|-30|-29|-28|-27|-26|-25|-24|-23|-22|-21|-20|-19|-18|-17|-16|-15|-14|-13|-12|-11|-10|-9|-8|-7|-6|-5|-4|-3|-2|-1|0|1|2|3|4|5|6|7|8|9|10|11|12|13|14|15|16|17|18|19|20|21,0|1|1|2|2|3|3|4|4|5|5|6|6|7|7|8|8|9|9|10|10|11|11|12|12|13|13|14|14|15|15|16|16|17|17|18|18|19|19|20|20|21|21|22|23|24|25|26|27|28|29|30|31|32|33|34|35|36|37|38|39|40|41|42|43|44|45|46|47|48|49|50|51|52|53|54|55|56|57|58|59|60|61|62|63|64|65|66|67|68|69|70|71|72|73|74|75|76|77|78|79|80|81|82|83|84|85|86|87|88|89|90|91|92|93|94|95|96|97|98|99|100|101|102|103,103,1,21,-41.000000,False,False
no_delay,ECG_query_PPG_key_value,104,125,-104|-103|-102|-101|-100|-99|-98|-97|-96|-95|-94|-93|-92|-91|-90|-89|-88|-87|-86|-85|-84|-83|-82|-81|-80|-79|-78|-77|-76|-75|-74|-73|-72|-71|-70|-69|-68|-67|-66|-65|-64|-63|-62|-61|-60|-59|-58|-57|-56|-55|-54|-53|-52|-51|-50|-49|-48|-47|-46|-45|-44|-43|-42|-41|-40|-39|-38|-37|-36|-35|-34|-33|-32|-31|-30|-29|-28|-27|-26|-25|-24|-23|-22|-21|-20|-19|-18|-17|-16|-15|-14|-13|-12|-11|-10|-9|-8|-7|-6|-5|-4|-3|-2|-1|0|1|2|3|4|5|6|7|8|9|10|11|12|13|14|15|16|17|18|19|20,0|1|1|2|2|3|3|4|4|5|5|6|6|7|7|8|8|9|9|10|10|11|11|12|12|13|13|14|14|15|15|16|16|17|17|18|18|19|19|20|20|21|22|23|24|25|26|27|28|29|30|31|32|33|34|35|36|37|38|39|40|41|42|43|44|45|46|47|48|49|50|51|52|53|54|55|56|57|58|59|60|61|62|63|64|65|66|67|68|69|70|71|72|73|74|75|76|77|78|79|80|81|82|83|84|85|86|87|88|89|90|91|92|93|94|95|96|97|98|99|100|101|102|103|104,104,1,20,-42.000000,False,False
no_delay,ECG_query_PPG_key_value,105,125,-105|-104|-103|-102|-101|-100|-99|-98|-97|-96|-95|-94|-93|-92|-91|-90|-89|-88|-87|-86|-85|-84|-83|-82|-81|-80|-79|-78|-77|-76|-75|-74|-73|-72|-71|-70|-69|-68|-67|-66|-65|-64|-63|-62|-61|-60|-59|-58|-57|-56|-55|-54|-53|-52|-51|-50|-49|-48|-47|-46|-45|-44|-43|-42|-41|-40|-39|-38|-37|-36|-35|-34|-33|-32|-31|-30|-29|-28|-27|-26|-25|-24|-23|-22|-21|-20|-19|-18|-17|-16|-15|-14|-13|-12|-11|-10|-9|-8|-7|-6|-5|-4|-3|-2|-1|0|1|2|3|4|5|6|7|8|9|10|11|12|13|14|15|16|17|18|19,0|1|1|2|2|3|3|4|4|5|5|6|6|7|7|8|8|9|9|10|10|11|11|12|12|13|13|14|14|15|15|16|16|17|17|18|18|19|19|20|21|22|23|24|25|26|27|28|29|30|31|32|33|34|35|36|37|38|39|40|41|42|43|44|45|46|47|48|49|50|51|52|53|54|55|56|57|58|59|60|61|62|63|64|65|66|67|68|69|70|71|72|73|74|75|76|77|78|79|80|81|82|83|84|85|86|87|88|89|90|91|92|93|94|95|96|97|98|99|100|101|102|103|104|105,105,1,19,-43.000000,False,False
no_delay,ECG_query_PPG_key_value,106,125,-106|-105|-104|-103|-102|-101|-100|-99|-98|-97|-96|-95|-94|-93|-92|-91|-90|-89|-88|-87|-86|-85|-84|-83|-82|-81|-80|-79|-78|-77|-76|-75|-74|-73|-72|-71|-70|-69|-68|-67|-66|-65|-64|-63|-62|-61|-60|-59|-58|-57|-56|-55|-54|-53|-52|-51|-50|-49|-48|-47|-46|-45|-44|-43|-42|-41|-40|-39|-38|-37|-36|-35|-34|-33|-32|-31|-30|-29|-28|-27|-26|-25|-24|-23|-22|-21|-20|-19|-18|-17|-16|-15|-14|-13|-12|-11|-10|-9|-8|-7|-6|-5|-4|-3|-2|-1|0|1|2|3|4|5|6|7|8|9|10|11|12|13|14|15|16|17|18,0|1|1|2|2|3|3|4|4|5|5|6|6|7|7|8|8|9|9|10|10|11|11|12|12|13|13|14|14|15|15|16|16|17|17|18|18|19|20|21|22|23|24|25|26|27|28|29|30|31|32|33|34|35|36|37|38|39|40|41|42|43|44|45|46|47|48|49|50|51|52|53|54|55|56|57|58|59|60|61|62|63|64|65|66|67|68|69|70|71|72|73|74|75|76|77|78|79|80|81|82|83|84|85|86|87|88|89|90|91|92|93|94|95|96|97|98|99|100|101|102|103|104|105|106,106,1,18,-44.000000,False,False
no_delay,ECG_query_PPG_key_value,107,125,-107|-106|-105|-104|-103|-102|-101|-100|-99|-98|-97|-96|-95|-94|-93|-92|-91|-90|-89|-88|-87|-86|-85|-84|-83|-82|-81|-80|-79|-78|-77|-76|-75|-74|-73|-72|-71|-70|-69|-68|-67|-66|-65|-64|-63|-62|-61|-60|-59|-58|-57|-56|-55|-54|-53|-52|-51|-50|-49|-48|-47|-46|-45|-44|-43|-42|-41|-40|-39|-38|-37|-36|-35|-34|-33|-32|-31|-30|-29|-28|-27|-26|-25|-24|-23|-22|-21|-20|-19|-18|-17|-16|-15|-14|-13|-12|-11|-10|-9|-8|-7|-6|-5|-4|-3|-2|-1|0|1|2|3|4|5|6|7|8|9|10|11|12|13|14|15|16|17,0|1|1|2|2|3|3|4|4|5|5|6|6|7|7|8|8|9|9|10|10|11|11|12|12|13|13|14|14|15|15|16|16|17|17|18|19|20|21|22|23|24|25|26|27|28|29|30|31|32|33|34|35|36|37|38|39|40|41|42|43|44|45|46|47|48|49|50|51|52|53|54|55|56|57|58|59|60|61|62|63|64|65|66|67|68|69|70|71|72|73|74|75|76|77|78|79|80|81|82|83|84|85|86|87|88|89|90|91|92|93|94|95|96|97|98|99|100|101|102|103|104|105|106|107,107,1,17,-45.000000,False,False
no_delay,ECG_query_PPG_key_value,108,125,-108|-107|-106|-105|-104|-103|-102|-101|-100|-99|-98|-97|-96|-95|-94|-93|-92|-91|-90|-89|-88|-87|-86|-85|-84|-83|-82|-81|-80|-79|-78|-77|-76|-75|-74|-73|-72|-71|-70|-69|-68|-67|-66|-65|-64|-63|-62|-61|-60|-59|-58|-57|-56|-55|-54|-53|-52|-51|-50|-49|-48|-47|-46|-45|-44|-43|-42|-41|-40|-39|-38|-37|-36|-35|-34|-33|-32|-31|-30|-29|-28|-27|-26|-25|-24|-23|-22|-21|-20|-19|-18|-17|-16|-15|-14|-13|-12|-11|-10|-9|-8|-7|-6|-5|-4|-3|-2|-1|0|1|2|3|4|5|6|7|8|9|10|11|12|13|14|15|16,0|1|1|2|2|3|3|4|4|5|5|6|6|7|7|8|8|9|9|10|10|11|11|12|12|13|13|14|14|15|15|16|16|17|18|19|20|21|22|23|24|25|26|27|28|29|30|31|32|33|34|35|36|37|38|39|40|41|42|43|44|45|46|47|48|49|50|51|52|53|54|55|56|57|58|59|60|61|62|63|64|65|66|67|68|69|70|71|72|73|74|75|76|77|78|79|80|81|82|83|84|85|86|87|88|89|90|91|92|93|94|95|96|97|98|99|100|101|102|103|104|105|106|107|108,108,1,16,-46.000000,False,False
no_delay,ECG_query_PPG_key_value,109,125,-109|-108|-107|-106|-105|-104|-103|-102|-101|-100|-99|-98|-97|-96|-95|-94|-93|-92|-91|-90|-89|-88|-87|-86|-85|-84|-83|-82|-81|-80|-79|-78|-77|-76|-75|-74|-73|-72|-71|-70|-69|-68|-67|-66|-65|-64|-63|-62|-61|-60|-59|-58|-57|-56|-55|-54|-53|-52|-51|-50|-49|-48|-47|-46|-45|-44|-43|-42|-41|-40|-39|-38|-37|-36|-35|-34|-33|-32|-31|-30|-29|-28|-27|-26|-25|-24|-23|-22|-21|-20|-19|-18|-17|-16|-15|-14|-13|-12|-11|-10|-9|-8|-7|-6|-5|-4|-3|-2|-1|0|1|2|3|4|5|6|7|8|9|10|11|12|13|14|15,0|1|1|2|2|3|3|4|4|5|5|6|6|7|7|8|8|9|9|10|10|11|11|12|12|13|13|14|14|15|15|16|17|18|19|20|21|22|23|24|25|26|27|28|29|30|31|32|33|34|35|36|37|38|39|40|41|42|43|44|45|46|47|48|49|50|51|52|53|54|55|56|57|58|59|60|61|62|63|64|65|66|67|68|69|70|71|72|73|74|75|76|77|78|79|80|81|82|83|84|85|86|87|88|89|90|91|92|93|94|95|96|97|98|99|100|101|102|103|104|105|106|107|108|109,109,1,15,-47.000000,False,False
no_delay,ECG_query_PPG_key_value,110,125,-110|-109|-108|-107|-106|-105|-104|-103|-102|-101|-100|-99|-98|-97|-96|-95|-94|-93|-92|-91|-90|-89|-88|-87|-86|-85|-84|-83|-82|-81|-80|-79|-78|-77|-76|-75|-74|-73|-72|-71|-70|-69|-68|-67|-66|-65|-64|-63|-62|-61|-60|-59|-58|-57|-56|-55|-54|-53|-52|-51|-50|-49|-48|-47|-46|-45|-44|-43|-42|-41|-40|-39|-38|-37|-36|-35|-34|-33|-32|-31|-30|-29|-28|-27|-26|-25|-24|-23|-22|-21|-20|-19|-18|-17|-16|-15|-14|-13|-12|-11|-10|-9|-8|-7|-6|-5|-4|-3|-2|-1|0|1|2|3|4|5|6|7|8|9|10|11|12|13|14,0|1|1|2|2|3|3|4|4|5|5|6|6|7|7|8|8|9|9|10|10|11|11|12|12|13|13|14|14|15|16|17|18|19|20|21|22|23|24|25|26|27|28|29|30|31|32|33|34|35|36|37|38|39|40|41|42|43|44|45|46|47|48|49|50|51|52|53|54|55|56|57|58|59|60|61|62|63|64|65|66|67|68|69|70|71|72|73|74|75|76|77|78|79|80|81|82|83|84|85|86|87|88|89|90|91|92|93|94|95|96|97|98|99|100|101|102|103|104|105|106|107|108|109|110,110,1,14,-48.000000,False,False
no_delay,ECG_query_PPG_key_value,111,125,-111|-110|-109|-108|-107|-106|-105|-104|-103|-102|-101|-100|-99|-98|-97|-96|-95|-94|-93|-92|-91|-90|-89|-88|-87|-86|-85|-84|-83|-82|-81|-80|-79|-78|-77|-76|-75|-74|-73|-72|-71|-70|-69|-68|-67|-66|-65|-64|-63|-62|-61|-60|-59|-58|-57|-56|-55|-54|-53|-52|-51|-50|-49|-48|-47|-46|-45|-44|-43|-42|-41|-40|-39|-38|-37|-36|-35|-34|-33|-32|-31|-30|-29|-28|-27|-26|-25|-24|-23|-22|-21|-20|-19|-18|-17|-16|-15|-14|-13|-12|-11|-10|-9|-8|-7|-6|-5|-4|-3|-2|-1|0|1|2|3|4|5|6|7|8|9|10|11|12|13,0|1|1|2|2|3|3|4|4|5|5|6|6|7|7|8|8|9|9|10|10|11|11|12|12|13|13|14|15|16|17|18|19|20|21|22|23|24|25|26|27|28|29|30|31|32|33|34|35|36|37|38|39|40|41|42|43|44|45|46|47|48|49|50|51|52|53|54|55|56|57|58|59|60|61|62|63|64|65|66|67|68|69|70|71|72|73|74|75|76|77|78|79|80|81|82|83|84|85|86|87|88|89|90|91|92|93|94|95|96|97|98|99|100|101|102|103|104|105|106|107|108|109|110|111,111,1,13,-49.000000,False,False
no_delay,ECG_query_PPG_key_value,112,125,-112|-111|-110|-109|-108|-107|-106|-105|-104|-103|-102|-101|-100|-99|-98|-97|-96|-95|-94|-93|-92|-91|-90|-89|-88|-87|-86|-85|-84|-83|-82|-81|-80|-79|-78|-77|-76|-75|-74|-73|-72|-71|-70|-69|-68|-67|-66|-65|-64|-63|-62|-61|-60|-59|-58|-57|-56|-55|-54|-53|-52|-51|-50|-49|-48|-47|-46|-45|-44|-43|-42|-41|-40|-39|-38|-37|-36|-35|-34|-33|-32|-31|-30|-29|-28|-27|-26|-25|-24|-23|-22|-21|-20|-19|-18|-17|-16|-15|-14|-13|-12|-11|-10|-9|-8|-7|-6|-5|-4|-3|-2|-1|0|1|2|3|4|5|6|7|8|9|10|11|12,0|1|1|2|2|3|3|4|4|5|5|6|6|7|7|8|8|9|9|10|10|11|11|12|12|13|14|15|16|17|18|19|20|21|22|23|24|25|26|27|28|29|30|31|32|33|34|35|36|37|38|39|40|41|42|43|44|45|46|47|48|49|50|51|52|53|54|55|56|57|58|59|60|61|62|63|64|65|66|67|68|69|70|71|72|73|74|75|76|77|78|79|80|81|82|83|84|85|86|87|88|89|90|91|92|93|94|95|96|97|98|99|100|101|102|103|104|105|106|107|108|109|110|111|112,112,1,12,-50.000000,False,False
no_delay,ECG_query_PPG_key_value,113,125,-113|-112|-111|-110|-109|-108|-107|-106|-105|-104|-103|-102|-101|-100|-99|-98|-97|-96|-95|-94|-93|-92|-91|-90|-89|-88|-87|-86|-85|-84|-83|-82|-81|-80|-79|-78|-77|-76|-75|-74|-73|-72|-71|-70|-69|-68|-67|-66|-65|-64|-63|-62|-61|-60|-59|-58|-57|-56|-55|-54|-53|-52|-51|-50|-49|-48|-47|-46|-45|-44|-43|-42|-41|-40|-39|-38|-37|-36|-35|-34|-33|-32|-31|-30|-29|-28|-27|-26|-25|-24|-23|-22|-21|-20|-19|-18|-17|-16|-15|-14|-13|-12|-11|-10|-9|-8|-7|-6|-5|-4|-3|-2|-1|0|1|2|3|4|5|6|7|8|9|10|11,0|1|1|2|2|3|3|4|4|5|5|6|6|7|7|8|8|9|9|10|10|11|11|12|13|14|15|16|17|18|19|20|21|22|23|24|25|26|27|28|29|30|31|32|33|34|35|36|37|38|39|40|41|42|43|44|45|46|47|48|49|50|51|52|53|54|55|56|57|58|59|60|61|62|63|64|65|66|67|68|69|70|71|72|73|74|75|76|77|78|79|80|81|82|83|84|85|86|87|88|89|90|91|92|93|94|95|96|97|98|99|100|101|102|103|104|105|106|107|108|109|110|111|112|113,113,1,11,-51.000000,False,False
no_delay,ECG_query_PPG_key_value,114,125,-114|-113|-112|-111|-110|-109|-108|-107|-106|-105|-104|-103|-102|-101|-100|-99|-98|-97|-96|-95|-94|-93|-92|-91|-90|-89|-88|-87|-86|-85|-84|-83|-82|-81|-80|-79|-78|-77|-76|-75|-74|-73|-72|-71|-70|-69|-68|-67|-66|-65|-64|-63|-62|-61|-60|-59|-58|-57|-56|-55|-54|-53|-52|-51|-50|-49|-48|-47|-46|-45|-44|-43|-42|-41|-40|-39|-38|-37|-36|-35|-34|-33|-32|-31|-30|-29|-28|-27|-26|-25|-24|-23|-22|-21|-20|-19|-18|-17|-16|-15|-14|-13|-12|-11|-10|-9|-8|-7|-6|-5|-4|-3|-2|-1|0|1|2|3|4|5|6|7|8|9|10,0|1|1|2|2|3|3|4|4|5|5|6|6|7|7|8|8|9|9|10|10|11|12|13|14|15|16|17|18|19|20|21|22|23|24|25|26|27|28|29|30|31|32|33|34|35|36|37|38|39|40|41|42|43|44|45|46|47|48|49|50|51|52|53|54|55|56|57|58|59|60|61|62|63|64|65|66|67|68|69|70|71|72|73|74|75|76|77|78|79|80|81|82|83|84|85|86|87|88|89|90|91|92|93|94|95|96|97|98|99|100|101|102|103|104|105|106|107|108|109|110|111|112|113|114,114,1,10,-52.000000,False,False
no_delay,ECG_query_PPG_key_value,115,125,-115|-114|-113|-112|-111|-110|-109|-108|-107|-106|-105|-104|-103|-102|-101|-100|-99|-98|-97|-96|-95|-94|-93|-92|-91|-90|-89|-88|-87|-86|-85|-84|-83|-82|-81|-80|-79|-78|-77|-76|-75|-74|-73|-72|-71|-70|-69|-68|-67|-66|-65|-64|-63|-62|-61|-60|-59|-58|-57|-56|-55|-54|-53|-52|-51|-50|-49|-48|-47|-46|-45|-44|-43|-42|-41|-40|-39|-38|-37|-36|-35|-34|-33|-32|-31|-30|-29|-28|-27|-26|-25|-24|-23|-22|-21|-20|-19|-18|-17|-16|-15|-14|-13|-12|-11|-10|-9|-8|-7|-6|-5|-4|-3|-2|-1|0|1|2|3|4|5|6|7|8|9,0|1|1|2|2|3|3|4|4|5|5|6|6|7|7|8|8|9|9|10|11|12|13|14|15|16|17|18|19|20|21|22|23|24|25|26|27|28|29|30|31|32|33|34|35|36|37|38|39|40|41|42|43|44|45|46|47|48|49|50|51|52|53|54|55|56|57|58|59|60|61|62|63|64|65|66|67|68|69|70|71|72|73|74|75|76|77|78|79|80|81|82|83|84|85|86|87|88|89|90|91|92|93|94|95|96|97|98|99|100|101|102|103|104|105|106|107|108|109|110|111|112|113|114|115,115,1,9,-53.000000,False,False
no_delay,ECG_query_PPG_key_value,116,125,-116|-115|-114|-113|-112|-111|-110|-109|-108|-107|-106|-105|-104|-103|-102|-101|-100|-99|-98|-97|-96|-95|-94|-93|-92|-91|-90|-89|-88|-87|-86|-85|-84|-83|-82|-81|-80|-79|-78|-77|-76|-75|-74|-73|-72|-71|-70|-69|-68|-67|-66|-65|-64|-63|-62|-61|-60|-59|-58|-57|-56|-55|-54|-53|-52|-51|-50|-49|-48|-47|-46|-45|-44|-43|-42|-41|-40|-39|-38|-37|-36|-35|-34|-33|-32|-31|-30|-29|-28|-27|-26|-25|-24|-23|-22|-21|-20|-19|-18|-17|-16|-15|-14|-13|-12|-11|-10|-9|-8|-7|-6|-5|-4|-3|-2|-1|0|1|2|3|4|5|6|7|8,0|1|1|2|2|3|3|4|4|5|5|6|6|7|7|8|8|9|10|11|12|13|14|15|16|17|18|19|20|21|22|23|24|25|26|27|28|29|30|31|32|33|34|35|36|37|38|39|40|41|42|43|44|45|46|47|48|49|50|51|52|53|54|55|56|57|58|59|60|61|62|63|64|65|66|67|68|69|70|71|72|73|74|75|76|77|78|79|80|81|82|83|84|85|86|87|88|89|90|91|92|93|94|95|96|97|98|99|100|101|102|103|104|105|106|107|108|109|110|111|112|113|114|115|116,116,1,8,-54.000000,False,False
no_delay,ECG_query_PPG_key_value,117,125,-117|-116|-115|-114|-113|-112|-111|-110|-109|-108|-107|-106|-105|-104|-103|-102|-101|-100|-99|-98|-97|-96|-95|-94|-93|-92|-91|-90|-89|-88|-87|-86|-85|-84|-83|-82|-81|-80|-79|-78|-77|-76|-75|-74|-73|-72|-71|-70|-69|-68|-67|-66|-65|-64|-63|-62|-61|-60|-59|-58|-57|-56|-55|-54|-53|-52|-51|-50|-49|-48|-47|-46|-45|-44|-43|-42|-41|-40|-39|-38|-37|-36|-35|-34|-33|-32|-31|-30|-29|-28|-27|-26|-25|-24|-23|-22|-21|-20|-19|-18|-17|-16|-15|-14|-13|-12|-11|-10|-9|-8|-7|-6|-5|-4|-3|-2|-1|0|1|2|3|4|5|6|7,0|1|1|2|2|3|3|4|4|5|5|6|6|7|7|8|9|10|11|12|13|14|15|16|17|18|19|20|21|22|23|24|25|26|27|28|29|30|31|32|33|34|35|36|37|38|39|40|41|42|43|44|45|46|47|48|49|50|51|52|53|54|55|56|57|58|59|60|61|62|63|64|65|66|67|68|69|70|71|72|73|74|75|76|77|78|79|80|81|82|83|84|85|86|87|88|89|90|91|92|93|94|95|96|97|98|99|100|101|102|103|104|105|106|107|108|109|110|111|112|113|114|115|116|117,117,1,7,-55.000000,False,False
no_delay,ECG_query_PPG_key_value,118,125,-118|-117|-116|-115|-114|-113|-112|-111|-110|-109|-108|-107|-106|-105|-104|-103|-102|-101|-100|-99|-98|-97|-96|-95|-94|-93|-92|-91|-90|-89|-88|-87|-86|-85|-84|-83|-82|-81|-80|-79|-78|-77|-76|-75|-74|-73|-72|-71|-70|-69|-68|-67|-66|-65|-64|-63|-62|-61|-60|-59|-58|-57|-56|-55|-54|-53|-52|-51|-50|-49|-48|-47|-46|-45|-44|-43|-42|-41|-40|-39|-38|-37|-36|-35|-34|-33|-32|-31|-30|-29|-28|-27|-26|-25|-24|-23|-22|-21|-20|-19|-18|-17|-16|-15|-14|-13|-12|-11|-10|-9|-8|-7|-6|-5|-4|-3|-2|-1|0|1|2|3|4|5|6,0|1|1|2|2|3|3|4|4|5|5|6|6|7|8|9|10|11|12|13|14|15|16|17|18|19|20|21|22|23|24|25|26|27|28|29|30|31|32|33|34|35|36|37|38|39|40|41|42|43|44|45|46|47|48|49|50|51|52|53|54|55|56|57|58|59|60|61|62|63|64|65|66|67|68|69|70|71|72|73|74|75|76|77|78|79|80|81|82|83|84|85|86|87|88|89|90|91|92|93|94|95|96|97|98|99|100|101|102|103|104|105|106|107|108|109|110|111|112|113|114|115|116|117|118,118,1,6,-56.000000,False,False
no_delay,ECG_query_PPG_key_value,119,125,-119|-118|-117|-116|-115|-114|-113|-112|-111|-110|-109|-108|-107|-106|-105|-104|-103|-102|-101|-100|-99|-98|-97|-96|-95|-94|-93|-92|-91|-90|-89|-88|-87|-86|-85|-84|-83|-82|-81|-80|-79|-78|-77|-76|-75|-74|-73|-72|-71|-70|-69|-68|-67|-66|-65|-64|-63|-62|-61|-60|-59|-58|-57|-56|-55|-54|-53|-52|-51|-50|-49|-48|-47|-46|-45|-44|-43|-42|-41|-40|-39|-38|-37|-36|-35|-34|-33|-32|-31|-30|-29|-28|-27|-26|-25|-24|-23|-22|-21|-20|-19|-18|-17|-16|-15|-14|-13|-12|-11|-10|-9|-8|-7|-6|-5|-4|-3|-2|-1|0|1|2|3|4|5,0|1|1|2|2|3|3|4|4|5|5|6|7|8|9|10|11|12|13|14|15|16|17|18|19|20|21|22|23|24|25|26|27|28|29|30|31|32|33|34|35|36|37|38|39|40|41|42|43|44|45|46|47|48|49|50|51|52|53|54|55|56|57|58|59|60|61|62|63|64|65|66|67|68|69|70|71|72|73|74|75|76|77|78|79|80|81|82|83|84|85|86|87|88|89|90|91|92|93|94|95|96|97|98|99|100|101|102|103|104|105|106|107|108|109|110|111|112|113|114|115|116|117|118|119,119,1,5,-57.000000,False,False
no_delay,ECG_query_PPG_key_value,120,125,-120|-119|-118|-117|-116|-115|-114|-113|-112|-111|-110|-109|-108|-107|-106|-105|-104|-103|-102|-101|-100|-99|-98|-97|-96|-95|-94|-93|-92|-91|-90|-89|-88|-87|-86|-85|-84|-83|-82|-81|-80|-79|-78|-77|-76|-75|-74|-73|-72|-71|-70|-69|-68|-67|-66|-65|-64|-63|-62|-61|-60|-59|-58|-57|-56|-55|-54|-53|-52|-51|-50|-49|-48|-47|-46|-45|-44|-43|-42|-41|-40|-39|-38|-37|-36|-35|-34|-33|-32|-31|-30|-29|-28|-27|-26|-25|-24|-23|-22|-21|-20|-19|-18|-17|-16|-15|-14|-13|-12|-11|-10|-9|-8|-7|-6|-5|-4|-3|-2|-1|0|1|2|3|4,0|1|1|2|2|3|3|4|4|5|6|7|8|9|10|11|12|13|14|15|16|17|18|19|20|21|22|23|24|25|26|27|28|29|30|31|32|33|34|35|36|37|38|39|40|41|42|43|44|45|46|47|48|49|50|51|52|53|54|55|56|57|58|59|60|61|62|63|64|65|66|67|68|69|70|71|72|73|74|75|76|77|78|79|80|81|82|83|84|85|86|87|88|89|90|91|92|93|94|95|96|97|98|99|100|101|102|103|104|105|106|107|108|109|110|111|112|113|114|115|116|117|118|119|120,120,1,4,-58.000000,False,False
no_delay,ECG_query_PPG_key_value,121,125,-121|-120|-119|-118|-117|-116|-115|-114|-113|-112|-111|-110|-109|-108|-107|-106|-105|-104|-103|-102|-101|-100|-99|-98|-97|-96|-95|-94|-93|-92|-91|-90|-89|-88|-87|-86|-85|-84|-83|-82|-81|-80|-79|-78|-77|-76|-75|-74|-73|-72|-71|-70|-69|-68|-67|-66|-65|-64|-63|-62|-61|-60|-59|-58|-57|-56|-55|-54|-53|-52|-51|-50|-49|-48|-47|-46|-45|-44|-43|-42|-41|-40|-39|-38|-37|-36|-35|-34|-33|-32|-31|-30|-29|-28|-27|-26|-25|-24|-23|-22|-21|-20|-19|-18|-17|-16|-15|-14|-13|-12|-11|-10|-9|-8|-7|-6|-5|-4|-3|-2|-1|0|1|2|3,0|1|1|2|2|3|3|4|5|6|7|8|9|10|11|12|13|14|15|16|17|18|19|20|21|22|23|24|25|26|27|28|29|30|31|32|33|34|35|36|37|38|39|40|41|42|43|44|45|46|47|48|49|50|51|52|53|54|55|56|57|58|59|60|61|62|63|64|65|66|67|68|69|70|71|72|73|74|75|76|77|78|79|80|81|82|83|84|85|86|87|88|89|90|91|92|93|94|95|96|97|98|99|100|101|102|103|104|105|106|107|108|109|110|111|112|113|114|115|116|117|118|119|120|121,121,1,3,-59.000000,False,False
no_delay,ECG_query_PPG_key_value,122,0,,,0,0,0,,False,False
no_delay,ECG_query_PPG_key_value,123,0,,,0,0,0,,False,False
no_delay,ECG_query_PPG_key_value,124,0,,,0,0,0,,False,False
no_delay,PPG_query_ECG_key_value,0,0,,,0,0,0,,False,False
no_delay,PPG_query_ECG_key_value,1,0,,,0,0,0,,False,False
no_delay,PPG_query_ECG_key_value,2,0,,,0,0,0,,False,False
no_delay,PPG_query_ECG_key_value,3,125,-3|-2|-1|0|1|2|3|4|5|6|7|8|9|10|11|12|13|14|15|16|17|18|19|20|21|22|23|24|25|26|27|28|29|30|31|32|33|34|35|36|37|38|39|40|41|42|43|44|45|46|47|48|49|50|51|52|53|54|55|56|57|58|59|60|61|62|63|64|65|66|67|68|69|70|71|72|73|74|75|76|77|78|79|80|81|82|83|84|85|86|87|88|89|90|91|92|93|94|95|96|97|98|99|100|101|102|103|104|105|106|107|108|109|110|111|112|113|114|115|116|117|118|119|120|121,0|1|1|2|2|3|3|4|5|6|7|8|9|10|11|12|13|14|15|16|17|18|19|20|21|22|23|24|25|26|27|28|29|30|31|32|33|34|35|36|37|38|39|40|41|42|43|44|45|46|47|48|49|50|51|52|53|54|55|56|57|58|59|60|61|62|63|64|65|66|67|68|69|70|71|72|73|74|75|76|77|78|79|80|81|82|83|84|85|86|87|88|89|90|91|92|93|94|95|96|97|98|99|100|101|102|103|104|105|106|107|108|109|110|111|112|113|114|115|116|117|118|119|120|121,3,1,121,59.000000,False,False
no_delay,PPG_query_ECG_key_value,4,125,-4|-3|-2|-1|0|1|2|3|4|5|6|7|8|9|10|11|12|13|14|15|16|17|18|19|20|21|22|23|24|25|26|27|28|29|30|31|32|33|34|35|36|37|38|39|40|41|42|43|44|45|46|47|48|49|50|51|52|53|54|55|56|57|58|59|60|61|62|63|64|65|66|67|68|69|70|71|72|73|74|75|76|77|78|79|80|81|82|83|84|85|86|87|88|89|90|91|92|93|94|95|96|97|98|99|100|101|102|103|104|105|106|107|108|109|110|111|112|113|114|115|116|117|118|119|120,0|1|1|2|2|3|3|4|4|5|6|7|8|9|10|11|12|13|14|15|16|17|18|19|20|21|22|23|24|25|26|27|28|29|30|31|32|33|34|35|36|37|38|39|40|41|42|43|44|45|46|47|48|49|50|51|52|53|54|55|56|57|58|59|60|61|62|63|64|65|66|67|68|69|70|71|72|73|74|75|76|77|78|79|80|81|82|83|84|85|86|87|88|89|90|91|92|93|94|95|96|97|98|99|100|101|102|103|104|105|106|107|108|109|110|111|112|113|114|115|116|117|118|119|120,4,1,120,58.000000,False,False
no_delay,PPG_query_ECG_key_value,5,125,-5|-4|-3|-2|-1|0|1|2|3|4|5|6|7|8|9|10|11|12|13|14|15|16|17|18|19|20|21|22|23|24|25|26|27|28|29|30|31|32|33|34|35|36|37|38|39|40|41|42|43|44|45|46|47|48|49|50|51|52|53|54|55|56|57|58|59|60|61|62|63|64|65|66|67|68|69|70|71|72|73|74|75|76|77|78|79|80|81|82|83|84|85|86|87|88|89|90|91|92|93|94|95|96|97|98|99|100|101|102|103|104|105|106|107|108|109|110|111|112|113|114|115|116|117|118|119,0|1|1|2|2|3|3|4|4|5|5|6|7|8|9|10|11|12|13|14|15|16|17|18|19|20|21|22|23|24|25|26|27|28|29|30|31|32|33|34|35|36|37|38|39|40|41|42|43|44|45|46|47|48|49|50|51|52|53|54|55|56|57|58|59|60|61|62|63|64|65|66|67|68|69|70|71|72|73|74|75|76|77|78|79|80|81|82|83|84|85|86|87|88|89|90|91|92|93|94|95|96|97|98|99|100|101|102|103|104|105|106|107|108|109|110|111|112|113|114|115|116|117|118|119,5,1,119,57.000000,False,False
no_delay,PPG_query_ECG_key_value,6,125,-6|-5|-4|-3|-2|-1|0|1|2|3|4|5|6|7|8|9|10|11|12|13|14|15|16|17|18|19|20|21|22|23|24|25|26|27|28|29|30|31|32|33|34|35|36|37|38|39|40|41|42|43|44|45|46|47|48|49|50|51|52|53|54|55|56|57|58|59|60|61|62|63|64|65|66|67|68|69|70|71|72|73|74|75|76|77|78|79|80|81|82|83|84|85|86|87|88|89|90|91|92|93|94|95|96|97|98|99|100|101|102|103|104|105|106|107|108|109|110|111|112|113|114|115|116|117|118,0|1|1|2|2|3|3|4|4|5|5|6|6|7|8|9|10|11|12|13|14|15|16|17|18|19|20|21|22|23|24|25|26|27|28|29|30|31|32|33|34|35|36|37|38|39|40|41|42|43|44|45|46|47|48|49|50|51|52|53|54|55|56|57|58|59|60|61|62|63|64|65|66|67|68|69|70|71|72|73|74|75|76|77|78|79|80|81|82|83|84|85|86|87|88|89|90|91|92|93|94|95|96|97|98|99|100|101|102|103|104|105|106|107|108|109|110|111|112|113|114|115|116|117|118,6,1,118,56.000000,False,False
no_delay,PPG_query_ECG_key_value,7,125,-7|-6|-5|-4|-3|-2|-1|0|1|2|3|4|5|6|7|8|9|10|11|12|13|14|15|16|17|18|19|20|21|22|23|24|25|26|27|28|29|30|31|32|33|34|35|36|37|38|39|40|41|42|43|44|45|46|47|48|49|50|51|52|53|54|55|56|57|58|59|60|61|62|63|64|65|66|67|68|69|70|71|72|73|74|75|76|77|78|79|80|81|82|83|84|85|86|87|88|89|90|91|92|93|94|95|96|97|98|99|100|101|102|103|104|105|106|107|108|109|110|111|112|113|114|115|116|117,0|1|1|2|2|3|3|4|4|5|5|6|6|7|7|8|9|10|11|12|13|14|15|16|17|18|19|20|21|22|23|24|25|26|27|28|29|30|31|32|33|34|35|36|37|38|39|40|41|42|43|44|45|46|47|48|49|50|51|52|53|54|55|56|57|58|59|60|61|62|63|64|65|66|67|68|69|70|71|72|73|74|75|76|77|78|79|80|81|82|83|84|85|86|87|88|89|90|91|92|93|94|95|96|97|98|99|100|101|102|103|104|105|106|107|108|109|110|111|112|113|114|115|116|117,7,1,117,55.000000,False,False
no_delay,PPG_query_ECG_key_value,8,125,-8|-7|-6|-5|-4|-3|-2|-1|0|1|2|3|4|5|6|7|8|9|10|11|12|13|14|15|16|17|18|19|20|21|22|23|24|25|26|27|28|29|30|31|32|33|34|35|36|37|38|39|40|41|42|43|44|45|46|47|48|49|50|51|52|53|54|55|56|57|58|59|60|61|62|63|64|65|66|67|68|69|70|71|72|73|74|75|76|77|78|79|80|81|82|83|84|85|86|87|88|89|90|91|92|93|94|95|96|97|98|99|100|101|102|103|104|105|106|107|108|109|110|111|112|113|114|115|116,0|1|1|2|2|3|3|4|4|5|5|6|6|7|7|8|8|9|10|11|12|13|14|15|16|17|18|19|20|21|22|23|24|25|26|27|28|29|30|31|32|33|34|35|36|37|38|39|40|41|42|43|44|45|46|47|48|49|50|51|52|53|54|55|56|57|58|59|60|61|62|63|64|65|66|67|68|69|70|71|72|73|74|75|76|77|78|79|80|81|82|83|84|85|86|87|88|89|90|91|92|93|94|95|96|97|98|99|100|101|102|103|104|105|106|107|108|109|110|111|112|113|114|115|116,8,1,116,54.000000,False,False
no_delay,PPG_query_ECG_key_value,9,125,-9|-8|-7|-6|-5|-4|-3|-2|-1|0|1|2|3|4|5|6|7|8|9|10|11|12|13|14|15|16|17|18|19|20|21|22|23|24|25|26|27|28|29|30|31|32|33|34|35|36|37|38|39|40|41|42|43|44|45|46|47|48|49|50|51|52|53|54|55|56|57|58|59|60|61|62|63|64|65|66|67|68|69|70|71|72|73|74|75|76|77|78|79|80|81|82|83|84|85|86|87|88|89|90|91|92|93|94|95|96|97|98|99|100|101|102|103|104|105|106|107|108|109|110|111|112|113|114|115,0|1|1|2|2|3|3|4|4|5|5|6|6|7|7|8|8|9|9|10|11|12|13|14|15|16|17|18|19|20|21|22|23|24|25|26|27|28|29|30|31|32|33|34|35|36|37|38|39|40|41|42|43|44|45|46|47|48|49|50|51|52|53|54|55|56|57|58|59|60|61|62|63|64|65|66|67|68|69|70|71|72|73|74|75|76|77|78|79|80|81|82|83|84|85|86|87|88|89|90|91|92|93|94|95|96|97|98|99|100|101|102|103|104|105|106|107|108|109|110|111|112|113|114|115,9,1,115,53.000000,False,False
no_delay,PPG_query_ECG_key_value,10,125,-10|-9|-8|-7|-6|-5|-4|-3|-2|-1|0|1|2|3|4|5|6|7|8|9|10|11|12|13|14|15|16|17|18|19|20|21|22|23|24|25|26|27|28|29|30|31|32|33|34|35|36|37|38|39|40|41|42|43|44|45|46|47|48|49|50|51|52|53|54|55|56|57|58|59|60|61|62|63|64|65|66|67|68|69|70|71|72|73|74|75|76|77|78|79|80|81|82|83|84|85|86|87|88|89|90|91|92|93|94|95|96|97|98|99|100|101|102|103|104|105|106|107|108|109|110|111|112|113|114,0|1|1|2|2|3|3|4|4|5|5|6|6|7|7|8|8|9|9|10|10|11|12|13|14|15|16|17|18|19|20|21|22|23|24|25|26|27|28|29|30|31|32|33|34|35|36|37|38|39|40|41|42|43|44|45|46|47|48|49|50|51|52|53|54|55|56|57|58|59|60|61|62|63|64|65|66|67|68|69|70|71|72|73|74|75|76|77|78|79|80|81|82|83|84|85|86|87|88|89|90|91|92|93|94|95|96|97|98|99|100|101|102|103|104|105|106|107|108|109|110|111|112|113|114,10,1,114,52.000000,False,False
no_delay,PPG_query_ECG_key_value,11,125,-11|-10|-9|-8|-7|-6|-5|-4|-3|-2|-1|0|1|2|3|4|5|6|7|8|9|10|11|12|13|14|15|16|17|18|19|20|21|22|23|24|25|26|27|28|29|30|31|32|33|34|35|36|37|38|39|40|41|42|43|44|45|46|47|48|49|50|51|52|53|54|55|56|57|58|59|60|61|62|63|64|65|66|67|68|69|70|71|72|73|74|75|76|77|78|79|80|81|82|83|84|85|86|87|88|89|90|91|92|93|94|95|96|97|98|99|100|101|102|103|104|105|106|107|108|109|110|111|112|113,0|1|1|2|2|3|3|4|4|5|5|6|6|7|7|8|8|9|9|10|10|11|11|12|13|14|15|16|17|18|19|20|21|22|23|24|25|26|27|28|29|30|31|32|33|34|35|36|37|38|39|40|41|42|43|44|45|46|47|48|49|50|51|52|53|54|55|56|57|58|59|60|61|62|63|64|65|66|67|68|69|70|71|72|73|74|75|76|77|78|79|80|81|82|83|84|85|86|87|88|89|90|91|92|93|94|95|96|97|98|99|100|101|102|103|104|105|106|107|108|109|110|111|112|113,11,1,113,51.000000,False,False
no_delay,PPG_query_ECG_key_value,12,125,-12|-11|-10|-9|-8|-7|-6|-5|-4|-3|-2|-1|0|1|2|3|4|5|6|7|8|9|10|11|12|13|14|15|16|17|18|19|20|21|22|23|24|25|26|27|28|29|30|31|32|33|34|35|36|37|38|39|40|41|42|43|44|45|46|47|48|49|50|51|52|53|54|55|56|57|58|59|60|61|62|63|64|65|66|67|68|69|70|71|72|73|74|75|76|77|78|79|80|81|82|83|84|85|86|87|88|89|90|91|92|93|94|95|96|97|98|99|100|101|102|103|104|105|106|107|108|109|110|111|112,0|1|1|2|2|3|3|4|4|5|5|6|6|7|7|8|8|9|9|10|10|11|11|12|12|13|14|15|16|17|18|19|20|21|22|23|24|25|26|27|28|29|30|31|32|33|34|35|36|37|38|39|40|41|42|43|44|45|46|47|48|49|50|51|52|53|54|55|56|57|58|59|60|61|62|63|64|65|66|67|68|69|70|71|72|73|74|75|76|77|78|79|80|81|82|83|84|85|86|87|88|89|90|91|92|93|94|95|96|97|98|99|100|101|102|103|104|105|106|107|108|109|110|111|112,12,1,112,50.000000,False,False
no_delay,PPG_query_ECG_key_value,13,125,-13|-12|-11|-10|-9|-8|-7|-6|-5|-4|-3|-2|-1|0|1|2|3|4|5|6|7|8|9|10|11|12|13|14|15|16|17|18|19|20|21|22|23|24|25|26|27|28|29|30|31|32|33|34|35|36|37|38|39|40|41|42|43|44|45|46|47|48|49|50|51|52|53|54|55|56|57|58|59|60|61|62|63|64|65|66|67|68|69|70|71|72|73|74|75|76|77|78|79|80|81|82|83|84|85|86|87|88|89|90|91|92|93|94|95|96|97|98|99|100|101|102|103|104|105|106|107|108|109|110|111,0|1|1|2|2|3|3|4|4|5|5|6|6|7|7|8|8|9|9|10|10|11|11|12|12|13|13|14|15|16|17|18|19|20|21|22|23|24|25|26|27|28|29|30|31|32|33|34|35|36|37|38|39|40|41|42|43|44|45|46|47|48|49|50|51|52|53|54|55|56|57|58|59|60|61|62|63|64|65|66|67|68|69|70|71|72|73|74|75|76|77|78|79|80|81|82|83|84|85|86|87|88|89|90|91|92|93|94|95|96|97|98|99|100|101|102|103|104|105|106|107|108|109|110|111,13,1,111,49.000000,False,False
no_delay,PPG_query_ECG_key_value,14,125,-14|-13|-12|-11|-10|-9|-8|-7|-6|-5|-4|-3|-2|-1|0|1|2|3|4|5|6|7|8|9|10|11|12|13|14|15|16|17|18|19|20|21|22|23|24|25|26|27|28|29|30|31|32|33|34|35|36|37|38|39|40|41|42|43|44|45|46|47|48|49|50|51|52|53|54|55|56|57|58|59|60|61|62|63|64|65|66|67|68|69|70|71|72|73|74|75|76|77|78|79|80|81|82|83|84|85|86|87|88|89|90|91|92|93|94|95|96|97|98|99|100|101|102|103|104|105|106|107|108|109|110,0|1|1|2|2|3|3|4|4|5|5|6|6|7|7|8|8|9|9|10|10|11|11|12|12|13|13|14|14|15|16|17|18|19|20|21|22|23|24|25|26|27|28|29|30|31|32|33|34|35|36|37|38|39|40|41|42|43|44|45|46|47|48|49|50|51|52|53|54|55|56|57|58|59|60|61|62|63|64|65|66|67|68|69|70|71|72|73|74|75|76|77|78|79|80|81|82|83|84|85|86|87|88|89|90|91|92|93|94|95|96|97|98|99|100|101|102|103|104|105|106|107|108|109|110,14,1,110,48.000000,False,False
no_delay,PPG_query_ECG_key_value,15,125,-15|-14|-13|-12|-11|-10|-9|-8|-7|-6|-5|-4|-3|-2|-1|0|1|2|3|4|5|6|7|8|9|10|11|12|13|14|15|16|17|18|19|20|21|22|23|24|25|26|27|28|29|30|31|32|33|34|35|36|37|38|39|40|41|42|43|44|45|46|47|48|49|50|51|52|53|54|55|56|57|58|59|60|61|62|63|64|65|66|67|68|69|70|71|72|73|74|75|76|77|78|79|80|81|82|83|84|85|86|87|88|89|90|91|92|93|94|95|96|97|98|99|100|101|102|103|104|105|106|107|108|109,0|1|1|2|2|3|3|4|4|5|5|6|6|7|7|8|8|9|9|10|10|11|11|12|12|13|13|14|14|15|15|16|17|18|19|20|21|22|23|24|25|26|27|28|29|30|31|32|33|34|35|36|37|38|39|40|41|42|43|44|45|46|47|48|49|50|51|52|53|54|55|56|57|58|59|60|61|62|63|64|65|66|67|68|69|70|71|72|73|74|75|76|77|78|79|80|81|82|83|84|85|86|87|88|89|90|91|92|93|94|95|96|97|98|99|100|101|102|103|104|105|106|107|108|109,15,1,109,47.000000,False,False
no_delay,PPG_query_ECG_key_value,16,125,-16|-15|-14|-13|-12|-11|-10|-9|-8|-7|-6|-5|-4|-3|-2|-1|0|1|2|3|4|5|6|7|8|9|10|11|12|13|14|15|16|17|18|19|20|21|22|23|24|25|26|27|28|29|30|31|32|33|34|35|36|37|38|39|40|41|42|43|44|45|46|47|48|49|50|51|52|53|54|55|56|57|58|59|60|61|62|63|64|65|66|67|68|69|70|71|72|73|74|75|76|77|78|79|80|81|82|83|84|85|86|87|88|89|90|91|92|93|94|95|96|97|98|99|100|101|102|103|104|105|106|107|108,0|1|1|2|2|3|3|4|4|5|5|6|6|7|7|8|8|9|9|10|10|11|11|12|12|13|13|14|14|15|15|16|16|17|18|19|20|21|22|23|24|25|26|27|28|29|30|31|32|33|34|35|36|37|38|39|40|41|42|43|44|45|46|47|48|49|50|51|52|53|54|55|56|57|58|59|60|61|62|63|64|65|66|67|68|69|70|71|72|73|74|75|76|77|78|79|80|81|82|83|84|85|86|87|88|89|90|91|92|93|94|95|96|97|98|99|100|101|102|103|104|105|106|107|108,16,1,108,46.000000,False,False
no_delay,PPG_query_ECG_key_value,17,125,-17|-16|-15|-14|-13|-12|-11|-10|-9|-8|-7|-6|-5|-4|-3|-2|-1|0|1|2|3|4|5|6|7|8|9|10|11|12|13|14|15|16|17|18|19|20|21|22|23|24|25|26|27|28|29|30|31|32|33|34|35|36|37|38|39|40|41|42|43|44|45|46|47|48|49|50|51|52|53|54|55|56|57|58|59|60|61|62|63|64|65|66|67|68|69|70|71|72|73|74|75|76|77|78|79|80|81|82|83|84|85|86|87|88|89|90|91|92|93|94|95|96|97|98|99|100|101|102|103|104|105|106|107,0|1|1|2|2|3|3|4|4|5|5|6|6|7|7|8|8|9|9|10|10|11|11|12|12|13|13|14|14|15|15|16|16|17|17|18|19|20|21|22|23|24|25|26|27|28|29|30|31|32|33|34|35|36|37|38|39|40|41|42|43|44|45|46|47|48|49|50|51|52|53|54|55|56|57|58|59|60|61|62|63|64|65|66|67|68|69|70|71|72|73|74|75|76|77|78|79|80|81|82|83|84|85|86|87|88|89|90|91|92|93|94|95|96|97|98|99|100|101|102|103|104|105|106|107,17,1,107,45.000000,False,False
no_delay,PPG_query_ECG_key_value,18,125,-18|-17|-16|-15|-14|-13|-12|-11|-10|-9|-8|-7|-6|-5|-4|-3|-2|-1|0|1|2|3|4|5|6|7|8|9|10|11|12|13|14|15|16|17|18|19|20|21|22|23|24|25|26|27|28|29|30|31|32|33|34|35|36|37|38|39|40|41|42|43|44|45|46|47|48|49|50|51|52|53|54|55|56|57|58|59|60|61|62|63|64|65|66|67|68|69|70|71|72|73|74|75|76|77|78|79|80|81|82|83|84|85|86|87|88|89|90|91|92|93|94|95|96|97|98|99|100|101|102|103|104|105|106,0|1|1|2|2|3|3|4|4|5|5|6|6|7|7|8|8|9|9|10|10|11|11|12|12|13|13|14|14|15|15|16|16|17|17|18|18|19|20|21|22|23|24|25|26|27|28|29|30|31|32|33|34|35|36|37|38|39|40|41|42|43|44|45|46|47|48|49|50|51|52|53|54|55|56|57|58|59|60|61|62|63|64|65|66|67|68|69|70|71|72|73|74|75|76|77|78|79|80|81|82|83|84|85|86|87|88|89|90|91|92|93|94|95|96|97|98|99|100|101|102|103|104|105|106,18,1,106,44.000000,False,False
no_delay,PPG_query_ECG_key_value,19,125,-19|-18|-17|-16|-15|-14|-13|-12|-11|-10|-9|-8|-7|-6|-5|-4|-3|-2|-1|0|1|2|3|4|5|6|7|8|9|10|11|12|13|14|15|16|17|18|19|20|21|22|23|24|25|26|27|28|29|30|31|32|33|34|35|36|37|38|39|40|41|42|43|44|45|46|47|48|49|50|51|52|53|54|55|56|57|58|59|60|61|62|63|64|65|66|67|68|69|70|71|72|73|74|75|76|77|78|79|80|81|82|83|84|85|86|87|88|89|90|91|92|93|94|95|96|97|98|99|100|101|102|103|104|105,0|1|1|2|2|3|3|4|4|5|5|6|6|7|7|8|8|9|9|10|10|11|11|12|12|13|13|14|14|15|15|16|16|17|17|18|18|19|19|20|21|22|23|24|25|26|27|28|29|30|31|32|33|34|35|36|37|38|39|40|41|42|43|44|45|46|47|48|49|50|51|52|53|54|55|56|57|58|59|60|61|62|63|64|65|66|67|68|69|70|71|72|73|74|75|76|77|78|79|80|81|82|83|84|85|86|87|88|89|90|91|92|93|94|95|96|97|98|99|100|101|102|103|104|105,19,1,105,43.000000,False,False
no_delay,PPG_query_ECG_key_value,20,125,-20|-19|-18|-17|-16|-15|-14|-13|-12|-11|-10|-9|-8|-7|-6|-5|-4|-3|-2|-1|0|1|2|3|4|5|6|7|8|9|10|11|12|13|14|15|16|17|18|19|20|21|22|23|24|25|26|27|28|29|30|31|32|33|34|35|36|37|38|39|40|41|42|43|44|45|46|47|48|49|50|51|52|53|54|55|56|57|58|59|60|61|62|63|64|65|66|67|68|69|70|71|72|73|74|75|76|77|78|79|80|81|82|83|84|85|86|87|88|89|90|91|92|93|94|95|96|97|98|99|100|101|102|103|104,0|1|1|2|2|3|3|4|4|5|5|6|6|7|7|8|8|9|9|10|10|11|11|12|12|13|13|14|14|15|15|16|16|17|17|18|18|19|19|20|20|21|22|23|24|25|26|27|28|29|30|31|32|33|34|35|36|37|38|39|40|41|42|43|44|45|46|47|48|49|50|51|52|53|54|55|56|57|58|59|60|61|62|63|64|65|66|67|68|69|70|71|72|73|74|75|76|77|78|79|80|81|82|83|84|85|86|87|88|89|90|91|92|93|94|95|96|97|98|99|100|101|102|103|104,20,1,104,42.000000,False,False
no_delay,PPG_query_ECG_key_value,21,125,-21|-20|-19|-18|-17|-16|-15|-14|-13|-12|-11|-10|-9|-8|-7|-6|-5|-4|-3|-2|-1|0|1|2|3|4|5|6|7|8|9|10|11|12|13|14|15|16|17|18|19|20|21|22|23|24|25|26|27|28|29|30|31|32|33|34|35|36|37|38|39|40|41|42|43|44|45|46|47|48|49|50|51|52|53|54|55|56|57|58|59|60|61|62|63|64|65|66|67|68|69|70|71|72|73|74|75|76|77|78|79|80|81|82|83|84|85|86|87|88|89|90|91|92|93|94|95|96|97|98|99|100|101|102|103,0|1|1|2|2|3|3|4|4|5|5|6|6|7|7|8|8|9|9|10|10|11|11|12|12|13|13|14|14|15|15|16|16|17|17|18|18|19|19|20|20|21|21|22|23|24|25|26|27|28|29|30|31|32|33|34|35|36|37|38|39|40|41|42|43|44|45|46|47|48|49|50|51|52|53|54|55|56|57|58|59|60|61|62|63|64|65|66|67|68|69|70|71|72|73|74|75|76|77|78|79|80|81|82|83|84|85|86|87|88|89|90|91|92|93|94|95|96|97|98|99|100|101|102|103,21,1,103,41.000000,False,False
no_delay,PPG_query_ECG_key_value,22,125,-22|-21|-20|-19|-18|-17|-16|-15|-14|-13|-12|-11|-10|-9|-8|-7|-6|-5|-4|-3|-2|-1|0|1|2|3|4|5|6|7|8|9|10|11|12|13|14|15|16|17|18|19|20|21|22|23|24|25|26|27|28|29|30|31|32|33|34|35|36|37|38|39|40|41|42|43|44|45|46|47|48|49|50|51|52|53|54|55|56|57|58|59|60|61|62|63|64|65|66|67|68|69|70|71|72|73|74|75|76|77|78|79|80|81|82|83|84|85|86|87|88|89|90|91|92|93|94|95|96|97|98|99|100|101|102,0|1|1|2|2|3|3|4|4|5|5|6|6|7|7|8|8|9|9|10|10|11|11|12|12|13|13|14|14|15|15|16|16|17|17|18|18|19|19|20|20|21|21|22|22|23|24|25|26|27|28|29|30|31|32|33|34|35|36|37|38|39|40|41|42|43|44|45|46|47|48|49|50|51|52|53|54|55|56|57|58|59|60|61|62|63|64|65|66|67|68|69|70|71|72|73|74|75|76|77|78|79|80|81|82|83|84|85|86|87|88|89|90|91|92|93|94|95|96|97|98|99|100|101|102,22,1,102,40.000000,False,False
no_delay,PPG_query_ECG_key_value,23,125,-23|-22|-21|-20|-19|-18|-17|-16|-15|-14|-13|-12|-11|-10|-9|-8|-7|-6|-5|-4|-3|-2|-1|0|1|2|3|4|5|6|7|8|9|10|11|12|13|14|15|16|17|18|19|20|21|22|23|24|25|26|27|28|29|30|31|32|33|34|35|36|37|38|39|40|41|42|43|44|45|46|47|48|49|50|51|52|53|54|55|56|57|58|59|60|61|62|63|64|65|66|67|68|69|70|71|72|73|74|75|76|77|78|79|80|81|82|83|84|85|86|87|88|89|90|91|92|93|94|95|96|97|98|99|100|101,0|1|1|2|2|3|3|4|4|5|5|6|6|7|7|8|8|9|9|10|10|11|11|12|12|13|13|14|14|15|15|16|16|17|17|18|18|19|19|20|20|21|21|22|22|23|23|24|25|26|27|28|29|30|31|32|33|34|35|36|37|38|39|40|41|42|43|44|45|46|47|48|49|50|51|52|53|54|55|56|57|58|59|60|61|62|63|64|65|66|67|68|69|70|71|72|73|74|75|76|77|78|79|80|81|82|83|84|85|86|87|88|89|90|91|92|93|94|95|96|97|98|99|100|101,23,1,101,39.000000,False,False
no_delay,PPG_query_ECG_key_value,24,125,-24|-23|-22|-21|-20|-19|-18|-17|-16|-15|-14|-13|-12|-11|-10|-9|-8|-7|-6|-5|-4|-3|-2|-1|0|1|2|3|4|5|6|7|8|9|10|11|12|13|14|15|16|17|18|19|20|21|22|23|24|25|26|27|28|29|30|31|32|33|34|35|36|37|38|39|40|41|42|43|44|45|46|47|48|49|50|51|52|53|54|55|56|57|58|59|60|61|62|63|64|65|66|67|68|69|70|71|72|73|74|75|76|77|78|79|80|81|82|83|84|85|86|87|88|89|90|91|92|93|94|95|96|97|98|99|100,0|1|1|2|2|3|3|4|4|5|5|6|6|7|7|8|8|9|9|10|10|11|11|12|12|13|13|14|14|15|15|16|16|17|17|18|18|19|19|20|20|21|21|22|22|23|23|24|24|25|26|27|28|29|30|31|32|33|34|35|36|37|38|39|40|41|42|43|44|45|46|47|48|49|50|51|52|53|54|55|56|57|58|59|60|61|62|63|64|65|66|67|68|69|70|71|72|73|74|75|76|77|78|79|80|81|82|83|84|85|86|87|88|89|90|91|92|93|94|95|96|97|98|99|100,24,1,100,38.000000,False,False
no_delay,PPG_query_ECG_key_value,25,125,-25|-24|-23|-22|-21|-20|-19|-18|-17|-16|-15|-14|-13|-12|-11|-10|-9|-8|-7|-6|-5|-4|-3|-2|-1|0|1|2|3|4|5|6|7|8|9|10|11|12|13|14|15|16|17|18|19|20|21|22|23|24|25|26|27|28|29|30|31|32|33|34|35|36|37|38|39|40|41|42|43|44|45|46|47|48|49|50|51|52|53|54|55|56|57|58|59|60|61|62|63|64|65|66|67|68|69|70|71|72|73|74|75|76|77|78|79|80|81|82|83|84|85|86|87|88|89|90|91|92|93|94|95|96|97|98|99,0|1|1|2|2|3|3|4|4|5|5|6|6|7|7|8|8|9|9|10|10|11|11|12|12|13|13|14|14|15|15|16|16|17|17|18|18|19|19|20|20|21|21|22|22|23|23|24|24|25|25|26|27|28|29|30|31|32|33|34|35|36|37|38|39|40|41|42|43|44|45|46|47|48|49|50|51|52|53|54|55|56|57|58|59|60|61|62|63|64|65|66|67|68|69|70|71|72|73|74|75|76|77|78|79|80|81|82|83|84|85|86|87|88|89|90|91|92|93|94|95|96|97|98|99,25,1,99,37.000000,False,False
no_delay,PPG_query_ECG_key_value,26,125,-26|-25|-24|-23|-22|-21|-20|-19|-18|-17|-16|-15|-14|-13|-12|-11|-10|-9|-8|-7|-6|-5|-4|-3|-2|-1|0|1|2|3|4|5|6|7|8|9|10|11|12|13|14|15|16|17|18|19|20|21|22|23|24|25|26|27|28|29|30|31|32|33|34|35|36|37|38|39|40|41|42|43|44|45|46|47|48|49|50|51|52|53|54|55|56|57|58|59|60|61|62|63|64|65|66|67|68|69|70|71|72|73|74|75|76|77|78|79|80|81|82|83|84|85|86|87|88|89|90|91|92|93|94|95|96|97|98,0|1|1|2|2|3|3|4|4|5|5|6|6|7|7|8|8|9|9|10|10|11|11|12|12|13|13|14|14|15|15|16|16|17|17|18|18|19|19|20|20|21|21|22|22|23|23|24|24|25|25|26|26|27|28|29|30|31|32|33|34|35|36|37|38|39|40|41|42|43|44|45|46|47|48|49|50|51|52|53|54|55|56|57|58|59|60|61|62|63|64|65|66|67|68|69|70|71|72|73|74|75|76|77|78|79|80|81|82|83|84|85|86|87|88|89|90|91|92|93|94|95|96|97|98,26,1,98,36.000000,False,False
no_delay,PPG_query_ECG_key_value,27,125,-27|-26|-25|-24|-23|-22|-21|-20|-19|-18|-17|-16|-15|-14|-13|-12|-11|-10|-9|-8|-7|-6|-5|-4|-3|-2|-1|0|1|2|3|4|5|6|7|8|9|10|11|12|13|14|15|16|17|18|19|20|21|22|23|24|25|26|27|28|29|30|31|32|33|34|35|36|37|38|39|40|41|42|43|44|45|46|47|48|49|50|51|52|53|54|55|56|57|58|59|60|61|62|63|64|65|66|67|68|69|70|71|72|73|74|75|76|77|78|79|80|81|82|83|84|85|86|87|88|89|90|91|92|93|94|95|96|97,0|1|1|2|2|3|3|4|4|5|5|6|6|7|7|8|8|9|9|10|10|11|11|12|12|13|13|14|14|15|15|16|16|17|17|18|18|19|19|20|20|21|21|22|22|23|23|24|24|25|25|26|26|27|27|28|29|30|31|32|33|34|35|36|37|38|39|40|41|42|43|44|45|46|47|48|49|50|51|52|53|54|55|56|57|58|59|60|61|62|63|64|65|66|67|68|69|70|71|72|73|74|75|76|77|78|79|80|81|82|83|84|85|86|87|88|89|90|91|92|93|94|95|96|97,27,1,97,35.000000,False,False
no_delay,PPG_query_ECG_key_value,28,125,-28|-27|-26|-25|-24|-23|-22|-21|-20|-19|-18|-17|-16|-15|-14|-13|-12|-11|-10|-9|-8|-7|-6|-5|-4|-3|-2|-1|0|1|2|3|4|5|6|7|8|9|10|11|12|13|14|15|16|17|18|19|20|21|22|23|24|25|26|27|28|29|30|31|32|33|34|35|36|37|38|39|40|41|42|43|44|45|46|47|48|49|50|51|52|53|54|55|56|57|58|59|60|61|62|63|64|65|66|67|68|69|70|71|72|73|74|75|76|77|78|79|80|81|82|83|84|85|86|87|88|89|90|91|92|93|94|95|96,0|1|1|2|2|3|3|4|4|5|5|6|6|7|7|8|8|9|9|10|10|11|11|12|12|13|13|14|14|15|15|16|16|17|17|18|18|19|19|20|20|21|21|22|22|23|23|24|24|25|25|26|26|27|27|28|28|29|30|31|32|33|34|35|36|37|38|39|40|41|42|43|44|45|46|47|48|49|50|51|52|53|54|55|56|57|58|59|60|61|62|63|64|65|66|67|68|69|70|71|72|73|74|75|76|77|78|79|80|81|82|83|84|85|86|87|88|89|90|91|92|93|94|95|96,28,1,96,34.000000,False,False
no_delay,PPG_query_ECG_key_value,29,125,-29|-28|-27|-26|-25|-24|-23|-22|-21|-20|-19|-18|-17|-16|-15|-14|-13|-12|-11|-10|-9|-8|-7|-6|-5|-4|-3|-2|-1|0|1|2|3|4|5|6|7|8|9|10|11|12|13|14|15|16|17|18|19|20|21|22|23|24|25|26|27|28|29|30|31|32|33|34|35|36|37|38|39|40|41|42|43|44|45|46|47|48|49|50|51|52|53|54|55|56|57|58|59|60|61|62|63|64|65|66|67|68|69|70|71|72|73|74|75|76|77|78|79|80|81|82|83|84|85|86|87|88|89|90|91|92|93|94|95,0|1|1|2|2|3|3|4|4|5|5|6|6|7|7|8|8|9|9|10|10|11|11|12|12|13|13|14|14|15|15|16|16|17|17|18|18|19|19|20|20|21|21|22|22|23|23|24|24|25|25|26|26|27|27|28|28|29|29|30|31|32|33|34|35|36|37|38|39|40|41|42|43|44|45|46|47|48|49|50|51|52|53|54|55|56|57|58|59|60|61|62|63|64|65|66|67|68|69|70|71|72|73|74|75|76|77|78|79|80|81|82|83|84|85|86|87|88|89|90|91|92|93|94|95,29,1,95,33.000000,False,False
no_delay,PPG_query_ECG_key_value,30,125,-30|-29|-28|-27|-26|-25|-24|-23|-22|-21|-20|-19|-18|-17|-16|-15|-14|-13|-12|-11|-10|-9|-8|-7|-6|-5|-4|-3|-2|-1|0|1|2|3|4|5|6|7|8|9|10|11|12|13|14|15|16|17|18|19|20|21|22|23|24|25|26|27|28|29|30|31|32|33|34|35|36|37|38|39|40|41|42|43|44|45|46|47|48|49|50|51|52|53|54|55|56|57|58|59|60|61|62|63|64|65|66|67|68|69|70|71|72|73|74|75|76|77|78|79|80|81|82|83|84|85|86|87|88|89|90|91|92|93|94,0|1|1|2|2|3|3|4|4|5|5|6|6|7|7|8|8|9|9|10|10|11|11|12|12|13|13|14|14|15|15|16|16|17|17|18|18|19|19|20|20|21|21|22|22|23|23|24|24|25|25|26|26|27|27|28|28|29|29|30|30|31|32|33|34|35|36|37|38|39|40|41|42|43|44|45|46|47|48|49|50|51|52|53|54|55|56|57|58|59|60|61|62|63|64|65|66|67|68|69|70|71|72|73|74|75|76|77|78|79|80|81|82|83|84|85|86|87|88|89|90|91|92|93|94,30,1,94,32.000000,False,False
no_delay,PPG_query_ECG_key_value,31,125,-31|-30|-29|-28|-27|-26|-25|-24|-23|-22|-21|-20|-19|-18|-17|-16|-15|-14|-13|-12|-11|-10|-9|-8|-7|-6|-5|-4|-3|-2|-1|0|1|2|3|4|5|6|7|8|9|10|11|12|13|14|15|16|17|18|19|20|21|22|23|24|25|26|27|28|29|30|31|32|33|34|35|36|37|38|39|40|41|42|43|44|45|46|47|48|49|50|51|52|53|54|55|56|57|58|59|60|61|62|63|64|65|66|67|68|69|70|71|72|73|74|75|76|77|78|79|80|81|82|83|84|85|86|87|88|89|90|91|92|93,0|1|1|2|2|3|3|4|4|5|5|6|6|7|7|8|8|9|9|10|10|11|11|12|12|13|13|14|14|15|15|16|16|17|17|18|18|19|19|20|20|21|21|22|22|23|23|24|24|25|25|26|26|27|27|28|28|29|29|30|30|31|31|32|33|34|35|36|37|38|39|40|41|42|43|44|45|46|47|48|49|50|51|52|53|54|55|56|57|58|59|60|61|62|63|64|65|66|67|68|69|70|71|72|73|74|75|76|77|78|79|80|81|82|83|84|85|86|87|88|89|90|91|92|93,31,1,93,31.000000,False,False
no_delay,PPG_query_ECG_key_value,32,125,-32|-31|-30|-29|-28|-27|-26|-25|-24|-23|-22|-21|-20|-19|-18|-17|-16|-15|-14|-13|-12|-11|-10|-9|-8|-7|-6|-5|-4|-3|-2|-1|0|1|2|3|4|5|6|7|8|9|10|11|12|13|14|15|16|17|18|19|20|21|22|23|24|25|26|27|28|29|30|31|32|33|34|35|36|37|38|39|40|41|42|43|44|45|46|47|48|49|50|51|52|53|54|55|56|57|58|59|60|61|62|63|64|65|66|67|68|69|70|71|72|73|74|75|76|77|78|79|80|81|82|83|84|85|86|87|88|89|90|91|92,0|1|1|2|2|3|3|4|4|5|5|6|6|7|7|8|8|9|9|10|10|11|11|12|12|13|13|14|14|15|15|16|16|17|17|18|18|19|19|20|20|21|21|22|22|23|23|24|24|25|25|26|26|27|27|28|28|29|29|30|30|31|31|32|32|33|34|35|36|37|38|39|40|41|42|43|44|45|46|47|48|49|50|51|52|53|54|55|56|57|58|59|60|61|62|63|64|65|66|67|68|69|70|71|72|73|74|75|76|77|78|79|80|81|82|83|84|85|86|87|88|89|90|91|92,32,1,92,30.000000,False,False
no_delay,PPG_query_ECG_key_value,33,125,-33|-32|-31|-30|-29|-28|-27|-26|-25|-24|-23|-22|-21|-20|-19|-18|-17|-16|-15|-14|-13|-12|-11|-10|-9|-8|-7|-6|-5|-4|-3|-2|-1|0|1|2|3|4|5|6|7|8|9|10|11|12|13|14|15|16|17|18|19|20|21|22|23|24|25|26|27|28|29|30|31|32|33|34|35|36|37|38|39|40|41|42|43|44|45|46|47|48|49|50|51|52|53|54|55|56|57|58|59|60|61|62|63|64|65|66|67|68|69|70|71|72|73|74|75|76|77|78|79|80|81|82|83|84|85|86|87|88|89|90|91,0|1|1|2|2|3|3|4|4|5|5|6|6|7|7|8|8|9|9|10|10|11|11|12|12|13|13|14|14|15|15|16|16|17|17|18|18|19|19|20|20|21|21|22|22|23|23|24|24|25|25|26|26|27|27|28|28|29|29|30|30|31|31|32|32|33|33|34|35|36|37|38|39|40|41|42|43|44|45|46|47|48|49|50|51|52|53|54|55|56|57|58|59|60|61|62|63|64|65|66|67|68|69|70|71|72|73|74|75|76|77|78|79|80|81|82|83|84|85|86|87|88|89|90|91,33,1,91,29.000000,False,False
no_delay,PPG_query_ECG_key_value,34,125,-34|-33|-32|-31|-30|-29|-28|-27|-26|-25|-24|-23|-22|-21|-20|-19|-18|-17|-16|-15|-14|-13|-12|-11|-10|-9|-8|-7|-6|-5|-4|-3|-2|-1|0|1|2|3|4|5|6|7|8|9|10|11|12|13|14|15|16|17|18|19|20|21|22|23|24|25|26|27|28|29|30|31|32|33|34|35|36|37|38|39|40|41|42|43|44|45|46|47|48|49|50|51|52|53|54|55|56|57|58|59|60|61|62|63|64|65|66|67|68|69|70|71|72|73|74|75|76|77|78|79|80|81|82|83|84|85|86|87|88|89|90,0|1|1|2|2|3|3|4|4|5|5|6|6|7|7|8|8|9|9|10|10|11|11|12|12|13|13|14|14|15|15|16|16|17|17|18|18|19|19|20|20|21|21|22|22|23|23|24|24|25|25|26|26|27|27|28|28|29|29|30|30|31|31|32|32|33|33|34|34|35|36|37|38|39|40|41|42|43|44|45|46|47|48|49|50|51|52|53|54|55|56|57|58|59|60|61|62|63|64|65|66|67|68|69|70|71|72|73|74|75|76|77|78|79|80|81|82|83|84|85|86|87|88|89|90,34,1,90,28.000000,False,False
no_delay,PPG_query_ECG_key_value,35,125,-35|-34|-33|-32|-31|-30|-29|-28|-27|-26|-25|-24|-23|-22|-21|-20|-19|-18|-17|-16|-15|-14|-13|-12|-11|-10|-9|-8|-7|-6|-5|-4|-3|-2|-1|0|1|2|3|4|5|6|7|8|9|10|11|12|13|14|15|16|17|18|19|20|21|22|23|24|25|26|27|28|29|30|31|32|33|34|35|36|37|38|39|40|41|42|43|44|45|46|47|48|49|50|51|52|53|54|55|56|57|58|59|60|61|62|63|64|65|66|67|68|69|70|71|72|73|74|75|76|77|78|79|80|81|82|83|84|85|86|87|88|89,0|1|1|2|2|3|3|4|4|5|5|6|6|7|7|8|8|9|9|10|10|11|11|12|12|13|13|14|14|15|15|16|16|17|17|18|18|19|19|20|20|21|21|22|22|23|23|24|24|25|25|26|26|27|27|28|28|29|29|30|30|31|31|32|32|33|33|34|34|35|35|36|37|38|39|40|41|42|43|44|45|46|47|48|49|50|51|52|53|54|55|56|57|58|59|60|61|62|63|64|65|66|67|68|69|70|71|72|73|74|75|76|77|78|79|80|81|82|83|84|85|86|87|88|89,35,1,89,27.000000,False,False
no_delay,PPG_query_ECG_key_value,36,125,-36|-35|-34|-33|-32|-31|-30|-29|-28|-27|-26|-25|-24|-23|-22|-21|-20|-19|-18|-17|-16|-15|-14|-13|-12|-11|-10|-9|-8|-7|-6|-5|-4|-3|-2|-1|0|1|2|3|4|5|6|7|8|9|10|11|12|13|14|15|16|17|18|19|20|21|22|23|24|25|26|27|28|29|30|31|32|33|34|35|36|37|38|39|40|41|42|43|44|45|46|47|48|49|50|51|52|53|54|55|56|57|58|59|60|61|62|63|64|65|66|67|68|69|70|71|72|73|74|75|76|77|78|79|80|81|82|83|84|85|86|87|88,0|1|1|2|2|3|3|4|4|5|5|6|6|7|7|8|8|9|9|10|10|11|11|12|12|13|13|14|14|15|15|16|16|17|17|18|18|19|19|20|20|21|21|22|22|23|23|24|24|25|25|26|26|27|27|28|28|29|29|30|30|31|31|32|32|33|33|34|34|35|35|36|36|37|38|39|40|41|42|43|44|45|46|47|48|49|50|51|52|53|54|55|56|57|58|59|60|61|62|63|64|65|66|67|68|69|70|71|72|73|74|75|76|77|78|79|80|81|82|83|84|85|86|87|88,36,1,88,26.000000,False,False
no_delay,PPG_query_ECG_key_value,37,125,-37|-36|-35|-34|-33|-32|-31|-30|-29|-28|-27|-26|-25|-24|-23|-22|-21|-20|-19|-18|-17|-16|-15|-14|-13|-12|-11|-10|-9|-8|-7|-6|-5|-4|-3|-2|-1|0|1|2|3|4|5|6|7|8|9|10|11|12|13|14|15|16|17|18|19|20|21|22|23|24|25|26|27|28|29|30|31|32|33|34|35|36|37|38|39|40|41|42|43|44|45|46|47|48|49|50|51|52|53|54|55|56|57|58|59|60|61|62|63|64|65|66|67|68|69|70|71|72|73|74|75|76|77|78|79|80|81|82|83|84|85|86|87,0|1|1|2|2|3|3|4|4|5|5|6|6|7|7|8|8|9|9|10|10|11|11|12|12|13|13|14|14|15|15|16|16|17|17|18|18|19|19|20|20|21|21|22|22|23|23|24|24|25|25|26|26|27|27|28|28|29|29|30|30|31|31|32|32|33|33|34|34|35|35|36|36|37|37|38|39|40|41|42|43|44|45|46|47|48|49|50|51|52|53|54|55|56|57|58|59|60|61|62|63|64|65|66|67|68|69|70|71|72|73|74|75|76|77|78|79|80|81|82|83|84|85|86|87,37,1,87,25.000000,False,False
no_delay,PPG_query_ECG_key_value,38,125,-38|-37|-36|-35|-34|-33|-32|-31|-30|-29|-28|-27|-26|-25|-24|-23|-22|-21|-20|-19|-18|-17|-16|-15|-14|-13|-12|-11|-10|-9|-8|-7|-6|-5|-4|-3|-2|-1|0|1|2|3|4|5|6|7|8|9|10|11|12|13|14|15|16|17|18|19|20|21|22|23|24|25|26|27|28|29|30|31|32|33|34|35|36|37|38|39|40|41|42|43|44|45|46|47|48|49|50|51|52|53|54|55|56|57|58|59|60|61|62|63|64|65|66|67|68|69|70|71|72|73|74|75|76|77|78|79|80|81|82|83|84|85|86,0|1|1|2|2|3|3|4|4|5|5|6|6|7|7|8|8|9|9|10|10|11|11|12|12|13|13|14|14|15|15|16|16|17|17|18|18|19|19|20|20|21|21|22|22|23|23|24|24|25|25|26|26|27|27|28|28|29|29|30|30|31|31|32|32|33|33|34|34|35|35|36|36|37|37|38|38|39|40|41|42|43|44|45|46|47|48|49|50|51|52|53|54|55|56|57|58|59|60|61|62|63|64|65|66|67|68|69|70|71|72|73|74|75|76|77|78|79|80|81|82|83|84|85|86,38,1,86,24.000000,False,False
no_delay,PPG_query_ECG_key_value,39,125,-39|-38|-37|-36|-35|-34|-33|-32|-31|-30|-29|-28|-27|-26|-25|-24|-23|-22|-21|-20|-19|-18|-17|-16|-15|-14|-13|-12|-11|-10|-9|-8|-7|-6|-5|-4|-3|-2|-1|0|1|2|3|4|5|6|7|8|9|10|11|12|13|14|15|16|17|18|19|20|21|22|23|24|25|26|27|28|29|30|31|32|33|34|35|36|37|38|39|40|41|42|43|44|45|46|47|48|49|50|51|52|53|54|55|56|57|58|59|60|61|62|63|64|65|66|67|68|69|70|71|72|73|74|75|76|77|78|79|80|81|82|83|84|85,0|1|1|2|2|3|3|4|4|5|5|6|6|7|7|8|8|9|9|10|10|11|11|12|12|13|13|14|14|15|15|16|16|17|17|18|18|19|19|20|20|21|21|22|22|23|23|24|24|25|25|26|26|27|27|28|28|29|29|30|30|31|31|32|32|33|33|34|34|35|35|36|36|37|37|38|38|39|39|40|41|42|43|44|45|46|47|48|49|50|51|52|53|54|55|56|57|58|59|60|61|62|63|64|65|66|67|68|69|70|71|72|73|74|75|76|77|78|79|80|81|82|83|84|85,39,1,85,23.000000,False,False
no_delay,PPG_query_ECG_key_value,40,125,-40|-39|-38|-37|-36|-35|-34|-33|-32|-31|-30|-29|-28|-27|-26|-25|-24|-23|-22|-21|-20|-19|-18|-17|-16|-15|-14|-13|-12|-11|-10|-9|-8|-7|-6|-5|-4|-3|-2|-1|0|1|2|3|4|5|6|7|8|9|10|11|12|13|14|15|16|17|18|19|20|21|22|23|24|25|26|27|28|29|30|31|32|33|34|35|36|37|38|39|40|41|42|43|44|45|46|47|48|49|50|51|52|53|54|55|56|57|58|59|60|61|62|63|64|65|66|67|68|69|70|71|72|73|74|75|76|77|78|79|80|81|82|83|84,0|1|1|2|2|3|3|4|4|5|5|6|6|7|7|8|8|9|9|10|10|11|11|12|12|13|13|14|14|15|15|16|16|17|17|18|18|19|19|20|20|21|21|22|22|23|23|24|24|25|25|26|26|27|27|28|28|29|29|30|30|31|31|32|32|33|33|34|34|35|35|36|36|37|37|38|38|39|39|40|40|41|42|43|44|45|46|47|48|49|50|51|52|53|54|55|56|57|58|59|60|61|62|63|64|65|66|67|68|69|70|71|72|73|74|75|76|77|78|79|80|81|82|83|84,40,1,84,22.000000,False,False
no_delay,PPG_query_ECG_key_value,41,125,-41|-40|-39|-38|-37|-36|-35|-34|-33|-32|-31|-30|-29|-28|-27|-26|-25|-24|-23|-22|-21|-20|-19|-18|-17|-16|-15|-14|-13|-12|-11|-10|-9|-8|-7|-6|-5|-4|-3|-2|-1|0|1|2|3|4|5|6|7|8|9|10|11|12|13|14|15|16|17|18|19|20|21|22|23|24|25|26|27|28|29|30|31|32|33|34|35|36|37|38|39|40|41|42|43|44|45|46|47|48|49|50|51|52|53|54|55|56|57|58|59|60|61|62|63|64|65|66|67|68|69|70|71|72|73|74|75|76|77|78|79|80|81|82|83,0|1|1|2|2|3|3|4|4|5|5|6|6|7|7|8|8|9|9|10|10|11|11|12|12|13|13|14|14|15|15|16|16|17|17|18|18|19|19|20|20|21|21|22|22|23|23|24|24|25|25|26|26|27|27|28|28|29|29|30|30|31|31|32|32|33|33|34|34|35|35|36|36|37|37|38|38|39|39|40|40|41|41|42|43|44|45|46|47|48|49|50|51|52|53|54|55|56|57|58|59|60|61|62|63|64|65|66|67|68|69|70|71|72|73|74|75|76|77|78|79|80|81|82|83,41,1,83,21.000000,False,False
no_delay,PPG_query_ECG_key_value,42,125,-42|-41|-40|-39|-38|-37|-36|-35|-34|-33|-32|-31|-30|-29|-28|-27|-26|-25|-24|-23|-22|-21|-20|-19|-18|-17|-16|-15|-14|-13|-12|-11|-10|-9|-8|-7|-6|-5|-4|-3|-2|-1|0|1|2|3|4|5|6|7|8|9|10|11|12|13|14|15|16|17|18|19|20|21|22|23|24|25|26|27|28|29|30|31|32|33|34|35|36|37|38|39|40|41|42|43|44|45|46|47|48|49|50|51|52|53|54|55|56|57|58|59|60|61|62|63|64|65|66|67|68|69|70|71|72|73|74|75|76|77|78|79|80|81|82,0|1|1|2|2|3|3|4|4|5|5|6|6|7|7|8|8|9|9|10|10|11|11|12|12|13|13|14|14|15|15|16|16|17|17|18|18|19|19|20|20|21|21|22|22|23|23|24|24|25|25|26|26|27|27|28|28|29|29|30|30|31|31|32|32|33|33|34|34|35|35|36|36|37|37|38|38|39|39|40|40|41|41|42|42|43|44|45|46|47|48|49|50|51|52|53|54|55|56|57|58|59|60|61|62|63|64|65|66|67|68|69|70|71|72|73|74|75|76|77|78|79|80|81|82,42,1,82,20.000000,False,False
no_delay,PPG_query_ECG_key_value,43,125,-43|-42|-41|-40|-39|-38|-37|-36|-35|-34|-33|-32|-31|-30|-29|-28|-27|-26|-25|-24|-23|-22|-21|-20|-19|-18|-17|-16|-15|-14|-13|-12|-11|-10|-9|-8|-7|-6|-5|-4|-3|-2|-1|0|1|2|3|4|5|6|7|8|9|10|11|12|13|14|15|16|17|18|19|20|21|22|23|24|25|26|27|28|29|30|31|32|33|34|35|36|37|38|39|40|41|42|43|44|45|46|47|48|49|50|51|52|53|54|55|56|57|58|59|60|61|62|63|64|65|66|67|68|69|70|71|72|73|74|75|76|77|78|79|80|81,0|1|1|2|2|3|3|4|4|5|5|6|6|7|7|8|8|9|9|10|10|11|11|12|12|13|13|14|14|15|15|16|16|17|17|18|18|19|19|20|20|21|21|22|22|23|23|24|24|25|25|26|26|27|27|28|28|29|29|30|30|31|31|32|32|33|33|34|34|35|35|36|36|37|37|38|38|39|39|40|40|41|41|42|42|43|43|44|45|46|47|48|49|50|51|52|53|54|55|56|57|58|59|60|61|62|63|64|65|66|67|68|69|70|71|72|73|74|75|76|77|78|79|80|81,43,1,81,19.000000,False,False
no_delay,PPG_query_ECG_key_value,44,125,-44|-43|-42|-41|-40|-39|-38|-37|-36|-35|-34|-33|-32|-31|-30|-29|-28|-27|-26|-25|-24|-23|-22|-21|-20|-19|-18|-17|-16|-15|-14|-13|-12|-11|-10|-9|-8|-7|-6|-5|-4|-3|-2|-1|0|1|2|3|4|5|6|7|8|9|10|11|12|13|14|15|16|17|18|19|20|21|22|23|24|25|26|27|28|29|30|31|32|33|34|35|36|37|38|39|40|41|42|43|44|45|46|47|48|49|50|51|52|53|54|55|56|57|58|59|60|61|62|63|64|65|66|67|68|69|70|71|72|73|74|75|76|77|78|79|80,0|1|1|2|2|3|3|4|4|5|5|6|6|7|7|8|8|9|9|10|10|11|11|12|12|13|13|14|14|15|15|16|16|17|17|18|18|19|19|20|20|21|21|22|22|23|23|24|24|25|25|26|26|27|27|28|28|29|29|30|30|31|31|32|32|33|33|34|34|35|35|36|36|37|37|38|38|39|39|40|40|41|41|42|42|43|43|44|44|45|46|47|48|49|50|51|52|53|54|55|56|57|58|59|60|61|62|63|64|65|66|67|68|69|70|71|72|73|74|75|76|77|78|79|80,44,1,80,18.000000,False,False
no_delay,PPG_query_ECG_key_value,45,125,-45|-44|-43|-42|-41|-40|-39|-38|-37|-36|-35|-34|-33|-32|-31|-30|-29|-28|-27|-26|-25|-24|-23|-22|-21|-20|-19|-18|-17|-16|-15|-14|-13|-12|-11|-10|-9|-8|-7|-6|-5|-4|-3|-2|-1|0|1|2|3|4|5|6|7|8|9|10|11|12|13|14|15|16|17|18|19|20|21|22|23|24|25|26|27|28|29|30|31|32|33|34|35|36|37|38|39|40|41|42|43|44|45|46|47|48|49|50|51|52|53|54|55|56|57|58|59|60|61|62|63|64|65|66|67|68|69|70|71|72|73|74|75|76|77|78|79,0|1|1|2|2|3|3|4|4|5|5|6|6|7|7|8|8|9|9|10|10|11|11|12|12|13|13|14|14|15|15|16|16|17|17|18|18|19|19|20|20|21|21|22|22|23|23|24|24|25|25|26|26|27|27|28|28|29|29|30|30|31|31|32|32|33|33|34|34|35|35|36|36|37|37|38|38|39|39|40|40|41|41|42|42|43|43|44|44|45|45|46|47|48|49|50|51|52|53|54|55|56|57|58|59|60|61|62|63|64|65|66|67|68|69|70|71|72|73|74|75|76|77|78|79,45,1,79,17.000000,False,False
no_delay,PPG_query_ECG_key_value,46,125,-46|-45|-44|-43|-42|-41|-40|-39|-38|-37|-36|-35|-34|-33|-32|-31|-30|-29|-28|-27|-26|-25|-24|-23|-22|-21|-20|-19|-18|-17|-16|-15|-14|-13|-12|-11|-10|-9|-8|-7|-6|-5|-4|-3|-2|-1|0|1|2|3|4|5|6|7|8|9|10|11|12|13|14|15|16|17|18|19|20|21|22|23|24|25|26|27|28|29|30|31|32|33|34|35|36|37|38|39|40|41|42|43|44|45|46|47|48|49|50|51|52|53|54|55|56|57|58|59|60|61|62|63|64|65|66|67|68|69|70|71|72|73|74|75|76|77|78,0|1|1|2|2|3|3|4|4|5|5|6|6|7|7|8|8|9|9|10|10|11|11|12|12|13|13|14|14|15|15|16|16|17|17|18|18|19|19|20|20|21|21|22|22|23|23|24|24|25|25|26|26|27|27|28|28|29|29|30|30|31|31|32|32|33|33|34|34|35|35|36|36|37|37|38|38|39|39|40|40|41|41|42|42|43|43|44|44|45|45|46|46|47|48|49|50|51|52|53|54|55|56|57|58|59|60|61|62|63|64|65|66|67|68|69|70|71|72|73|74|75|76|77|78,46,1,78,16.000000,False,False
no_delay,PPG_query_ECG_key_value,47,125,-47|-46|-45|-44|-43|-42|-41|-40|-39|-38|-37|-36|-35|-34|-33|-32|-31|-30|-29|-28|-27|-26|-25|-24|-23|-22|-21|-20|-19|-18|-17|-16|-15|-14|-13|-12|-11|-10|-9|-8|-7|-6|-5|-4|-3|-2|-1|0|1|2|3|4|5|6|7|8|9|10|11|12|13|14|15|16|17|18|19|20|21|22|23|24|25|26|27|28|29|30|31|32|33|34|35|36|37|38|39|40|41|42|43|44|45|46|47|48|49|50|51|52|53|54|55|56|57|58|59|60|61|62|63|64|65|66|67|68|69|70|71|72|73|74|75|76|77,0|1|1|2|2|3|3|4|4|5|5|6|6|7|7|8|8|9|9|10|10|11|11|12|12|13|13|14|14|15|15|16|16|17|17|18|18|19|19|20|20|21|21|22|22|23|23|24|24|25|25|26|26|27|27|28|28|29|29|30|30|31|31|32|32|33|33|34|34|35|35|36|36|37|37|38|38|39|39|40|40|41|41|42|42|43|43|44|44|45|45|46|46|47|47|48|49|50|51|52|53|54|55|56|57|58|59|60|61|62|63|64|65|66|67|68|69|70|71|72|73|74|75|76|77,47,1,77,15.000000,False,False
no_delay,PPG_query_ECG_key_value,48,125,-48|-47|-46|-45|-44|-43|-42|-41|-40|-39|-38|-37|-36|-35|-34|-33|-32|-31|-30|-29|-28|-27|-26|-25|-24|-23|-22|-21|-20|-19|-18|-17|-16|-15|-14|-13|-12|-11|-10|-9|-8|-7|-6|-5|-4|-3|-2|-1|0|1|2|3|4|5|6|7|8|9|10|11|12|13|14|15|16|17|18|19|20|21|22|23|24|25|26|27|28|29|30|31|32|33|34|35|36|37|38|39|40|41|42|43|44|45|46|47|48|49|50|51|52|53|54|55|56|57|58|59|60|61|62|63|64|65|66|67|68|69|70|71|72|73|74|75|76,0|1|1|2|2|3|3|4|4|5|5|6|6|7|7|8|8|9|9|10|10|11|11|12|12|13|13|14|14|15|15|16|16|17|17|18|18|19|19|20|20|21|21|22|22|23|23|24|24|25|25|26|26|27|27|28|28|29|29|30|30|31|31|32|32|33|33|34|34|35|35|36|36|37|37|38|38|39|39|40|40|41|41|42|42|43|43|44|44|45|45|46|46|47|47|48|48|49|50|51|52|53|54|55|56|57|58|59|60|61|62|63|64|65|66|67|68|69|70|71|72|73|74|75|76,48,1,76,14.000000,False,False
no_delay,PPG_query_ECG_key_value,49,125,-49|-48|-47|-46|-45|-44|-43|-42|-41|-40|-39|-38|-37|-36|-35|-34|-33|-32|-31|-30|-29|-28|-27|-26|-25|-24|-23|-22|-21|-20|-19|-18|-17|-16|-15|-14|-13|-12|-11|-10|-9|-8|-7|-6|-5|-4|-3|-2|-1|0|1|2|3|4|5|6|7|8|9|10|11|12|13|14|15|16|17|18|19|20|21|22|23|24|25|26|27|28|29|30|31|32|33|34|35|36|37|38|39|40|41|42|43|44|45|46|47|48|49|50|51|52|53|54|55|56|57|58|59|60|61|62|63|64|65|66|67|68|69|70|71|72|73|74|75,0|1|1|2|2|3|3|4|4|5|5|6|6|7|7|8|8|9|9|10|10|11|11|12|12|13|13|14|14|15|15|16|16|17|17|18|18|19|19|20|20|21|21|22|22|23|23|24|24|25|25|26|26|27|27|28|28|29|29|30|30|31|31|32|32|33|33|34|34|35|35|36|36|37|37|38|38|39|39|40|40|41|41|42|42|43|43|44|44|45|45|46|46|47|47|48|48|49|49|50|51|52|53|54|55|56|57|58|59|60|61|62|63|64|65|66|67|68|69|70|71|72|73|74|75,49,1,75,13.000000,False,False
no_delay,PPG_query_ECG_key_value,50,125,-50|-49|-48|-47|-46|-45|-44|-43|-42|-41|-40|-39|-38|-37|-36|-35|-34|-33|-32|-31|-30|-29|-28|-27|-26|-25|-24|-23|-22|-21|-20|-19|-18|-17|-16|-15|-14|-13|-12|-11|-10|-9|-8|-7|-6|-5|-4|-3|-2|-1|0|1|2|3|4|5|6|7|8|9|10|11|12|13|14|15|16|17|18|19|20|21|22|23|24|25|26|27|28|29|30|31|32|33|34|35|36|37|38|39|40|41|42|43|44|45|46|47|48|49|50|51|52|53|54|55|56|57|58|59|60|61|62|63|64|65|66|67|68|69|70|71|72|73|74,0|1|1|2|2|3|3|4|4|5|5|6|6|7|7|8|8|9|9|10|10|11|11|12|12|13|13|14|14|15|15|16|16|17|17|18|18|19|19|20|20|21|21|22|22|23|23|24|24|25|25|26|26|27|27|28|28|29|29|30|30|31|31|32|32|33|33|34|34|35|35|36|36|37|37|38|38|39|39|40|40|41|41|42|42|43|43|44|44|45|45|46|46|47|47|48|48|49|49|50|50|51|52|53|54|55|56|57|58|59|60|61|62|63|64|65|66|67|68|69|70|71|72|73|74,50,1,74,12.000000,False,False
no_delay,PPG_query_ECG_key_value,51,125,-51|-50|-49|-48|-47|-46|-45|-44|-43|-42|-41|-40|-39|-38|-37|-36|-35|-34|-33|-32|-31|-30|-29|-28|-27|-26|-25|-24|-23|-22|-21|-20|-19|-18|-17|-16|-15|-14|-13|-12|-11|-10|-9|-8|-7|-6|-5|-4|-3|-2|-1|0|1|2|3|4|5|6|7|8|9|10|11|12|13|14|15|16|17|18|19|20|21|22|23|24|25|26|27|28|29|30|31|32|33|34|35|36|37|38|39|40|41|42|43|44|45|46|47|48|49|50|51|52|53|54|55|56|57|58|59|60|61|62|63|64|65|66|67|68|69|70|71|72|73,0|1|1|2|2|3|3|4|4|5|5|6|6|7|7|8|8|9|9|10|10|11|11|12|12|13|13|14|14|15|15|16|16|17|17|18|18|19|19|20|20|21|21|22|22|23|23|24|24|25|25|26|26|27|27|28|28|29|29|30|30|31|31|32|32|33|33|34|34|35|35|36|36|37|37|38|38|39|39|40|40|41|41|42|42|43|43|44|44|45|45|46|46|47|47|48|48|49|49|50|50|51|51|52|53|54|55|56|57|58|59|60|61|62|63|64|65|66|67|68|69|70|71|72|73,51,1,73,11.000000,False,False
no_delay,PPG_query_ECG_key_value,52,125,-52|-51|-50|-49|-48|-47|-46|-45|-44|-43|-42|-41|-40|-39|-38|-37|-36|-35|-34|-33|-32|-31|-30|-29|-28|-27|-26|-25|-24|-23|-22|-21|-20|-19|-18|-17|-16|-15|-14|-13|-12|-11|-10|-9|-8|-7|-6|-5|-4|-3|-2|-1|0|1|2|3|4|5|6|7|8|9|10|11|12|13|14|15|16|17|18|19|20|21|22|23|24|25|26|27|28|29|30|31|32|33|34|35|36|37|38|39|40|41|42|43|44|45|46|47|48|49|50|51|52|53|54|55|56|57|58|59|60|61|62|63|64|65|66|67|68|69|70|71|72,0|1|1|2|2|3|3|4|4|5|5|6|6|7|7|8|8|9|9|10|10|11|11|12|12|13|13|14|14|15|15|16|16|17|17|18|18|19|19|20|20|21|21|22|22|23|23|24|24|25|25|26|26|27|27|28|28|29|29|30|30|31|31|32|32|33|33|34|34|35|35|36|36|37|37|38|38|39|39|40|40|41|41|42|42|43|43|44|44|45|45|46|46|47|47|48|48|49|49|50|50|51|51|52|52|53|54|55|56|57|58|59|60|61|62|63|64|65|66|67|68|69|70|71|72,52,1,72,10.000000,False,False
no_delay,PPG_query_ECG_key_value,53,125,-53|-52|-51|-50|-49|-48|-47|-46|-45|-44|-43|-42|-41|-40|-39|-38|-37|-36|-35|-34|-33|-32|-31|-30|-29|-28|-27|-26|-25|-24|-23|-22|-21|-20|-19|-18|-17|-16|-15|-14|-13|-12|-11|-10|-9|-8|-7|-6|-5|-4|-3|-2|-1|0|1|2|3|4|5|6|7|8|9|10|11|12|13|14|15|16|17|18|19|20|21|22|23|24|25|26|27|28|29|30|31|32|33|34|35|36|37|38|39|40|41|42|43|44|45|46|47|48|49|50|51|52|53|54|55|56|57|58|59|60|61|62|63|64|65|66|67|68|69|70|71,0|1|1|2|2|3|3|4|4|5|5|6|6|7|7|8|8|9|9|10|10|11|11|12|12|13|13|14|14|15|15|16|16|17|17|18|18|19|19|20|20|21|21|22|22|23|23|24|24|25|25|26|26|27|27|28|28|29|29|30|30|31|31|32|32|33|33|34|34|35|35|36|36|37|37|38|38|39|39|40|40|41|41|42|42|43|43|44|44|45|45|46|46|47|47|48|48|49|49|50|50|51|51|52|52|53|53|54|55|56|57|58|59|60|61|62|63|64|65|66|67|68|69|70|71,53,1,71,9.000000,False,False
no_delay,PPG_query_ECG_key_value,54,125,-54|-53|-52|-51|-50|-49|-48|-47|-46|-45|-44|-43|-42|-41|-40|-39|-38|-37|-36|-35|-34|-33|-32|-31|-30|-29|-28|-27|-26|-25|-24|-23|-22|-21|-20|-19|-18|-17|-16|-15|-14|-13|-12|-11|-10|-9|-8|-7|-6|-5|-4|-3|-2|-1|0|1|2|3|4|5|6|7|8|9|10|11|12|13|14|15|16|17|18|19|20|21|22|23|24|25|26|27|28|29|30|31|32|33|34|35|36|37|38|39|40|41|42|43|44|45|46|47|48|49|50|51|52|53|54|55|56|57|58|59|60|61|62|63|64|65|66|67|68|69|70,0|1|1|2|2|3|3|4|4|5|5|6|6|7|7|8|8|9|9|10|10|11|11|12|12|13|13|14|14|15|15|16|16|17|17|18|18|19|19|20|20|21|21|22|22|23|23|24|24|25|25|26|26|27|27|28|28|29|29|30|30|31|31|32|32|33|33|34|34|35|35|36|36|37|37|38|38|39|39|40|40|41|41|42|42|43|43|44|44|45|45|46|46|47|47|48|48|49|49|50|50|51|51|52|52|53|53|54|54|55|56|57|58|59|60|61|62|63|64|65|66|67|68|69|70,54,1,70,8.000000,False,False
no_delay,PPG_query_ECG_key_value,55,125,-55|-54|-53|-52|-51|-50|-49|-48|-47|-46|-45|-44|-43|-42|-41|-40|-39|-38|-37|-36|-35|-34|-33|-32|-31|-30|-29|-28|-27|-26|-25|-24|-23|-22|-21|-20|-19|-18|-17|-16|-15|-14|-13|-12|-11|-10|-9|-8|-7|-6|-5|-4|-3|-2|-1|0|1|2|3|4|5|6|7|8|9|10|11|12|13|14|15|16|17|18|19|20|21|22|23|24|25|26|27|28|29|30|31|32|33|34|35|36|37|38|39|40|41|42|43|44|45|46|47|48|49|50|51|52|53|54|55|56|57|58|59|60|61|62|63|64|65|66|67|68|69,0|1|1|2|2|3|3|4|4|5|5|6|6|7|7|8|8|9|9|10|10|11|11|12|12|13|13|14|14|15|15|16|16|17|17|18|18|19|19|20|20|21|21|22|22|23|23|24|24|25|25|26|26|27|27|28|28|29|29|30|30|31|31|32|32|33|33|34|34|35|35|36|36|37|37|38|38|39|39|40|40|41|41|42|42|43|43|44|44|45|45|46|46|47|47|48|48|49|49|50|50|51|51|52|52|53|53|54|54|55|55|56|57|58|59|60|61|62|63|64|65|66|67|68|69,55,1,69,7.000000,False,False
no_delay,PPG_query_ECG_key_value,56,125,-56|-55|-54|-53|-52|-51|-50|-49|-48|-47|-46|-45|-44|-43|-42|-41|-40|-39|-38|-37|-36|-35|-34|-33|-32|-31|-30|-29|-28|-27|-26|-25|-24|-23|-22|-21|-20|-19|-18|-17|-16|-15|-14|-13|-12|-11|-10|-9|-8|-7|-6|-5|-4|-3|-2|-1|0|1|2|3|4|5|6|7|8|9|10|11|12|13|14|15|16|17|18|19|20|21|22|23|24|25|26|27|28|29|30|31|32|33|34|35|36|37|38|39|40|41|42|43|44|45|46|47|48|49|50|51|52|53|54|55|56|57|58|59|60|61|62|63|64|65|66|67|68,0|1|1|2|2|3|3|4|4|5|5|6|6|7|7|8|8|9|9|10|10|11|11|12|12|13|13|14|14|15|15|16|16|17|17|18|18|19|19|20|20|21|21|22|22|23|23|24|24|25|25|26|26|27|27|28|28|29|29|30|30|31|31|32|32|33|33|34|34|35|35|36|36|37|37|38|38|39|39|40|40|41|41|42|42|43|43|44|44|45|45|46|46|47|47|48|48|49|49|50|50|51|51|52|52|53|53|54|54|55|55|56|56|57|58|59|60|61|62|63|64|65|66|67|68,56,1,68,6.000000,False,False
no_delay,PPG_query_ECG_key_value,57,125,-57|-56|-55|-54|-53|-52|-51|-50|-49|-48|-47|-46|-45|-44|-43|-42|-41|-40|-39|-38|-37|-36|-35|-34|-33|-32|-31|-30|-29|-28|-27|-26|-25|-24|-23|-22|-21|-20|-19|-18|-17|-16|-15|-14|-13|-12|-11|-10|-9|-8|-7|-6|-5|-4|-3|-2|-1|0|1|2|3|4|5|6|7|8|9|10|11|12|13|14|15|16|17|18|19|20|21|22|23|24|25|26|27|28|29|30|31|32|33|34|35|36|37|38|39|40|41|42|43|44|45|46|47|48|49|50|51|52|53|54|55|56|57|58|59|60|61|62|63|64|65|66|67,0|1|1|2|2|3|3|4|4|5|5|6|6|7|7|8|8|9|9|10|10|11|11|12|12|13|13|14|14|15|15|16|16|17|17|18|18|19|19|20|20|21|21|22|22|23|23|24|24|25|25|26|26|27|27|28|28|29|29|30|30|31|31|32|32|33|33|34|34|35|35|36|36|37|37|38|38|39|39|40|40|41|41|42|42|43|43|44|44|45|45|46|46|47|47|48|48|49|49|50|50|51|51|52|52|53|53|54|54|55|55|56|56|57|57|58|59|60|61|62|63|64|65|66|67,57,1,67,5.000000,False,False
no_delay,PPG_query_ECG_key_value,58,125,-58|-57|-56|-55|-54|-53|-52|-51|-50|-49|-48|-47|-46|-45|-44|-43|-42|-41|-40|-39|-38|-37|-36|-35|-34|-33|-32|-31|-30|-29|-28|-27|-26|-25|-24|-23|-22|-21|-20|-19|-18|-17|-16|-15|-14|-13|-12|-11|-10|-9|-8|-7|-6|-5|-4|-3|-2|-1|0|1|2|3|4|5|6|7|8|9|10|11|12|13|14|15|16|17|18|19|20|21|22|23|24|25|26|27|28|29|30|31|32|33|34|35|36|37|38|39|40|41|42|43|44|45|46|47|48|49|50|51|52|53|54|55|56|57|58|59|60|61|62|63|64|65|66,0|1|1|2|2|3|3|4|4|5|5|6|6|7|7|8|8|9|9|10|10|11|11|12|12|13|13|14|14|15|15|16|16|17|17|18|18|19|19|20|20|21|21|22|22|23|23|24|24|25|25|26|26|27|27|28|28|29|29|30|30|31|31|32|32|33|33|34|34|35|35|36|36|37|37|38|38|39|39|40|40|41|41|42|42|43|43|44|44|45|45|46|46|47|47|48|48|49|49|50|50|51|51|52|52|53|53|54|54|55|55|56|56|57|57|58|58|59|60|61|62|63|64|65|66,58,1,66,4.000000,False,False
no_delay,PPG_query_ECG_key_value,59,125,-59|-58|-57|-56|-55|-54|-53|-52|-51|-50|-49|-48|-47|-46|-45|-44|-43|-42|-41|-40|-39|-38|-37|-36|-35|-34|-33|-32|-31|-30|-29|-28|-27|-26|-25|-24|-23|-22|-21|-20|-19|-18|-17|-16|-15|-14|-13|-12|-11|-10|-9|-8|-7|-6|-5|-4|-3|-2|-1|0|1|2|3|4|5|6|7|8|9|10|11|12|13|14|15|16|17|18|19|20|21|22|23|24|25|26|27|28|29|30|31|32|33|34|35|36|37|38|39|40|41|42|43|44|45|46|47|48|49|50|51|52|53|54|55|56|57|58|59|60|61|62|63|64|65,0|1|1|2|2|3|3|4|4|5|5|6|6|7|7|8|8|9|9|10|10|11|11|12|12|13|13|14|14|15|15|16|16|17|17|18|18|19|19|20|20|21|21|22|22|23|23|24|24|25|25|26|26|27|27|28|28|29|29|30|30|31|31|32|32|33|33|34|34|35|35|36|36|37|37|38|38|39|39|40|40|41|41|42|42|43|43|44|44|45|45|46|46|47|47|48|48|49|49|50|50|51|51|52|52|53|53|54|54|55|55|56|56|57|57|58|58|59|59|60|61|62|63|64|65,59,1,65,3.000000,False,False
no_delay,PPG_query_ECG_key_value,60,125,-60|-59|-58|-57|-56|-55|-54|-53|-52|-51|-50|-49|-48|-47|-46|-45|-44|-43|-42|-41|-40|-39|-38|-37|-36|-35|-34|-33|-32|-31|-30|-29|-28|-27|-26|-25|-24|-23|-22|-21|-20|-19|-18|-17|-16|-15|-14|-13|-12|-11|-10|-9|-8|-7|-6|-5|-4|-3|-2|-1|0|1|2|3|4|5|6|7|8|9|10|11|12|13|14|15|16|17|18|19|20|21|22|23|24|25|26|27|28|29|30|31|32|33|34|35|36|37|38|39|40|41|42|43|44|45|46|47|48|49|50|51|52|53|54|55|56|57|58|59|60|61|62|63|64,0|1|1|2|2|3|3|4|4|5|5|6|6|7|7|8|8|9|9|10|10|11|11|12|12|13|13|14|14|15|15|16|16|17|17|18|18|19|19|20|20|21|21|22|22|23|23|24|24|25|25|26|26|27|27|28|28|29|29|30|30|31|31|32|32|33|33|34|34|35|35|36|36|37|37|38|38|39|39|40|40|41|41|42|42|43|43|44|44|45|45|46|46|47|47|48|48|49|49|50|50|51|51|52|52|53|53|54|54|55|55|56|56|57|57|58|58|59|59|60|60|61|62|63|64,60,1,64,2.000000,False,False
no_delay,PPG_query_ECG_key_value,61,125,-61|-60|-59|-58|-57|-56|-55|-54|-53|-52|-51|-50|-49|-48|-47|-46|-45|-44|-43|-42|-41|-40|-39|-38|-37|-36|-35|-34|-33|-32|-31|-30|-29|-28|-27|-26|-25|-24|-23|-22|-21|-20|-19|-18|-17|-16|-15|-14|-13|-12|-11|-10|-9|-8|-7|-6|-5|-4|-3|-2|-1|0|1|2|3|4|5|6|7|8|9|10|11|12|13|14|15|16|17|18|19|20|21|22|23|24|25|26|27|28|29|30|31|32|33|34|35|36|37|38|39|40|41|42|43|44|45|46|47|48|49|50|51|52|53|54|55|56|57|58|59|60|61|62|63,0|1|1|2|2|3|3|4|4|5|5|6|6|7|7|8|8|9|9|10|10|11|11|12|12|13|13|14|14|15|15|16|16|17|17|18|18|19|19|20|20|21|21|22|22|23|23|24|24|25|25|26|26|27|27|28|28|29|29|30|30|31|31|32|32|33|33|34|34|35|35|36|36|37|37|38|38|39|39|40|40|41|41|42|42|43|43|44|44|45|45|46|46|47|47|48|48|49|49|50|50|51|51|52|52|53|53|54|54|55|55|56|56|57|57|58|58|59|59|60|60|61|61|62|63,61,1,63,1.000000,False,False
no_delay,PPG_query_ECG_key_value,62,125,-62|-61|-60|-59|-58|-57|-56|-55|-54|-53|-52|-51|-50|-49|-48|-47|-46|-45|-44|-43|-42|-41|-40|-39|-38|-37|-36|-35|-34|-33|-32|-31|-30|-29|-28|-27|-26|-25|-24|-23|-22|-21|-20|-19|-18|-17|-16|-15|-14|-13|-12|-11|-10|-9|-8|-7|-6|-5|-4|-3|-2|-1|0|1|2|3|4|5|6|7|8|9|10|11|12|13|14|15|16|17|18|19|20|21|22|23|24|25|26|27|28|29|30|31|32|33|34|35|36|37|38|39|40|41|42|43|44|45|46|47|48|49|50|51|52|53|54|55|56|57|58|59|60|61|62,0|1|1|2|2|3|3|4|4|5|5|6|6|7|7|8|8|9|9|10|10|11|11|12|12|13|13|14|14|15|15|16|16|17|17|18|18|19|19|20|20|21|21|22|22|23|23|24|24|25|25|26|26|27|27|28|28|29|29|30|30|31|31|32|32|33|33|34|34|35|35|36|36|37|37|38|38|39|39|40|40|41|41|42|42|43|43|44|44|45|45|46|46|47|47|48|48|49|49|50|50|51|51|52|52|53|53|54|54|55|55|56|56|57|57|58|58|59|59|60|60|61|61|62|62,62,1,62,0.000000,False,False
no_delay,PPG_query_ECG_key_value,63,125,-63|-62|-61|-60|-59|-58|-57|-56|-55|-54|-53|-52|-51|-50|-49|-48|-47|-46|-45|-44|-43|-42|-41|-40|-39|-38|-37|-36|-35|-34|-33|-32|-31|-30|-29|-28|-27|-26|-25|-24|-23|-22|-21|-20|-19|-18|-17|-16|-15|-14|-13|-12|-11|-10|-9|-8|-7|-6|-5|-4|-3|-2|-1|0|1|2|3|4|5|6|7|8|9|10|11|12|13|14|15|16|17|18|19|20|21|22|23|24|25|26|27|28|29|30|31|32|33|34|35|36|37|38|39|40|41|42|43|44|45|46|47|48|49|50|51|52|53|54|55|56|57|58|59|60|61,0|1|1|2|2|3|3|4|4|5|5|6|6|7|7|8|8|9|9|10|10|11|11|12|12|13|13|14|14|15|15|16|16|17|17|18|18|19|19|20|20|21|21|22|22|23|23|24|24|25|25|26|26|27|27|28|28|29|29|30|30|31|31|32|32|33|33|34|34|35|35|36|36|37|37|38|38|39|39|40|40|41|41|42|42|43|43|44|44|45|45|46|46|47|47|48|48|49|49|50|50|51|51|52|52|53|53|54|54|55|55|56|56|57|57|58|58|59|59|60|60|61|61|62|63,63,1,61,-1.000000,False,False
no_delay,PPG_query_ECG_key_value,64,125,-64|-63|-62|-61|-60|-59|-58|-57|-56|-55|-54|-53|-52|-51|-50|-49|-48|-47|-46|-45|-44|-43|-42|-41|-40|-39|-38|-37|-36|-35|-34|-33|-32|-31|-30|-29|-28|-27|-26|-25|-24|-23|-22|-21|-20|-19|-18|-17|-16|-15|-14|-13|-12|-11|-10|-9|-8|-7|-6|-5|-4|-3|-2|-1|0|1|2|3|4|5|6|7|8|9|10|11|12|13|14|15|16|17|18|19|20|21|22|23|24|25|26|27|28|29|30|31|32|33|34|35|36|37|38|39|40|41|42|43|44|45|46|47|48|49|50|51|52|53|54|55|56|57|58|59|60,0|1|1|2|2|3|3|4|4|5|5|6|6|7|7|8|8|9|9|10|10|11|11|12|12|13|13|14|14|15|15|16|16|17|17|18|18|19|19|20|20|21|21|22|22|23|23|24|24|25|25|26|26|27|27|28|28|29|29|30|30|31|31|32|32|33|33|34|34|35|35|36|36|37|37|38|38|39|39|40|40|41|41|42|42|43|43|44|44|45|45|46|46|47|47|48|48|49|49|50|50|51|51|52|52|53|53|54|54|55|55|56|56|57|57|58|58|59|59|60|60|61|62|63|64,64,1,60,-2.000000,False,False
no_delay,PPG_query_ECG_key_value,65,125,-65|-64|-63|-62|-61|-60|-59|-58|-57|-56|-55|-54|-53|-52|-51|-50|-49|-48|-47|-46|-45|-44|-43|-42|-41|-40|-39|-38|-37|-36|-35|-34|-33|-32|-31|-30|-29|-28|-27|-26|-25|-24|-23|-22|-21|-20|-19|-18|-17|-16|-15|-14|-13|-12|-11|-10|-9|-8|-7|-6|-5|-4|-3|-2|-1|0|1|2|3|4|5|6|7|8|9|10|11|12|13|14|15|16|17|18|19|20|21|22|23|24|25|26|27|28|29|30|31|32|33|34|35|36|37|38|39|40|41|42|43|44|45|46|47|48|49|50|51|52|53|54|55|56|57|58|59,0|1|1|2|2|3|3|4|4|5|5|6|6|7|7|8|8|9|9|10|10|11|11|12|12|13|13|14|14|15|15|16|16|17|17|18|18|19|19|20|20|21|21|22|22|23|23|24|24|25|25|26|26|27|27|28|28|29|29|30|30|31|31|32|32|33|33|34|34|35|35|36|36|37|37|38|38|39|39|40|40|41|41|42|42|43|43|44|44|45|45|46|46|47|47|48|48|49|49|50|50|51|51|52|52|53|53|54|54|55|55|56|56|57|57|58|58|59|59|60|61|62|63|64|65,65,1,59,-3.000000,False,False
no_delay,PPG_query_ECG_key_value,66,125,-66|-65|-64|-63|-62|-61|-60|-59|-58|-57|-56|-55|-54|-53|-52|-51|-50|-49|-48|-47|-46|-45|-44|-43|-42|-41|-40|-39|-38|-37|-36|-35|-34|-33|-32|-31|-30|-29|-28|-27|-26|-25|-24|-23|-22|-21|-20|-19|-18|-17|-16|-15|-14|-13|-12|-11|-10|-9|-8|-7|-6|-5|-4|-3|-2|-1|0|1|2|3|4|5|6|7|8|9|10|11|12|13|14|15|16|17|18|19|20|21|22|23|24|25|26|27|28|29|30|31|32|33|34|35|36|37|38|39|40|41|42|43|44|45|46|47|48|49|50|51|52|53|54|55|56|57|58,0|1|1|2|2|3|3|4|4|5|5|6|6|7|7|8|8|9|9|10|10|11|11|12|12|13|13|14|14|15|15|16|16|17|17|18|18|19|19|20|20|21|21|22|22|23|23|24|24|25|25|26|26|27|27|28|28|29|29|30|30|31|31|32|32|33|33|34|34|35|35|36|36|37|37|38|38|39|39|40|40|41|41|42|42|43|43|44|44|45|45|46|46|47|47|48|48|49|49|50|50|51|51|52|52|53|53|54|54|55|55|56|56|57|57|58|58|59|60|61|62|63|64|65|66,66,1,58,-4.000000,False,False
no_delay,PPG_query_ECG_key_value,67,125,-67|-66|-65|-64|-63|-62|-61|-60|-59|-58|-57|-56|-55|-54|-53|-52|-51|-50|-49|-48|-47|-46|-45|-44|-43|-42|-41|-40|-39|-38|-37|-36|-35|-34|-33|-32|-31|-30|-29|-28|-27|-26|-25|-24|-23|-22|-21|-20|-19|-18|-17|-16|-15|-14|-13|-12|-11|-10|-9|-8|-7|-6|-5|-4|-3|-2|-1|0|1|2|3|4|5|6|7|8|9|10|11|12|13|14|15|16|17|18|19|20|21|22|23|24|25|26|27|28|29|30|31|32|33|34|35|36|37|38|39|40|41|42|43|44|45|46|47|48|49|50|51|52|53|54|55|56|57,0|1|1|2|2|3|3|4|4|5|5|6|6|7|7|8|8|9|9|10|10|11|11|12|12|13|13|14|14|15|15|16|16|17|17|18|18|19|19|20|20|21|21|22|22|23|23|24|24|25|25|26|26|27|27|28|28|29|29|30|30|31|31|32|32|33|33|34|34|35|35|36|36|37|37|38|38|39|39|40|40|41|41|42|42|43|43|44|44|45|45|46|46|47|47|48|48|49|49|50|50|51|51|52|52|53|53|54|54|55|55|56|56|57|57|58|59|60|61|62|63|64|65|66|67,67,1,57,-5.000000,False,False
no_delay,PPG_query_ECG_key_value,68,125,-68|-67|-66|-65|-64|-63|-62|-61|-60|-59|-58|-57|-56|-55|-54|-53|-52|-51|-50|-49|-48|-47|-46|-45|-44|-43|-42|-41|-40|-39|-38|-37|-36|-35|-34|-33|-32|-31|-30|-29|-28|-27|-26|-25|-24|-23|-22|-21|-20|-19|-18|-17|-16|-15|-14|-13|-12|-11|-10|-9|-8|-7|-6|-5|-4|-3|-2|-1|0|1|2|3|4|5|6|7|8|9|10|11|12|13|14|15|16|17|18|19|20|21|22|23|24|25|26|27|28|29|30|31|32|33|34|35|36|37|38|39|40|41|42|43|44|45|46|47|48|49|50|51|52|53|54|55|56,0|1|1|2|2|3|3|4|4|5|5|6|6|7|7|8|8|9|9|10|10|11|11|12|12|13|13|14|14|15|15|16|16|17|17|18|18|19|19|20|20|21|21|22|22|23|23|24|24|25|25|26|26|27|27|28|28|29|29|30|30|31|31|32|32|33|33|34|34|35|35|36|36|37|37|38|38|39|39|40|40|41|41|42|42|43|43|44|44|45|45|46|46|47|47|48|48|49|49|50|50|51|51|52|52|53|53|54|54|55|55|56|56|57|58|59|60|61|62|63|64|65|66|67|68,68,1,56,-6.000000,False,False
no_delay,PPG_query_ECG_key_value,69,125,-69|-68|-67|-66|-65|-64|-63|-62|-61|-60|-59|-58|-57|-56|-55|-54|-53|-52|-51|-50|-49|-48|-47|-46|-45|-44|-43|-42|-41|-40|-39|-38|-37|-36|-35|-34|-33|-32|-31|-30|-29|-28|-27|-26|-25|-24|-23|-22|-21|-20|-19|-18|-17|-16|-15|-14|-13|-12|-11|-10|-9|-8|-7|-6|-5|-4|-3|-2|-1|0|1|2|3|4|5|6|7|8|9|10|11|12|13|14|15|16|17|18|19|20|21|22|23|24|25|26|27|28|29|30|31|32|33|34|35|36|37|38|39|40|41|42|43|44|45|46|47|48|49|50|51|52|53|54|55,0|1|1|2|2|3|3|4|4|5|5|6|6|7|7|8|8|9|9|10|10|11|11|12|12|13|13|14|14|15|15|16|16|17|17|18|18|19|19|20|20|21|21|22|22|23|23|24|24|25|25|26|26|27|27|28|28|29|29|30|30|31|31|32|32|33|33|34|34|35|35|36|36|37|37|38|38|39|39|40|40|41|41|42|42|43|43|44|44|45|45|46|46|47|47|48|48|49|49|50|50|51|51|52|52|53|53|54|54|55|55|56|57|58|59|60|61|62|63|64|65|66|67|68|69,69,1,55,-7.000000,False,False
no_delay,PPG_query_ECG_key_value,70,125,-70|-69|-68|-67|-66|-65|-64|-63|-62|-61|-60|-59|-58|-57|-56|-55|-54|-53|-52|-51|-50|-49|-48|-47|-46|-45|-44|-43|-42|-41|-40|-39|-38|-37|-36|-35|-34|-33|-32|-31|-30|-29|-28|-27|-26|-25|-24|-23|-22|-21|-20|-19|-18|-17|-16|-15|-14|-13|-12|-11|-10|-9|-8|-7|-6|-5|-4|-3|-2|-1|0|1|2|3|4|5|6|7|8|9|10|11|12|13|14|15|16|17|18|19|20|21|22|23|24|25|26|27|28|29|30|31|32|33|34|35|36|37|38|39|40|41|42|43|44|45|46|47|48|49|50|51|52|53|54,0|1|1|2|2|3|3|4|4|5|5|6|6|7|7|8|8|9|9|10|10|11|11|12|12|13|13|14|14|15|15|16|16|17|17|18|18|19|19|20|20|21|21|22|22|23|23|24|24|25|25|26|26|27|27|28|28|29|29|30|30|31|31|32|32|33|33|34|34|35|35|36|36|37|37|38|38|39|39|40|40|41|41|42|42|43|43|44|44|45|45|46|46|47|47|48|48|49|49|50|50|51|51|52|52|53|53|54|54|55|56|57|58|59|60|61|62|63|64|65|66|67|68|69|70,70,1,54,-8.000000,False,False
no_delay,PPG_query_ECG_key_value,71,125,-71|-70|-69|-68|-67|-66|-65|-64|-63|-62|-61|-60|-59|-58|-57|-56|-55|-54|-53|-52|-51|-50|-49|-48|-47|-46|-45|-44|-43|-42|-41|-40|-39|-38|-37|-36|-35|-34|-33|-32|-31|-30|-29|-28|-27|-26|-25|-24|-23|-22|-21|-20|-19|-18|-17|-16|-15|-14|-13|-12|-11|-10|-9|-8|-7|-6|-5|-4|-3|-2|-1|0|1|2|3|4|5|6|7|8|9|10|11|12|13|14|15|16|17|18|19|20|21|22|23|24|25|26|27|28|29|30|31|32|33|34|35|36|37|38|39|40|41|42|43|44|45|46|47|48|49|50|51|52|53,0|1|1|2|2|3|3|4|4|5|5|6|6|7|7|8|8|9|9|10|10|11|11|12|12|13|13|14|14|15|15|16|16|17|17|18|18|19|19|20|20|21|21|22|22|23|23|24|24|25|25|26|26|27|27|28|28|29|29|30|30|31|31|32|32|33|33|34|34|35|35|36|36|37|37|38|38|39|39|40|40|41|41|42|42|43|43|44|44|45|45|46|46|47|47|48|48|49|49|50|50|51|51|52|52|53|53|54|55|56|57|58|59|60|61|62|63|64|65|66|67|68|69|70|71,71,1,53,-9.000000,False,False
no_delay,PPG_query_ECG_key_value,72,125,-72|-71|-70|-69|-68|-67|-66|-65|-64|-63|-62|-61|-60|-59|-58|-57|-56|-55|-54|-53|-52|-51|-50|-49|-48|-47|-46|-45|-44|-43|-42|-41|-40|-39|-38|-37|-36|-35|-34|-33|-32|-31|-30|-29|-28|-27|-26|-25|-24|-23|-22|-21|-20|-19|-18|-17|-16|-15|-14|-13|-12|-11|-10|-9|-8|-7|-6|-5|-4|-3|-2|-1|0|1|2|3|4|5|6|7|8|9|10|11|12|13|14|15|16|17|18|19|20|21|22|23|24|25|26|27|28|29|30|31|32|33|34|35|36|37|38|39|40|41|42|43|44|45|46|47|48|49|50|51|52,0|1|1|2|2|3|3|4|4|5|5|6|6|7|7|8|8|9|9|10|10|11|11|12|12|13|13|14|14|15|15|16|16|17|17|18|18|19|19|20|20|21|21|22|22|23|23|24|24|25|25|26|26|27|27|28|28|29|29|30|30|31|31|32|32|33|33|34|34|35|35|36|36|37|37|38|38|39|39|40|40|41|41|42|42|43|43|44|44|45|45|46|46|47|47|48|48|49|49|50|50|51|51|52|52|53|54|55|56|57|58|59|60|61|62|63|64|65|66|67|68|69|70|71|72,72,1,52,-10.000000,False,False
no_delay,PPG_query_ECG_key_value,73,125,-73|-72|-71|-70|-69|-68|-67|-66|-65|-64|-63|-62|-61|-60|-59|-58|-57|-56|-55|-54|-53|-52|-51|-50|-49|-48|-47|-46|-45|-44|-43|-42|-41|-40|-39|-38|-37|-36|-35|-34|-33|-32|-31|-30|-29|-28|-27|-26|-25|-24|-23|-22|-21|-20|-19|-18|-17|-16|-15|-14|-13|-12|-11|-10|-9|-8|-7|-6|-5|-4|-3|-2|-1|0|1|2|3|4|5|6|7|8|9|10|11|12|13|14|15|16|17|18|19|20|21|22|23|24|25|26|27|28|29|30|31|32|33|34|35|36|37|38|39|40|41|42|43|44|45|46|47|48|49|50|51,0|1|1|2|2|3|3|4|4|5|5|6|6|7|7|8|8|9|9|10|10|11|11|12|12|13|13|14|14|15|15|16|16|17|17|18|18|19|19|20|20|21|21|22|22|23|23|24|24|25|25|26|26|27|27|28|28|29|29|30|30|31|31|32|32|33|33|34|34|35|35|36|36|37|37|38|38|39|39|40|40|41|41|42|42|43|43|44|44|45|45|46|46|47|47|48|48|49|49|50|50|51|51|52|53|54|55|56|57|58|59|60|61|62|63|64|65|66|67|68|69|70|71|72|73,73,1,51,-11.000000,False,False
no_delay,PPG_query_ECG_key_value,74,125,-74|-73|-72|-71|-70|-69|-68|-67|-66|-65|-64|-63|-62|-61|-60|-59|-58|-57|-56|-55|-54|-53|-52|-51|-50|-49|-48|-47|-46|-45|-44|-43|-42|-41|-40|-39|-38|-37|-36|-35|-34|-33|-32|-31|-30|-29|-28|-27|-26|-25|-24|-23|-22|-21|-20|-19|-18|-17|-16|-15|-14|-13|-12|-11|-10|-9|-8|-7|-6|-5|-4|-3|-2|-1|0|1|2|3|4|5|6|7|8|9|10|11|12|13|14|15|16|17|18|19|20|21|22|23|24|25|26|27|28|29|30|31|32|33|34|35|36|37|38|39|40|41|42|43|44|45|46|47|48|49|50,0|1|1|2|2|3|3|4|4|5|5|6|6|7|7|8|8|9|9|10|10|11|11|12|12|13|13|14|14|15|15|16|16|17|17|18|18|19|19|20|20|21|21|22|22|23|23|24|24|25|25|26|26|27|27|28|28|29|29|30|30|31|31|32|32|33|33|34|34|35|35|36|36|37|37|38|38|39|39|40|40|41|41|42|42|43|43|44|44|45|45|46|46|47|47|48|48|49|49|50|50|51|52|53|54|55|56|57|58|59|60|61|62|63|64|65|66|67|68|69|70|71|72|73|74,74,1,50,-12.000000,False,False
no_delay,PPG_query_ECG_key_value,75,125,-75|-74|-73|-72|-71|-70|-69|-68|-67|-66|-65|-64|-63|-62|-61|-60|-59|-58|-57|-56|-55|-54|-53|-52|-51|-50|-49|-48|-47|-46|-45|-44|-43|-42|-41|-40|-39|-38|-37|-36|-35|-34|-33|-32|-31|-30|-29|-28|-27|-26|-25|-24|-23|-22|-21|-20|-19|-18|-17|-16|-15|-14|-13|-12|-11|-10|-9|-8|-7|-6|-5|-4|-3|-2|-1|0|1|2|3|4|5|6|7|8|9|10|11|12|13|14|15|16|17|18|19|20|21|22|23|24|25|26|27|28|29|30|31|32|33|34|35|36|37|38|39|40|41|42|43|44|45|46|47|48|49,0|1|1|2|2|3|3|4|4|5|5|6|6|7|7|8|8|9|9|10|10|11|11|12|12|13|13|14|14|15|15|16|16|17|17|18|18|19|19|20|20|21|21|22|22|23|23|24|24|25|25|26|26|27|27|28|28|29|29|30|30|31|31|32|32|33|33|34|34|35|35|36|36|37|37|38|38|39|39|40|40|41|41|42|42|43|43|44|44|45|45|46|46|47|47|48|48|49|49|50|51|52|53|54|55|56|57|58|59|60|61|62|63|64|65|66|67|68|69|70|71|72|73|74|75,75,1,49,-13.000000,False,False
no_delay,PPG_query_ECG_key_value,76,125,-76|-75|-74|-73|-72|-71|-70|-69|-68|-67|-66|-65|-64|-63|-62|-61|-60|-59|-58|-57|-56|-55|-54|-53|-52|-51|-50|-49|-48|-47|-46|-45|-44|-43|-42|-41|-40|-39|-38|-37|-36|-35|-34|-33|-32|-31|-30|-29|-28|-27|-26|-25|-24|-23|-22|-21|-20|-19|-18|-17|-16|-15|-14|-13|-12|-11|-10|-9|-8|-7|-6|-5|-4|-3|-2|-1|0|1|2|3|4|5|6|7|8|9|10|11|12|13|14|15|16|17|18|19|20|21|22|23|24|25|26|27|28|29|30|31|32|33|34|35|36|37|38|39|40|41|42|43|44|45|46|47|48,0|1|1|2|2|3|3|4|4|5|5|6|6|7|7|8|8|9|9|10|10|11|11|12|12|13|13|14|14|15|15|16|16|17|17|18|18|19|19|20|20|21|21|22|22|23|23|24|24|25|25|26|26|27|27|28|28|29|29|30|30|31|31|32|32|33|33|34|34|35|35|36|36|37|37|38|38|39|39|40|40|41|41|42|42|43|43|44|44|45|45|46|46|47|47|48|48|49|50|51|52|53|54|55|56|57|58|59|60|61|62|63|64|65|66|67|68|69|70|71|72|73|74|75|76,76,1,48,-14.000000,False,False
no_delay,PPG_query_ECG_key_value,77,125,-77|-76|-75|-74|-73|-72|-71|-70|-69|-68|-67|-66|-65|-64|-63|-62|-61|-60|-59|-58|-57|-56|-55|-54|-53|-52|-51|-50|-49|-48|-47|-46|-45|-44|-43|-42|-41|-40|-39|-38|-37|-36|-35|-34|-33|-32|-31|-30|-29|-28|-27|-26|-25|-24|-23|-22|-21|-20|-19|-18|-17|-16|-15|-14|-13|-12|-11|-10|-9|-8|-7|-6|-5|-4|-3|-2|-1|0|1|2|3|4|5|6|7|8|9|10|11|12|13|14|15|16|17|18|19|20|21|22|23|24|25|26|27|28|29|30|31|32|33|34|35|36|37|38|39|40|41|42|43|44|45|46|47,0|1|1|2|2|3|3|4|4|5|5|6|6|7|7|8|8|9|9|10|10|11|11|12|12|13|13|14|14|15|15|16|16|17|17|18|18|19|19|20|20|21|21|22|22|23|23|24|24|25|25|26|26|27|27|28|28|29|29|30|30|31|31|32|32|33|33|34|34|35|35|36|36|37|37|38|38|39|39|40|40|41|41|42|42|43|43|44|44|45|45|46|46|47|47|48|49|50|51|52|53|54|55|56|57|58|59|60|61|62|63|64|65|66|67|68|69|70|71|72|73|74|75|76|77,77,1,47,-15.000000,False,False
no_delay,PPG_query_ECG_key_value,78,125,-78|-77|-76|-75|-74|-73|-72|-71|-70|-69|-68|-67|-66|-65|-64|-63|-62|-61|-60|-59|-58|-57|-56|-55|-54|-53|-52|-51|-50|-49|-48|-47|-46|-45|-44|-43|-42|-41|-40|-39|-38|-37|-36|-35|-34|-33|-32|-31|-30|-29|-28|-27|-26|-25|-24|-23|-22|-21|-20|-19|-18|-17|-16|-15|-14|-13|-12|-11|-10|-9|-8|-7|-6|-5|-4|-3|-2|-1|0|1|2|3|4|5|6|7|8|9|10|11|12|13|14|15|16|17|18|19|20|21|22|23|24|25|26|27|28|29|30|31|32|33|34|35|36|37|38|39|40|41|42|43|44|45|46,0|1|1|2|2|3|3|4|4|5|5|6|6|7|7|8|8|9|9|10|10|11|11|12|12|13|13|14|14|15|15|16|16|17|17|18|18|19|19|20|20|21|21|22|22|23|23|24|24|25|25|26|26|27|27|28|28|29|29|30|30|31|31|32|32|33|33|34|34|35|35|36|36|37|37|38|38|39|39|40|40|41|41|42|42|43|43|44|44|45|45|46|46|47|48|49|50|51|52|53|54|55|56|57|58|59|60|61|62|63|64|65|66|67|68|69|70|71|72|73|74|75|76|77|78,78,1,46,-16.000000,False,False
no_delay,PPG_query_ECG_key_value,79,125,-79|-78|-77|-76|-75|-74|-73|-72|-71|-70|-69|-68|-67|-66|-65|-64|-63|-62|-61|-60|-59|-58|-57|-56|-55|-54|-53|-52|-51|-50|-49|-48|-47|-46|-45|-44|-43|-42|-41|-40|-39|-38|-37|-36|-35|-34|-33|-32|-31|-30|-29|-28|-27|-26|-25|-24|-23|-22|-21|-20|-19|-18|-17|-16|-15|-14|-13|-12|-11|-10|-9|-8|-7|-6|-5|-4|-3|-2|-1|0|1|2|3|4|5|6|7|8|9|10|11|12|13|14|15|16|17|18|19|20|21|22|23|24|25|26|27|28|29|30|31|32|33|34|35|36|37|38|39|40|41|42|43|44|45,0|1|1|2|2|3|3|4|4|5|5|6|6|7|7|8|8|9|9|10|10|11|11|12|12|13|13|14|14|15|15|16|16|17|17|18|18|19|19|20|20|21|21|22|22|23|23|24|24|25|25|26|26|27|27|28|28|29|29|30|30|31|31|32|32|33|33|34|34|35|35|36|36|37|37|38|38|39|39|40|40|41|41|42|42|43|43|44|44|45|45|46|47|48|49|50|51|52|53|54|55|56|57|58|59|60|61|62|63|64|65|66|67|68|69|70|71|72|73|74|75|76|77|78|79,79,1,45,-17.000000,False,False
no_delay,PPG_query_ECG_key_value,80,125,-80|-79|-78|-77|-76|-75|-74|-73|-72|-71|-70|-69|-68|-67|-66|-65|-64|-63|-62|-61|-60|-59|-58|-57|-56|-55|-54|-53|-52|-51|-50|-49|-48|-47|-46|-45|-44|-43|-42|-41|-40|-39|-38|-37|-36|-35|-34|-33|-32|-31|-30|-29|-28|-27|-26|-25|-24|-23|-22|-21|-20|-19|-18|-17|-16|-15|-14|-13|-12|-11|-10|-9|-8|-7|-6|-5|-4|-3|-2|-1|0|1|2|3|4|5|6|7|8|9|10|11|12|13|14|15|16|17|18|19|20|21|22|23|24|25|26|27|28|29|30|31|32|33|34|35|36|37|38|39|40|41|42|43|44,0|1|1|2|2|3|3|4|4|5|5|6|6|7|7|8|8|9|9|10|10|11|11|12|12|13|13|14|14|15|15|16|16|17|17|18|18|19|19|20|20|21|21|22|22|23|23|24|24|25|25|26|26|27|27|28|28|29|29|30|30|31|31|32|32|33|33|34|34|35|35|36|36|37|37|38|38|39|39|40|40|41|41|42|42|43|43|44|44|45|46|47|48|49|50|51|52|53|54|55|56|57|58|59|60|61|62|63|64|65|66|67|68|69|70|71|72|73|74|75|76|77|78|79|80,80,1,44,-18.000000,False,False
no_delay,PPG_query_ECG_key_value,81,125,-81|-80|-79|-78|-77|-76|-75|-74|-73|-72|-71|-70|-69|-68|-67|-66|-65|-64|-63|-62|-61|-60|-59|-58|-57|-56|-55|-54|-53|-52|-51|-50|-49|-48|-47|-46|-45|-44|-43|-42|-41|-40|-39|-38|-37|-36|-35|-34|-33|-32|-31|-30|-29|-28|-27|-26|-25|-24|-23|-22|-21|-20|-19|-18|-17|-16|-15|-14|-13|-12|-11|-10|-9|-8|-7|-6|-5|-4|-3|-2|-1|0|1|2|3|4|5|6|7|8|9|10|11|12|13|14|15|16|17|18|19|20|21|22|23|24|25|26|27|28|29|30|31|32|33|34|35|36|37|38|39|40|41|42|43,0|1|1|2|2|3|3|4|4|5|5|6|6|7|7|8|8|9|9|10|10|11|11|12|12|13|13|14|14|15|15|16|16|17|17|18|18|19|19|20|20|21|21|22|22|23|23|24|24|25|25|26|26|27|27|28|28|29|29|30|30|31|31|32|32|33|33|34|34|35|35|36|36|37|37|38|38|39|39|40|40|41|41|42|42|43|43|44|45|46|47|48|49|50|51|52|53|54|55|56|57|58|59|60|61|62|63|64|65|66|67|68|69|70|71|72|73|74|75|76|77|78|79|80|81,81,1,43,-19.000000,False,False
no_delay,PPG_query_ECG_key_value,82,125,-82|-81|-80|-79|-78|-77|-76|-75|-74|-73|-72|-71|-70|-69|-68|-67|-66|-65|-64|-63|-62|-61|-60|-59|-58|-57|-56|-55|-54|-53|-52|-51|-50|-49|-48|-47|-46|-45|-44|-43|-42|-41|-40|-39|-38|-37|-36|-35|-34|-33|-32|-31|-30|-29|-28|-27|-26|-25|-24|-23|-22|-21|-20|-19|-18|-17|-16|-15|-14|-13|-12|-11|-10|-9|-8|-7|-6|-5|-4|-3|-2|-1|0|1|2|3|4|5|6|7|8|9|10|11|12|13|14|15|16|17|18|19|20|21|22|23|24|25|26|27|28|29|30|31|32|33|34|35|36|37|38|39|40|41|42,0|1|1|2|2|3|3|4|4|5|5|6|6|7|7|8|8|9|9|10|10|11|11|12|12|13|13|14|14|15|15|16|16|17|17|18|18|19|19|20|20|21|21|22|22|23|23|24|24|25|25|26|26|27|27|28|28|29|29|30|30|31|31|32|32|33|33|34|34|35|35|36|36|37|37|38|38|39|39|40|40|41|41|42|42|43|44|45|46|47|48|49|50|51|52|53|54|55|56|57|58|59|60|61|62|63|64|65|66|67|68|69|70|71|72|73|74|75|76|77|78|79|80|81|82,82,1,42,-20.000000,False,False
no_delay,PPG_query_ECG_key_value,83,125,-83|-82|-81|-80|-79|-78|-77|-76|-75|-74|-73|-72|-71|-70|-69|-68|-67|-66|-65|-64|-63|-62|-61|-60|-59|-58|-57|-56|-55|-54|-53|-52|-51|-50|-49|-48|-47|-46|-45|-44|-43|-42|-41|-40|-39|-38|-37|-36|-35|-34|-33|-32|-31|-30|-29|-28|-27|-26|-25|-24|-23|-22|-21|-20|-19|-18|-17|-16|-15|-14|-13|-12|-11|-10|-9|-8|-7|-6|-5|-4|-3|-2|-1|0|1|2|3|4|5|6|7|8|9|10|11|12|13|14|15|16|17|18|19|20|21|22|23|24|25|26|27|28|29|30|31|32|33|34|35|36|37|38|39|40|41,0|1|1|2|2|3|3|4|4|5|5|6|6|7|7|8|8|9|9|10|10|11|11|12|12|13|13|14|14|15|15|16|16|17|17|18|18|19|19|20|20|21|21|22|22|23|23|24|24|25|25|26|26|27|27|28|28|29|29|30|30|31|31|32|32|33|33|34|34|35|35|36|36|37|37|38|38|39|39|40|40|41|41|42|43|44|45|46|47|48|49|50|51|52|53|54|55|56|57|58|59|60|61|62|63|64|65|66|67|68|69|70|71|72|73|74|75|76|77|78|79|80|81|82|83,83,1,41,-21.000000,False,False
no_delay,PPG_query_ECG_key_value,84,125,-84|-83|-82|-81|-80|-79|-78|-77|-76|-75|-74|-73|-72|-71|-70|-69|-68|-67|-66|-65|-64|-63|-62|-61|-60|-59|-58|-57|-56|-55|-54|-53|-52|-51|-50|-49|-48|-47|-46|-45|-44|-43|-42|-41|-40|-39|-38|-37|-36|-35|-34|-33|-32|-31|-30|-29|-28|-27|-26|-25|-24|-23|-22|-21|-20|-19|-18|-17|-16|-15|-14|-13|-12|-11|-10|-9|-8|-7|-6|-5|-4|-3|-2|-1|0|1|2|3|4|5|6|7|8|9|10|11|12|13|14|15|16|17|18|19|20|21|22|23|24|25|26|27|28|29|30|31|32|33|34|35|36|37|38|39|40,0|1|1|2|2|3|3|4|4|5|5|6|6|7|7|8|8|9|9|10|10|11|11|12|12|13|13|14|14|15|15|16|16|17|17|18|18|19|19|20|20|21|21|22|22|23|23|24|24|25|25|26|26|27|27|28|28|29|29|30|30|31|31|32|32|33|33|34|34|35|35|36|36|37|37|38|38|39|39|40|40|41|42|43|44|45|46|47|48|49|50|51|52|53|54|55|56|57|58|59|60|61|62|63|64|65|66|67|68|69|70|71|72|73|74|75|76|77|78|79|80|81|82|83|84,84,1,40,-22.000000,False,False
no_delay,PPG_query_ECG_key_value,85,125,-85|-84|-83|-82|-81|-80|-79|-78|-77|-76|-75|-74|-73|-72|-71|-70|-69|-68|-67|-66|-65|-64|-63|-62|-61|-60|-59|-58|-57|-56|-55|-54|-53|-52|-51|-50|-49|-48|-47|-46|-45|-44|-43|-42|-41|-40|-39|-38|-37|-36|-35|-34|-33|-32|-31|-30|-29|-28|-27|-26|-25|-24|-23|-22|-21|-20|-19|-18|-17|-16|-15|-14|-13|-12|-11|-10|-9|-8|-7|-6|-5|-4|-3|-2|-1|0|1|2|3|4|5|6|7|8|9|10|11|12|13|14|15|16|17|18|19|20|21|22|23|24|25|26|27|28|29|30|31|32|33|34|35|36|37|38|39,0|1|1|2|2|3|3|4|4|5|5|6|6|7|7|8|8|9|9|10|10|11|11|12|12|13|13|14|14|15|15|16|16|17|17|18|18|19|19|20|20|21|21|22|22|23|23|24|24|25|25|26|26|27|27|28|28|29|29|30|30|31|31|32|32|33|33|34|34|35|35|36|36|37|37|38|38|39|39|40|41|42|43|44|45|46|47|48|49|50|51|52|53|54|55|56|57|58|59|60|61|62|63|64|65|66|67|68|69|70|71|72|73|74|75|76|77|78|79|80|81|82|83|84|85,85,1,39,-23.000000,False,False
no_delay,PPG_query_ECG_key_value,86,125,-86|-85|-84|-83|-82|-81|-80|-79|-78|-77|-76|-75|-74|-73|-72|-71|-70|-69|-68|-67|-66|-65|-64|-63|-62|-61|-60|-59|-58|-57|-56|-55|-54|-53|-52|-51|-50|-49|-48|-47|-46|-45|-44|-43|-42|-41|-40|-39|-38|-37|-36|-35|-34|-33|-32|-31|-30|-29|-28|-27|-26|-25|-24|-23|-22|-21|-20|-19|-18|-17|-16|-15|-14|-13|-12|-11|-10|-9|-8|-7|-6|-5|-4|-3|-2|-1|0|1|2|3|4|5|6|7|8|9|10|11|12|13|14|15|16|17|18|19|20|21|22|23|24|25|26|27|28|29|30|31|32|33|34|35|36|37|38,0|1|1|2|2|3|3|4|4|5|5|6|6|7|7|8|8|9|9|10|10|11|11|12|12|13|13|14|14|15|15|16|16|17|17|18|18|19|19|20|20|21|21|22|22|23|23|24|24|25|25|26|26|27|27|28|28|29|29|30|30|31|31|32|32|33|33|34|34|35|35|36|36|37|37|38|38|39|40|41|42|43|44|45|46|47|48|49|50|51|52|53|54|55|56|57|58|59|60|61|62|63|64|65|66|67|68|69|70|71|72|73|74|75|76|77|78|79|80|81|82|83|84|85|86,86,1,38,-24.000000,False,False
no_delay,PPG_query_ECG_key_value,87,125,-87|-86|-85|-84|-83|-82|-81|-80|-79|-78|-77|-76|-75|-74|-73|-72|-71|-70|-69|-68|-67|-66|-65|-64|-63|-62|-61|-60|-59|-58|-57|-56|-55|-54|-53|-52|-51|-50|-49|-48|-47|-46|-45|-44|-43|-42|-41|-40|-39|-38|-37|-36|-35|-34|-33|-32|-31|-30|-29|-28|-27|-26|-25|-24|-23|-22|-21|-20|-19|-18|-17|-16|-15|-14|-13|-12|-11|-10|-9|-8|-7|-6|-5|-4|-3|-2|-1|0|1|2|3|4|5|6|7|8|9|10|11|12|13|14|15|16|17|18|19|20|21|22|23|24|25|26|27|28|29|30|31|32|33|34|35|36|37,0|1|1|2|2|3|3|4|4|5|5|6|6|7|7|8|8|9|9|10|10|11|11|12|12|13|13|14|14|15|15|16|16|17|17|18|18|19|19|20|20|21|21|22|22|23|23|24|24|25|25|26|26|27|27|28|28|29|29|30|30|31|31|32|32|33|33|34|34|35|35|36|36|37|37|38|39|40|41|42|43|44|45|46|47|48|49|50|51|52|53|54|55|56|57|58|59|60|61|62|63|64|65|66|67|68|69|70|71|72|73|74|75|76|77|78|79|80|81|82|83|84|85|86|87,87,1,37,-25.000000,False,False
no_delay,PPG_query_ECG_key_value,88,125,-88|-87|-86|-85|-84|-83|-82|-81|-80|-79|-78|-77|-76|-75|-74|-73|-72|-71|-70|-69|-68|-67|-66|-65|-64|-63|-62|-61|-60|-59|-58|-57|-56|-55|-54|-53|-52|-51|-50|-49|-48|-47|-46|-45|-44|-43|-42|-41|-40|-39|-38|-37|-36|-35|-34|-33|-32|-31|-30|-29|-28|-27|-26|-25|-24|-23|-22|-21|-20|-19|-18|-17|-16|-15|-14|-13|-12|-11|-10|-9|-8|-7|-6|-5|-4|-3|-2|-1|0|1|2|3|4|5|6|7|8|9|10|11|12|13|14|15|16|17|18|19|20|21|22|23|24|25|26|27|28|29|30|31|32|33|34|35|36,0|1|1|2|2|3|3|4|4|5|5|6|6|7|7|8|8|9|9|10|10|11|11|12|12|13|13|14|14|15|15|16|16|17|17|18|18|19|19|20|20|21|21|22|22|23|23|24|24|25|25|26|26|27|27|28|28|29|29|30|30|31|31|32|32|33|33|34|34|35|35|36|36|37|38|39|40|41|42|43|44|45|46|47|48|49|50|51|52|53|54|55|56|57|58|59|60|61|62|63|64|65|66|67|68|69|70|71|72|73|74|75|76|77|78|79|80|81|82|83|84|85|86|87|88,88,1,36,-26.000000,False,False
no_delay,PPG_query_ECG_key_value,89,125,-89|-88|-87|-86|-85|-84|-83|-82|-81|-80|-79|-78|-77|-76|-75|-74|-73|-72|-71|-70|-69|-68|-67|-66|-65|-64|-63|-62|-61|-60|-59|-58|-57|-56|-55|-54|-53|-52|-51|-50|-49|-48|-47|-46|-45|-44|-43|-42|-41|-40|-39|-38|-37|-36|-35|-34|-33|-32|-31|-30|-29|-28|-27|-26|-25|-24|-23|-22|-21|-20|-19|-18|-17|-16|-15|-14|-13|-12|-11|-10|-9|-8|-7|-6|-5|-4|-3|-2|-1|0|1|2|3|4|5|6|7|8|9|10|11|12|13|14|15|16|17|18|19|20|21|22|23|24|25|26|27|28|29|30|31|32|33|34|35,0|1|1|2|2|3|3|4|4|5|5|6|6|7|7|8|8|9|9|10|10|11|11|12|12|13|13|14|14|15|15|16|16|17|17|18|18|19|19|20|20|21|21|22|22|23|23|24|24|25|25|26|26|27|27|28|28|29|29|30|30|31|31|32|32|33|33|34|34|35|35|36|37|38|39|40|41|42|43|44|45|46|47|48|49|50|51|52|53|54|55|56|57|58|59|60|61|62|63|64|65|66|67|68|69|70|71|72|73|74|75|76|77|78|79|80|81|82|83|84|85|86|87|88|89,89,1,35,-27.000000,False,False
no_delay,PPG_query_ECG_key_value,90,125,-90|-89|-88|-87|-86|-85|-84|-83|-82|-81|-80|-79|-78|-77|-76|-75|-74|-73|-72|-71|-70|-69|-68|-67|-66|-65|-64|-63|-62|-61|-60|-59|-58|-57|-56|-55|-54|-53|-52|-51|-50|-49|-48|-47|-46|-45|-44|-43|-42|-41|-40|-39|-38|-37|-36|-35|-34|-33|-32|-31|-30|-29|-28|-27|-26|-25|-24|-23|-22|-21|-20|-19|-18|-17|-16|-15|-14|-13|-12|-11|-10|-9|-8|-7|-6|-5|-4|-3|-2|-1|0|1|2|3|4|5|6|7|8|9|10|11|12|13|14|15|16|17|18|19|20|21|22|23|24|25|26|27|28|29|30|31|32|33|34,0|1|1|2|2|3|3|4|4|5|5|6|6|7|7|8|8|9|9|10|10|11|11|12|12|13|13|14|14|15|15|16|16|17|17|18|18|19|19|20|20|21|21|22|22|23|23|24|24|25|25|26|26|27|27|28|28|29|29|30|30|31|31|32|32|33|33|34|34|35|36|37|38|39|40|41|42|43|44|45|46|47|48|49|50|51|52|53|54|55|56|57|58|59|60|61|62|63|64|65|66|67|68|69|70|71|72|73|74|75|76|77|78|79|80|81|82|83|84|85|86|87|88|89|90,90,1,34,-28.000000,False,False
no_delay,PPG_query_ECG_key_value,91,125,-91|-90|-89|-88|-87|-86|-85|-84|-83|-82|-81|-80|-79|-78|-77|-76|-75|-74|-73|-72|-71|-70|-69|-68|-67|-66|-65|-64|-63|-62|-61|-60|-59|-58|-57|-56|-55|-54|-53|-52|-51|-50|-49|-48|-47|-46|-45|-44|-43|-42|-41|-40|-39|-38|-37|-36|-35|-34|-33|-32|-31|-30|-29|-28|-27|-26|-25|-24|-23|-22|-21|-20|-19|-18|-17|-16|-15|-14|-13|-12|-11|-10|-9|-8|-7|-6|-5|-4|-3|-2|-1|0|1|2|3|4|5|6|7|8|9|10|11|12|13|14|15|16|17|18|19|20|21|22|23|24|25|26|27|28|29|30|31|32|33,0|1|1|2|2|3|3|4|4|5|5|6|6|7|7|8|8|9|9|10|10|11|11|12|12|13|13|14|14|15|15|16|16|17|17|18|18|19|19|20|20|21|21|22|22|23|23|24|24|25|25|26|26|27|27|28|28|29|29|30|30|31|31|32|32|33|33|34|35|36|37|38|39|40|41|42|43|44|45|46|47|48|49|50|51|52|53|54|55|56|57|58|59|60|61|62|63|64|65|66|67|68|69|70|71|72|73|74|75|76|77|78|79|80|81|82|83|84|85|86|87|88|89|90|91,91,1,33,-29.000000,False,False
no_delay,PPG_query_ECG_key_value,92,125,-92|-91|-90|-89|-88|-87|-86|-85|-84|-83|-82|-81|-80|-79|-78|-77|-76|-75|-74|-73|-72|-71|-70|-69|-68|-67|-66|-65|-64|-63|-62|-61|-60|-59|-58|-57|-56|-55|-54|-53|-52|-51|-50|-49|-48|-47|-46|-45|-44|-43|-42|-41|-40|-39|-38|-37|-36|-35|-34|-33|-32|-31|-30|-29|-28|-27|-26|-25|-24|-23|-22|-21|-20|-19|-18|-17|-16|-15|-14|-13|-12|-11|-10|-9|-8|-7|-6|-5|-4|-3|-2|-1|0|1|2|3|4|5|6|7|8|9|10|11|12|13|14|15|16|17|18|19|20|21|22|23|24|25|26|27|28|29|30|31|32,0|1|1|2|2|3|3|4|4|5|5|6|6|7|7|8|8|9|9|10|10|11|11|12|12|13|13|14|14|15|15|16|16|17|17|18|18|19|19|20|20|21|21|22|22|23|23|24|24|25|25|26|26|27|27|28|28|29|29|30|30|31|31|32|32|33|34|35|36|37|38|39|40|41|42|43|44|45|46|47|48|49|50|51|52|53|54|55|56|57|58|59|60|61|62|63|64|65|66|67|68|69|70|71|72|73|74|75|76|77|78|79|80|81|82|83|84|85|86|87|88|89|90|91|92,92,1,32,-30.000000,False,False
no_delay,PPG_query_ECG_key_value,93,125,-93|-92|-91|-90|-89|-88|-87|-86|-85|-84|-83|-82|-81|-80|-79|-78|-77|-76|-75|-74|-73|-72|-71|-70|-69|-68|-67|-66|-65|-64|-63|-62|-61|-60|-59|-58|-57|-56|-55|-54|-53|-52|-51|-50|-49|-48|-47|-46|-45|-44|-43|-42|-41|-40|-39|-38|-37|-36|-35|-34|-33|-32|-31|-30|-29|-28|-27|-26|-25|-24|-23|-22|-21|-20|-19|-18|-17|-16|-15|-14|-13|-12|-11|-10|-9|-8|-7|-6|-5|-4|-3|-2|-1|0|1|2|3|4|5|6|7|8|9|10|11|12|13|14|15|16|17|18|19|20|21|22|23|24|25|26|27|28|29|30|31,0|1|1|2|2|3|3|4|4|5|5|6|6|7|7|8|8|9|9|10|10|11|11|12|12|13|13|14|14|15|15|16|16|17|17|18|18|19|19|20|20|21|21|22|22|23|23|24|24|25|25|26|26|27|27|28|28|29|29|30|30|31|31|32|33|34|35|36|37|38|39|40|41|42|43|44|45|46|47|48|49|50|51|52|53|54|55|56|57|58|59|60|61|62|63|64|65|66|67|68|69|70|71|72|73|74|75|76|77|78|79|80|81|82|83|84|85|86|87|88|89|90|91|92|93,93,1,31,-31.000000,False,False
no_delay,PPG_query_ECG_key_value,94,125,-94|-93|-92|-91|-90|-89|-88|-87|-86|-85|-84|-83|-82|-81|-80|-79|-78|-77|-76|-75|-74|-73|-72|-71|-70|-69|-68|-67|-66|-65|-64|-63|-62|-61|-60|-59|-58|-57|-56|-55|-54|-53|-52|-51|-50|-49|-48|-47|-46|-45|-44|-43|-42|-41|-40|-39|-38|-37|-36|-35|-34|-33|-32|-31|-30|-29|-28|-27|-26|-25|-24|-23|-22|-21|-20|-19|-18|-17|-16|-15|-14|-13|-12|-11|-10|-9|-8|-7|-6|-5|-4|-3|-2|-1|0|1|2|3|4|5|6|7|8|9|10|11|12|13|14|15|16|17|18|19|20|21|22|23|24|25|26|27|28|29|30,0|1|1|2|2|3|3|4|4|5|5|6|6|7|7|8|8|9|9|10|10|11|11|12|12|13|13|14|14|15|15|16|16|17|17|18|18|19|19|20|20|21|21|22|22|23|23|24|24|25|25|26|26|27|27|28|28|29|29|30|30|31|32|33|34|35|36|37|38|39|40|41|42|43|44|45|46|47|48|49|50|51|52|53|54|55|56|57|58|59|60|61|62|63|64|65|66|67|68|69|70|71|72|73|74|75|76|77|78|79|80|81|82|83|84|85|86|87|88|89|90|91|92|93|94,94,1,30,-32.000000,False,False
no_delay,PPG_query_ECG_key_value,95,125,-95|-94|-93|-92|-91|-90|-89|-88|-87|-86|-85|-84|-83|-82|-81|-80|-79|-78|-77|-76|-75|-74|-73|-72|-71|-70|-69|-68|-67|-66|-65|-64|-63|-62|-61|-60|-59|-58|-57|-56|-55|-54|-53|-52|-51|-50|-49|-48|-47|-46|-45|-44|-43|-42|-41|-40|-39|-38|-37|-36|-35|-34|-33|-32|-31|-30|-29|-28|-27|-26|-25|-24|-23|-22|-21|-20|-19|-18|-17|-16|-15|-14|-13|-12|-11|-10|-9|-8|-7|-6|-5|-4|-3|-2|-1|0|1|2|3|4|5|6|7|8|9|10|11|12|13|14|15|16|17|18|19|20|21|22|23|24|25|26|27|28|29,0|1|1|2|2|3|3|4|4|5|5|6|6|7|7|8|8|9|9|10|10|11|11|12|12|13|13|14|14|15|15|16|16|17|17|18|18|19|19|20|20|21|21|22|22|23|23|24|24|25|25|26|26|27|27|28|28|29|29|30|31|32|33|34|35|36|37|38|39|40|41|42|43|44|45|46|47|48|49|50|51|52|53|54|55|56|57|58|59|60|61|62|63|64|65|66|67|68|69|70|71|72|73|74|75|76|77|78|79|80|81|82|83|84|85|86|87|88|89|90|91|92|93|94|95,95,1,29,-33.000000,False,False
no_delay,PPG_query_ECG_key_value,96,125,-96|-95|-94|-93|-92|-91|-90|-89|-88|-87|-86|-85|-84|-83|-82|-81|-80|-79|-78|-77|-76|-75|-74|-73|-72|-71|-70|-69|-68|-67|-66|-65|-64|-63|-62|-61|-60|-59|-58|-57|-56|-55|-54|-53|-52|-51|-50|-49|-48|-47|-46|-45|-44|-43|-42|-41|-40|-39|-38|-37|-36|-35|-34|-33|-32|-31|-30|-29|-28|-27|-26|-25|-24|-23|-22|-21|-20|-19|-18|-17|-16|-15|-14|-13|-12|-11|-10|-9|-8|-7|-6|-5|-4|-3|-2|-1|0|1|2|3|4|5|6|7|8|9|10|11|12|13|14|15|16|17|18|19|20|21|22|23|24|25|26|27|28,0|1|1|2|2|3|3|4|4|5|5|6|6|7|7|8|8|9|9|10|10|11|11|12|12|13|13|14|14|15|15|16|16|17|17|18|18|19|19|20|20|21|21|22|22|23|23|24|24|25|25|26|26|27|27|28|28|29|30|31|32|33|34|35|36|37|38|39|40|41|42|43|44|45|46|47|48|49|50|51|52|53|54|55|56|57|58|59|60|61|62|63|64|65|66|67|68|69|70|71|72|73|74|75|76|77|78|79|80|81|82|83|84|85|86|87|88|89|90|91|92|93|94|95|96,96,1,28,-34.000000,False,False
no_delay,PPG_query_ECG_key_value,97,125,-97|-96|-95|-94|-93|-92|-91|-90|-89|-88|-87|-86|-85|-84|-83|-82|-81|-80|-79|-78|-77|-76|-75|-74|-73|-72|-71|-70|-69|-68|-67|-66|-65|-64|-63|-62|-61|-60|-59|-58|-57|-56|-55|-54|-53|-52|-51|-50|-49|-48|-47|-46|-45|-44|-43|-42|-41|-40|-39|-38|-37|-36|-35|-34|-33|-32|-31|-30|-29|-28|-27|-26|-25|-24|-23|-22|-21|-20|-19|-18|-17|-16|-15|-14|-13|-12|-11|-10|-9|-8|-7|-6|-5|-4|-3|-2|-1|0|1|2|3|4|5|6|7|8|9|10|11|12|13|14|15|16|17|18|19|20|21|22|23|24|25|26|27,0|1|1|2|2|3|3|4|4|5|5|6|6|7|7|8|8|9|9|10|10|11|11|12|12|13|13|14|14|15|15|16|16|17|17|18|18|19|19|20|20|21|21|22|22|23|23|24|24|25|25|26|26|27|27|28|29|30|31|32|33|34|35|36|37|38|39|40|41|42|43|44|45|46|47|48|49|50|51|52|53|54|55|56|57|58|59|60|61|62|63|64|65|66|67|68|69|70|71|72|73|74|75|76|77|78|79|80|81|82|83|84|85|86|87|88|89|90|91|92|93|94|95|96|97,97,1,27,-35.000000,False,False
no_delay,PPG_query_ECG_key_value,98,125,-98|-97|-96|-95|-94|-93|-92|-91|-90|-89|-88|-87|-86|-85|-84|-83|-82|-81|-80|-79|-78|-77|-76|-75|-74|-73|-72|-71|-70|-69|-68|-67|-66|-65|-64|-63|-62|-61|-60|-59|-58|-57|-56|-55|-54|-53|-52|-51|-50|-49|-48|-47|-46|-45|-44|-43|-42|-41|-40|-39|-38|-37|-36|-35|-34|-33|-32|-31|-30|-29|-28|-27|-26|-25|-24|-23|-22|-21|-20|-19|-18|-17|-16|-15|-14|-13|-12|-11|-10|-9|-8|-7|-6|-5|-4|-3|-2|-1|0|1|2|3|4|5|6|7|8|9|10|11|12|13|14|15|16|17|18|19|20|21|22|23|24|25|26,0|1|1|2|2|3|3|4|4|5|5|6|6|7|7|8|8|9|9|10|10|11|11|12|12|13|13|14|14|15|15|16|16|17|17|18|18|19|19|20|20|21|21|22|22|23|23|24|24|25|25|26|26|27|28|29|30|31|32|33|34|35|36|37|38|39|40|41|42|43|44|45|46|47|48|49|50|51|52|53|54|55|56|57|58|59|60|61|62|63|64|65|66|67|68|69|70|71|72|73|74|75|76|77|78|79|80|81|82|83|84|85|86|87|88|89|90|91|92|93|94|95|96|97|98,98,1,26,-36.000000,False,False
no_delay,PPG_query_ECG_key_value,99,125,-99|-98|-97|-96|-95|-94|-93|-92|-91|-90|-89|-88|-87|-86|-85|-84|-83|-82|-81|-80|-79|-78|-77|-76|-75|-74|-73|-72|-71|-70|-69|-68|-67|-66|-65|-64|-63|-62|-61|-60|-59|-58|-57|-56|-55|-54|-53|-52|-51|-50|-49|-48|-47|-46|-45|-44|-43|-42|-41|-40|-39|-38|-37|-36|-35|-34|-33|-32|-31|-30|-29|-28|-27|-26|-25|-24|-23|-22|-21|-20|-19|-18|-17|-16|-15|-14|-13|-12|-11|-10|-9|-8|-7|-6|-5|-4|-3|-2|-1|0|1|2|3|4|5|6|7|8|9|10|11|12|13|14|15|16|17|18|19|20|21|22|23|24|25,0|1|1|2|2|3|3|4|4|5|5|6|6|7|7|8|8|9|9|10|10|11|11|12|12|13|13|14|14|15|15|16|16|17|17|18|18|19|19|20|20|21|21|22|22|23|23|24|24|25|25|26|27|28|29|30|31|32|33|34|35|36|37|38|39|40|41|42|43|44|45|46|47|48|49|50|51|52|53|54|55|56|57|58|59|60|61|62|63|64|65|66|67|68|69|70|71|72|73|74|75|76|77|78|79|80|81|82|83|84|85|86|87|88|89|90|91|92|93|94|95|96|97|98|99,99,1,25,-37.000000,False,False
no_delay,PPG_query_ECG_key_value,100,125,-100|-99|-98|-97|-96|-95|-94|-93|-92|-91|-90|-89|-88|-87|-86|-85|-84|-83|-82|-81|-80|-79|-78|-77|-76|-75|-74|-73|-72|-71|-70|-69|-68|-67|-66|-65|-64|-63|-62|-61|-60|-59|-58|-57|-56|-55|-54|-53|-52|-51|-50|-49|-48|-47|-46|-45|-44|-43|-42|-41|-40|-39|-38|-37|-36|-35|-34|-33|-32|-31|-30|-29|-28|-27|-26|-25|-24|-23|-22|-21|-20|-19|-18|-17|-16|-15|-14|-13|-12|-11|-10|-9|-8|-7|-6|-5|-4|-3|-2|-1|0|1|2|3|4|5|6|7|8|9|10|11|12|13|14|15|16|17|18|19|20|21|22|23|24,0|1|1|2|2|3|3|4|4|5|5|6|6|7|7|8|8|9|9|10|10|11|11|12|12|13|13|14|14|15|15|16|16|17|17|18|18|19|19|20|20|21|21|22|22|23|23|24|24|25|26|27|28|29|30|31|32|33|34|35|36|37|38|39|40|41|42|43|44|45|46|47|48|49|50|51|52|53|54|55|56|57|58|59|60|61|62|63|64|65|66|67|68|69|70|71|72|73|74|75|76|77|78|79|80|81|82|83|84|85|86|87|88|89|90|91|92|93|94|95|96|97|98|99|100,100,1,24,-38.000000,False,False
no_delay,PPG_query_ECG_key_value,101,125,-101|-100|-99|-98|-97|-96|-95|-94|-93|-92|-91|-90|-89|-88|-87|-86|-85|-84|-83|-82|-81|-80|-79|-78|-77|-76|-75|-74|-73|-72|-71|-70|-69|-68|-67|-66|-65|-64|-63|-62|-61|-60|-59|-58|-57|-56|-55|-54|-53|-52|-51|-50|-49|-48|-47|-46|-45|-44|-43|-42|-41|-40|-39|-38|-37|-36|-35|-34|-33|-32|-31|-30|-29|-28|-27|-26|-25|-24|-23|-22|-21|-20|-19|-18|-17|-16|-15|-14|-13|-12|-11|-10|-9|-8|-7|-6|-5|-4|-3|-2|-1|0|1|2|3|4|5|6|7|8|9|10|11|12|13|14|15|16|17|18|19|20|21|22|23,0|1|1|2|2|3|3|4|4|5|5|6|6|7|7|8|8|9|9|10|10|11|11|12|12|13|13|14|14|15|15|16|16|17|17|18|18|19|19|20|20|21|21|22|22|23|23|24|25|26|27|28|29|30|31|32|33|34|35|36|37|38|39|40|41|42|43|44|45|46|47|48|49|50|51|52|53|54|55|56|57|58|59|60|61|62|63|64|65|66|67|68|69|70|71|72|73|74|75|76|77|78|79|80|81|82|83|84|85|86|87|88|89|90|91|92|93|94|95|96|97|98|99|100|101,101,1,23,-39.000000,False,False
no_delay,PPG_query_ECG_key_value,102,125,-102|-101|-100|-99|-98|-97|-96|-95|-94|-93|-92|-91|-90|-89|-88|-87|-86|-85|-84|-83|-82|-81|-80|-79|-78|-77|-76|-75|-74|-73|-72|-71|-70|-69|-68|-67|-66|-65|-64|-63|-62|-61|-60|-59|-58|-57|-56|-55|-54|-53|-52|-51|-50|-49|-48|-47|-46|-45|-44|-43|-42|-41|-40|-39|-38|-37|-36|-35|-34|-33|-32|-31|-30|-29|-28|-27|-26|-25|-24|-23|-22|-21|-20|-19|-18|-17|-16|-15|-14|-13|-12|-11|-10|-9|-8|-7|-6|-5|-4|-3|-2|-1|0|1|2|3|4|5|6|7|8|9|10|11|12|13|14|15|16|17|18|19|20|21|22,0|1|1|2|2|3|3|4|4|5|5|6|6|7|7|8|8|9|9|10|10|11|11|12|12|13|13|14|14|15|15|16|16|17|17|18|18|19|19|20|20|21|21|22|22|23|24|25|26|27|28|29|30|31|32|33|34|35|36|37|38|39|40|41|42|43|44|45|46|47|48|49|50|51|52|53|54|55|56|57|58|59|60|61|62|63|64|65|66|67|68|69|70|71|72|73|74|75|76|77|78|79|80|81|82|83|84|85|86|87|88|89|90|91|92|93|94|95|96|97|98|99|100|101|102,102,1,22,-40.000000,False,False
no_delay,PPG_query_ECG_key_value,103,125,-103|-102|-101|-100|-99|-98|-97|-96|-95|-94|-93|-92|-91|-90|-89|-88|-87|-86|-85|-84|-83|-82|-81|-80|-79|-78|-77|-76|-75|-74|-73|-72|-71|-70|-69|-68|-67|-66|-65|-64|-63|-62|-61|-60|-59|-58|-57|-56|-55|-54|-53|-52|-51|-50|-49|-48|-47|-46|-45|-44|-43|-42|-41|-40|-39|-38|-37|-36|-35|-34|-33|-32|-31|-30|-29|-28|-27|-26|-25|-24|-23|-22|-21|-20|-19|-18|-17|-16|-15|-14|-13|-12|-11|-10|-9|-8|-7|-6|-5|-4|-3|-2|-1|0|1|2|3|4|5|6|7|8|9|10|11|12|13|14|15|16|17|18|19|20|21,0|1|1|2|2|3|3|4|4|5|5|6|6|7|7|8|8|9|9|10|10|11|11|12|12|13|13|14|14|15|15|16|16|17|17|18|18|19|19|20|20|21|21|22|23|24|25|26|27|28|29|30|31|32|33|34|35|36|37|38|39|40|41|42|43|44|45|46|47|48|49|50|51|52|53|54|55|56|57|58|59|60|61|62|63|64|65|66|67|68|69|70|71|72|73|74|75|76|77|78|79|80|81|82|83|84|85|86|87|88|89|90|91|92|93|94|95|96|97|98|99|100|101|102|103,103,1,21,-41.000000,False,False
no_delay,PPG_query_ECG_key_value,104,125,-104|-103|-102|-101|-100|-99|-98|-97|-96|-95|-94|-93|-92|-91|-90|-89|-88|-87|-86|-85|-84|-83|-82|-81|-80|-79|-78|-77|-76|-75|-74|-73|-72|-71|-70|-69|-68|-67|-66|-65|-64|-63|-62|-61|-60|-59|-58|-57|-56|-55|-54|-53|-52|-51|-50|-49|-48|-47|-46|-45|-44|-43|-42|-41|-40|-39|-38|-37|-36|-35|-34|-33|-32|-31|-30|-29|-28|-27|-26|-25|-24|-23|-22|-21|-20|-19|-18|-17|-16|-15|-14|-13|-12|-11|-10|-9|-8|-7|-6|-5|-4|-3|-2|-1|0|1|2|3|4|5|6|7|8|9|10|11|12|13|14|15|16|17|18|19|20,0|1|1|2|2|3|3|4|4|5|5|6|6|7|7|8|8|9|9|10|10|11|11|12|12|13|13|14|14|15|15|16|16|17|17|18|18|19|19|20|20|21|22|23|24|25|26|27|28|29|30|31|32|33|34|35|36|37|38|39|40|41|42|43|44|45|46|47|48|49|50|51|52|53|54|55|56|57|58|59|60|61|62|63|64|65|66|67|68|69|70|71|72|73|74|75|76|77|78|79|80|81|82|83|84|85|86|87|88|89|90|91|92|93|94|95|96|97|98|99|100|101|102|103|104,104,1,20,-42.000000,False,False
no_delay,PPG_query_ECG_key_value,105,125,-105|-104|-103|-102|-101|-100|-99|-98|-97|-96|-95|-94|-93|-92|-91|-90|-89|-88|-87|-86|-85|-84|-83|-82|-81|-80|-79|-78|-77|-76|-75|-74|-73|-72|-71|-70|-69|-68|-67|-66|-65|-64|-63|-62|-61|-60|-59|-58|-57|-56|-55|-54|-53|-52|-51|-50|-49|-48|-47|-46|-45|-44|-43|-42|-41|-40|-39|-38|-37|-36|-35|-34|-33|-32|-31|-30|-29|-28|-27|-26|-25|-24|-23|-22|-21|-20|-19|-18|-17|-16|-15|-14|-13|-12|-11|-10|-9|-8|-7|-6|-5|-4|-3|-2|-1|0|1|2|3|4|5|6|7|8|9|10|11|12|13|14|15|16|17|18|19,0|1|1|2|2|3|3|4|4|5|5|6|6|7|7|8|8|9|9|10|10|11|11|12|12|13|13|14|14|15|15|16|16|17|17|18|18|19|19|20|21|22|23|24|25|26|27|28|29|30|31|32|33|34|35|36|37|38|39|40|41|42|43|44|45|46|47|48|49|50|51|52|53|54|55|56|57|58|59|60|61|62|63|64|65|66|67|68|69|70|71|72|73|74|75|76|77|78|79|80|81|82|83|84|85|86|87|88|89|90|91|92|93|94|95|96|97|98|99|100|101|102|103|104|105,105,1,19,-43.000000,False,False
no_delay,PPG_query_ECG_key_value,106,125,-106|-105|-104|-103|-102|-101|-100|-99|-98|-97|-96|-95|-94|-93|-92|-91|-90|-89|-88|-87|-86|-85|-84|-83|-82|-81|-80|-79|-78|-77|-76|-75|-74|-73|-72|-71|-70|-69|-68|-67|-66|-65|-64|-63|-62|-61|-60|-59|-58|-57|-56|-55|-54|-53|-52|-51|-50|-49|-48|-47|-46|-45|-44|-43|-42|-41|-40|-39|-38|-37|-36|-35|-34|-33|-32|-31|-30|-29|-28|-27|-26|-25|-24|-23|-22|-21|-20|-19|-18|-17|-16|-15|-14|-13|-12|-11|-10|-9|-8|-7|-6|-5|-4|-3|-2|-1|0|1|2|3|4|5|6|7|8|9|10|11|12|13|14|15|16|17|18,0|1|1|2|2|3|3|4|4|5|5|6|6|7|7|8|8|9|9|10|10|11|11|12|12|13|13|14|14|15|15|16|16|17|17|18|18|19|20|21|22|23|24|25|26|27|28|29|30|31|32|33|34|35|36|37|38|39|40|41|42|43|44|45|46|47|48|49|50|51|52|53|54|55|56|57|58|59|60|61|62|63|64|65|66|67|68|69|70|71|72|73|74|75|76|77|78|79|80|81|82|83|84|85|86|87|88|89|90|91|92|93|94|95|96|97|98|99|100|101|102|103|104|105|106,106,1,18,-44.000000,False,False
no_delay,PPG_query_ECG_key_value,107,125,-107|-106|-105|-104|-103|-102|-101|-100|-99|-98|-97|-96|-95|-94|-93|-92|-91|-90|-89|-88|-87|-86|-85|-84|-83|-82|-81|-80|-79|-78|-77|-76|-75|-74|-73|-72|-71|-70|-69|-68|-67|-66|-65|-64|-63|-62|-61|-60|-59|-58|-57|-56|-55|-54|-53|-52|-51|-50|-49|-48|-47|-46|-45|-44|-43|-42|-41|-40|-39|-38|-37|-36|-35|-34|-33|-32|-31|-30|-29|-28|-27|-26|-25|-24|-23|-22|-21|-20|-19|-18|-17|-16|-15|-14|-13|-12|-11|-10|-9|-8|-7|-6|-5|-4|-3|-2|-1|0|1|2|3|4|5|6|7|8|9|10|11|12|13|14|15|16|17,0|1|1|2|2|3|3|4|4|5|5|6|6|7|7|8|8|9|9|10|10|11|11|12|12|13|13|14|14|15|15|16|16|17|17|18|19|20|21|22|23|24|25|26|27|28|29|30|31|32|33|34|35|36|37|38|39|40|41|42|43|44|45|46|47|48|49|50|51|52|53|54|55|56|57|58|59|60|61|62|63|64|65|66|67|68|69|70|71|72|73|74|75|76|77|78|79|80|81|82|83|84|85|86|87|88|89|90|91|92|93|94|95|96|97|98|99|100|101|102|103|104|105|106|107,107,1,17,-45.000000,False,False
no_delay,PPG_query_ECG_key_value,108,125,-108|-107|-106|-105|-104|-103|-102|-101|-100|-99|-98|-97|-96|-95|-94|-93|-92|-91|-90|-89|-88|-87|-86|-85|-84|-83|-82|-81|-80|-79|-78|-77|-76|-75|-74|-73|-72|-71|-70|-69|-68|-67|-66|-65|-64|-63|-62|-61|-60|-59|-58|-57|-56|-55|-54|-53|-52|-51|-50|-49|-48|-47|-46|-45|-44|-43|-42|-41|-40|-39|-38|-37|-36|-35|-34|-33|-32|-31|-30|-29|-28|-27|-26|-25|-24|-23|-22|-21|-20|-19|-18|-17|-16|-15|-14|-13|-12|-11|-10|-9|-8|-7|-6|-5|-4|-3|-2|-1|0|1|2|3|4|5|6|7|8|9|10|11|12|13|14|15|16,0|1|1|2|2|3|3|4|4|5|5|6|6|7|7|8|8|9|9|10|10|11|11|12|12|13|13|14|14|15|15|16|16|17|18|19|20|21|22|23|24|25|26|27|28|29|30|31|32|33|34|35|36|37|38|39|40|41|42|43|44|45|46|47|48|49|50|51|52|53|54|55|56|57|58|59|60|61|62|63|64|65|66|67|68|69|70|71|72|73|74|75|76|77|78|79|80|81|82|83|84|85|86|87|88|89|90|91|92|93|94|95|96|97|98|99|100|101|102|103|104|105|106|107|108,108,1,16,-46.000000,False,False
no_delay,PPG_query_ECG_key_value,109,125,-109|-108|-107|-106|-105|-104|-103|-102|-101|-100|-99|-98|-97|-96|-95|-94|-93|-92|-91|-90|-89|-88|-87|-86|-85|-84|-83|-82|-81|-80|-79|-78|-77|-76|-75|-74|-73|-72|-71|-70|-69|-68|-67|-66|-65|-64|-63|-62|-61|-60|-59|-58|-57|-56|-55|-54|-53|-52|-51|-50|-49|-48|-47|-46|-45|-44|-43|-42|-41|-40|-39|-38|-37|-36|-35|-34|-33|-32|-31|-30|-29|-28|-27|-26|-25|-24|-23|-22|-21|-20|-19|-18|-17|-16|-15|-14|-13|-12|-11|-10|-9|-8|-7|-6|-5|-4|-3|-2|-1|0|1|2|3|4|5|6|7|8|9|10|11|12|13|14|15,0|1|1|2|2|3|3|4|4|5|5|6|6|7|7|8|8|9|9|10|10|11|11|12|12|13|13|14|14|15|15|16|17|18|19|20|21|22|23|24|25|26|27|28|29|30|31|32|33|34|35|36|37|38|39|40|41|42|43|44|45|46|47|48|49|50|51|52|53|54|55|56|57|58|59|60|61|62|63|64|65|66|67|68|69|70|71|72|73|74|75|76|77|78|79|80|81|82|83|84|85|86|87|88|89|90|91|92|93|94|95|96|97|98|99|100|101|102|103|104|105|106|107|108|109,109,1,15,-47.000000,False,False
no_delay,PPG_query_ECG_key_value,110,125,-110|-109|-108|-107|-106|-105|-104|-103|-102|-101|-100|-99|-98|-97|-96|-95|-94|-93|-92|-91|-90|-89|-88|-87|-86|-85|-84|-83|-82|-81|-80|-79|-78|-77|-76|-75|-74|-73|-72|-71|-70|-69|-68|-67|-66|-65|-64|-63|-62|-61|-60|-59|-58|-57|-56|-55|-54|-53|-52|-51|-50|-49|-48|-47|-46|-45|-44|-43|-42|-41|-40|-39|-38|-37|-36|-35|-34|-33|-32|-31|-30|-29|-28|-27|-26|-25|-24|-23|-22|-21|-20|-19|-18|-17|-16|-15|-14|-13|-12|-11|-10|-9|-8|-7|-6|-5|-4|-3|-2|-1|0|1|2|3|4|5|6|7|8|9|10|11|12|13|14,0|1|1|2|2|3|3|4|4|5|5|6|6|7|7|8|8|9|9|10|10|11|11|12|12|13|13|14|14|15|16|17|18|19|20|21|22|23|24|25|26|27|28|29|30|31|32|33|34|35|36|37|38|39|40|41|42|43|44|45|46|47|48|49|50|51|52|53|54|55|56|57|58|59|60|61|62|63|64|65|66|67|68|69|70|71|72|73|74|75|76|77|78|79|80|81|82|83|84|85|86|87|88|89|90|91|92|93|94|95|96|97|98|99|100|101|102|103|104|105|106|107|108|109|110,110,1,14,-48.000000,False,False
no_delay,PPG_query_ECG_key_value,111,125,-111|-110|-109|-108|-107|-106|-105|-104|-103|-102|-101|-100|-99|-98|-97|-96|-95|-94|-93|-92|-91|-90|-89|-88|-87|-86|-85|-84|-83|-82|-81|-80|-79|-78|-77|-76|-75|-74|-73|-72|-71|-70|-69|-68|-67|-66|-65|-64|-63|-62|-61|-60|-59|-58|-57|-56|-55|-54|-53|-52|-51|-50|-49|-48|-47|-46|-45|-44|-43|-42|-41|-40|-39|-38|-37|-36|-35|-34|-33|-32|-31|-30|-29|-28|-27|-26|-25|-24|-23|-22|-21|-20|-19|-18|-17|-16|-15|-14|-13|-12|-11|-10|-9|-8|-7|-6|-5|-4|-3|-2|-1|0|1|2|3|4|5|6|7|8|9|10|11|12|13,0|1|1|2|2|3|3|4|4|5|5|6|6|7|7|8|8|9|9|10|10|11|11|12|12|13|13|14|15|16|17|18|19|20|21|22|23|24|25|26|27|28|29|30|31|32|33|34|35|36|37|38|39|40|41|42|43|44|45|46|47|48|49|50|51|52|53|54|55|56|57|58|59|60|61|62|63|64|65|66|67|68|69|70|71|72|73|74|75|76|77|78|79|80|81|82|83|84|85|86|87|88|89|90|91|92|93|94|95|96|97|98|99|100|101|102|103|104|105|106|107|108|109|110|111,111,1,13,-49.000000,False,False
no_delay,PPG_query_ECG_key_value,112,125,-112|-111|-110|-109|-108|-107|-106|-105|-104|-103|-102|-101|-100|-99|-98|-97|-96|-95|-94|-93|-92|-91|-90|-89|-88|-87|-86|-85|-84|-83|-82|-81|-80|-79|-78|-77|-76|-75|-74|-73|-72|-71|-70|-69|-68|-67|-66|-65|-64|-63|-62|-61|-60|-59|-58|-57|-56|-55|-54|-53|-52|-51|-50|-49|-48|-47|-46|-45|-44|-43|-42|-41|-40|-39|-38|-37|-36|-35|-34|-33|-32|-31|-30|-29|-28|-27|-26|-25|-24|-23|-22|-21|-20|-19|-18|-17|-16|-15|-14|-13|-12|-11|-10|-9|-8|-7|-6|-5|-4|-3|-2|-1|0|1|2|3|4|5|6|7|8|9|10|11|12,0|1|1|2|2|3|3|4|4|5|5|6|6|7|7|8|8|9|9|10|10|11|11|12|12|13|14|15|16|17|18|19|20|21|22|23|24|25|26|27|28|29|30|31|32|33|34|35|36|37|38|39|40|41|42|43|44|45|46|47|48|49|50|51|52|53|54|55|56|57|58|59|60|61|62|63|64|65|66|67|68|69|70|71|72|73|74|75|76|77|78|79|80|81|82|83|84|85|86|87|88|89|90|91|92|93|94|95|96|97|98|99|100|101|102|103|104|105|106|107|108|109|110|111|112,112,1,12,-50.000000,False,False
no_delay,PPG_query_ECG_key_value,113,125,-113|-112|-111|-110|-109|-108|-107|-106|-105|-104|-103|-102|-101|-100|-99|-98|-97|-96|-95|-94|-93|-92|-91|-90|-89|-88|-87|-86|-85|-84|-83|-82|-81|-80|-79|-78|-77|-76|-75|-74|-73|-72|-71|-70|-69|-68|-67|-66|-65|-64|-63|-62|-61|-60|-59|-58|-57|-56|-55|-54|-53|-52|-51|-50|-49|-48|-47|-46|-45|-44|-43|-42|-41|-40|-39|-38|-37|-36|-35|-34|-33|-32|-31|-30|-29|-28|-27|-26|-25|-24|-23|-22|-21|-20|-19|-18|-17|-16|-15|-14|-13|-12|-11|-10|-9|-8|-7|-6|-5|-4|-3|-2|-1|0|1|2|3|4|5|6|7|8|9|10|11,0|1|1|2|2|3|3|4|4|5|5|6|6|7|7|8|8|9|9|10|10|11|11|12|13|14|15|16|17|18|19|20|21|22|23|24|25|26|27|28|29|30|31|32|33|34|35|36|37|38|39|40|41|42|43|44|45|46|47|48|49|50|51|52|53|54|55|56|57|58|59|60|61|62|63|64|65|66|67|68|69|70|71|72|73|74|75|76|77|78|79|80|81|82|83|84|85|86|87|88|89|90|91|92|93|94|95|96|97|98|99|100|101|102|103|104|105|106|107|108|109|110|111|112|113,113,1,11,-51.000000,False,False
no_delay,PPG_query_ECG_key_value,114,125,-114|-113|-112|-111|-110|-109|-108|-107|-106|-105|-104|-103|-102|-101|-100|-99|-98|-97|-96|-95|-94|-93|-92|-91|-90|-89|-88|-87|-86|-85|-84|-83|-82|-81|-80|-79|-78|-77|-76|-75|-74|-73|-72|-71|-70|-69|-68|-67|-66|-65|-64|-63|-62|-61|-60|-59|-58|-57|-56|-55|-54|-53|-52|-51|-50|-49|-48|-47|-46|-45|-44|-43|-42|-41|-40|-39|-38|-37|-36|-35|-34|-33|-32|-31|-30|-29|-28|-27|-26|-25|-24|-23|-22|-21|-20|-19|-18|-17|-16|-15|-14|-13|-12|-11|-10|-9|-8|-7|-6|-5|-4|-3|-2|-1|0|1|2|3|4|5|6|7|8|9|10,0|1|1|2|2|3|3|4|4|5|5|6|6|7|7|8|8|9|9|10|10|11|12|13|14|15|16|17|18|19|20|21|22|23|24|25|26|27|28|29|30|31|32|33|34|35|36|37|38|39|40|41|42|43|44|45|46|47|48|49|50|51|52|53|54|55|56|57|58|59|60|61|62|63|64|65|66|67|68|69|70|71|72|73|74|75|76|77|78|79|80|81|82|83|84|85|86|87|88|89|90|91|92|93|94|95|96|97|98|99|100|101|102|103|104|105|106|107|108|109|110|111|112|113|114,114,1,10,-52.000000,False,False
no_delay,PPG_query_ECG_key_value,115,125,-115|-114|-113|-112|-111|-110|-109|-108|-107|-106|-105|-104|-103|-102|-101|-100|-99|-98|-97|-96|-95|-94|-93|-92|-91|-90|-89|-88|-87|-86|-85|-84|-83|-82|-81|-80|-79|-78|-77|-76|-75|-74|-73|-72|-71|-70|-69|-68|-67|-66|-65|-64|-63|-62|-61|-60|-59|-58|-57|-56|-55|-54|-53|-52|-51|-50|-49|-48|-47|-46|-45|-44|-43|-42|-41|-40|-39|-38|-37|-36|-35|-34|-33|-32|-31|-30|-29|-28|-27|-26|-25|-24|-23|-22|-21|-20|-19|-18|-17|-16|-15|-14|-13|-12|-11|-10|-9|-8|-7|-6|-5|-4|-3|-2|-1|0|1|2|3|4|5|6|7|8|9,0|1|1|2|2|3|3|4|4|5|5|6|6|7|7|8|8|9|9|10|11|12|13|14|15|16|17|18|19|20|21|22|23|24|25|26|27|28|29|30|31|32|33|34|35|36|37|38|39|40|41|42|43|44|45|46|47|48|49|50|51|52|53|54|55|56|57|58|59|60|61|62|63|64|65|66|67|68|69|70|71|72|73|74|75|76|77|78|79|80|81|82|83|84|85|86|87|88|89|90|91|92|93|94|95|96|97|98|99|100|101|102|103|104|105|106|107|108|109|110|111|112|113|114|115,115,1,9,-53.000000,False,False
no_delay,PPG_query_ECG_key_value,116,125,-116|-115|-114|-113|-112|-111|-110|-109|-108|-107|-106|-105|-104|-103|-102|-101|-100|-99|-98|-97|-96|-95|-94|-93|-92|-91|-90|-89|-88|-87|-86|-85|-84|-83|-82|-81|-80|-79|-78|-77|-76|-75|-74|-73|-72|-71|-70|-69|-68|-67|-66|-65|-64|-63|-62|-61|-60|-59|-58|-57|-56|-55|-54|-53|-52|-51|-50|-49|-48|-47|-46|-45|-44|-43|-42|-41|-40|-39|-38|-37|-36|-35|-34|-33|-32|-31|-30|-29|-28|-27|-26|-25|-24|-23|-22|-21|-20|-19|-18|-17|-16|-15|-14|-13|-12|-11|-10|-9|-8|-7|-6|-5|-4|-3|-2|-1|0|1|2|3|4|5|6|7|8,0|1|1|2|2|3|3|4|4|5|5|6|6|7|7|8|8|9|10|11|12|13|14|15|16|17|18|19|20|21|22|23|24|25|26|27|28|29|30|31|32|33|34|35|36|37|38|39|40|41|42|43|44|45|46|47|48|49|50|51|52|53|54|55|56|57|58|59|60|61|62|63|64|65|66|67|68|69|70|71|72|73|74|75|76|77|78|79|80|81|82|83|84|85|86|87|88|89|90|91|92|93|94|95|96|97|98|99|100|101|102|103|104|105|106|107|108|109|110|111|112|113|114|115|116,116,1,8,-54.000000,False,False
no_delay,PPG_query_ECG_key_value,117,125,-117|-116|-115|-114|-113|-112|-111|-110|-109|-108|-107|-106|-105|-104|-103|-102|-101|-100|-99|-98|-97|-96|-95|-94|-93|-92|-91|-90|-89|-88|-87|-86|-85|-84|-83|-82|-81|-80|-79|-78|-77|-76|-75|-74|-73|-72|-71|-70|-69|-68|-67|-66|-65|-64|-63|-62|-61|-60|-59|-58|-57|-56|-55|-54|-53|-52|-51|-50|-49|-48|-47|-46|-45|-44|-43|-42|-41|-40|-39|-38|-37|-36|-35|-34|-33|-32|-31|-30|-29|-28|-27|-26|-25|-24|-23|-22|-21|-20|-19|-18|-17|-16|-15|-14|-13|-12|-11|-10|-9|-8|-7|-6|-5|-4|-3|-2|-1|0|1|2|3|4|5|6|7,0|1|1|2|2|3|3|4|4|5|5|6|6|7|7|8|9|10|11|12|13|14|15|16|17|18|19|20|21|22|23|24|25|26|27|28|29|30|31|32|33|34|35|36|37|38|39|40|41|42|43|44|45|46|47|48|49|50|51|52|53|54|55|56|57|58|59|60|61|62|63|64|65|66|67|68|69|70|71|72|73|74|75|76|77|78|79|80|81|82|83|84|85|86|87|88|89|90|91|92|93|94|95|96|97|98|99|100|101|102|103|104|105|106|107|108|109|110|111|112|113|114|115|116|117,117,1,7,-55.000000,False,False
no_delay,PPG_query_ECG_key_value,118,125,-118|-117|-116|-115|-114|-113|-112|-111|-110|-109|-108|-107|-106|-105|-104|-103|-102|-101|-100|-99|-98|-97|-96|-95|-94|-93|-92|-91|-90|-89|-88|-87|-86|-85|-84|-83|-82|-81|-80|-79|-78|-77|-76|-75|-74|-73|-72|-71|-70|-69|-68|-67|-66|-65|-64|-63|-62|-61|-60|-59|-58|-57|-56|-55|-54|-53|-52|-51|-50|-49|-48|-47|-46|-45|-44|-43|-42|-41|-40|-39|-38|-37|-36|-35|-34|-33|-32|-31|-30|-29|-28|-27|-26|-25|-24|-23|-22|-21|-20|-19|-18|-17|-16|-15|-14|-13|-12|-11|-10|-9|-8|-7|-6|-5|-4|-3|-2|-1|0|1|2|3|4|5|6,0|1|1|2|2|3|3|4|4|5|5|6|6|7|8|9|10|11|12|13|14|15|16|17|18|19|20|21|22|23|24|25|26|27|28|29|30|31|32|33|34|35|36|37|38|39|40|41|42|43|44|45|46|47|48|49|50|51|52|53|54|55|56|57|58|59|60|61|62|63|64|65|66|67|68|69|70|71|72|73|74|75|76|77|78|79|80|81|82|83|84|85|86|87|88|89|90|91|92|93|94|95|96|97|98|99|100|101|102|103|104|105|106|107|108|109|110|111|112|113|114|115|116|117|118,118,1,6,-56.000000,False,False
no_delay,PPG_query_ECG_key_value,119,125,-119|-118|-117|-116|-115|-114|-113|-112|-111|-110|-109|-108|-107|-106|-105|-104|-103|-102|-101|-100|-99|-98|-97|-96|-95|-94|-93|-92|-91|-90|-89|-88|-87|-86|-85|-84|-83|-82|-81|-80|-79|-78|-77|-76|-75|-74|-73|-72|-71|-70|-69|-68|-67|-66|-65|-64|-63|-62|-61|-60|-59|-58|-57|-56|-55|-54|-53|-52|-51|-50|-49|-48|-47|-46|-45|-44|-43|-42|-41|-40|-39|-38|-37|-36|-35|-34|-33|-32|-31|-30|-29|-28|-27|-26|-25|-24|-23|-22|-21|-20|-19|-18|-17|-16|-15|-14|-13|-12|-11|-10|-9|-8|-7|-6|-5|-4|-3|-2|-1|0|1|2|3|4|5,0|1|1|2|2|3|3|4|4|5|5|6|7|8|9|10|11|12|13|14|15|16|17|18|19|20|21|22|23|24|25|26|27|28|29|30|31|32|33|34|35|36|37|38|39|40|41|42|43|44|45|46|47|48|49|50|51|52|53|54|55|56|57|58|59|60|61|62|63|64|65|66|67|68|69|70|71|72|73|74|75|76|77|78|79|80|81|82|83|84|85|86|87|88|89|90|91|92|93|94|95|96|97|98|99|100|101|102|103|104|105|106|107|108|109|110|111|112|113|114|115|116|117|118|119,119,1,5,-57.000000,False,False
no_delay,PPG_query_ECG_key_value,120,125,-120|-119|-118|-117|-116|-115|-114|-113|-112|-111|-110|-109|-108|-107|-106|-105|-104|-103|-102|-101|-100|-99|-98|-97|-96|-95|-94|-93|-92|-91|-90|-89|-88|-87|-86|-85|-84|-83|-82|-81|-80|-79|-78|-77|-76|-75|-74|-73|-72|-71|-70|-69|-68|-67|-66|-65|-64|-63|-62|-61|-60|-59|-58|-57|-56|-55|-54|-53|-52|-51|-50|-49|-48|-47|-46|-45|-44|-43|-42|-41|-40|-39|-38|-37|-36|-35|-34|-33|-32|-31|-30|-29|-28|-27|-26|-25|-24|-23|-22|-21|-20|-19|-18|-17|-16|-15|-14|-13|-12|-11|-10|-9|-8|-7|-6|-5|-4|-3|-2|-1|0|1|2|3|4,0|1|1|2|2|3|3|4|4|5|6|7|8|9|10|11|12|13|14|15|16|17|18|19|20|21|22|23|24|25|26|27|28|29|30|31|32|33|34|35|36|37|38|39|40|41|42|43|44|45|46|47|48|49|50|51|52|53|54|55|56|57|58|59|60|61|62|63|64|65|66|67|68|69|70|71|72|73|74|75|76|77|78|79|80|81|82|83|84|85|86|87|88|89|90|91|92|93|94|95|96|97|98|99|100|101|102|103|104|105|106|107|108|109|110|111|112|113|114|115|116|117|118|119|120,120,1,4,-58.000000,False,False
no_delay,PPG_query_ECG_key_value,121,125,-121|-120|-119|-118|-117|-116|-115|-114|-113|-112|-111|-110|-109|-108|-107|-106|-105|-104|-103|-102|-101|-100|-99|-98|-97|-96|-95|-94|-93|-92|-91|-90|-89|-88|-87|-86|-85|-84|-83|-82|-81|-80|-79|-78|-77|-76|-75|-74|-73|-72|-71|-70|-69|-68|-67|-66|-65|-64|-63|-62|-61|-60|-59|-58|-57|-56|-55|-54|-53|-52|-51|-50|-49|-48|-47|-46|-45|-44|-43|-42|-41|-40|-39|-38|-37|-36|-35|-34|-33|-32|-31|-30|-29|-28|-27|-26|-25|-24|-23|-22|-21|-20|-19|-18|-17|-16|-15|-14|-13|-12|-11|-10|-9|-8|-7|-6|-5|-4|-3|-2|-1|0|1|2|3,0|1|1|2|2|3|3|4|5|6|7|8|9|10|11|12|13|14|15|16|17|18|19|20|21|22|23|24|25|26|27|28|29|30|31|32|33|34|35|36|37|38|39|40|41|42|43|44|45|46|47|48|49|50|51|52|53|54|55|56|57|58|59|60|61|62|63|64|65|66|67|68|69|70|71|72|73|74|75|76|77|78|79|80|81|82|83|84|85|86|87|88|89|90|91|92|93|94|95|96|97|98|99|100|101|102|103|104|105|106|107|108|109|110|111|112|113|114|115|116|117|118|119|120|121,121,1,3,-59.000000,False,False
no_delay,PPG_query_ECG_key_value,122,125,-122|-121|-120|-119|-118|-117|-116|-115|-114|-113|-112|-111|-110|-109|-108|-107|-106|-105|-104|-103|-102|-101|-100|-99|-98|-97|-96|-95|-94|-93|-92|-91|-90|-89|-88|-87|-86|-85|-84|-83|-82|-81|-80|-79|-78|-77|-76|-75|-74|-73|-72|-71|-70|-69|-68|-67|-66|-65|-64|-63|-62|-61|-60|-59|-58|-57|-56|-55|-54|-53|-52|-51|-50|-49|-48|-47|-46|-45|-44|-43|-42|-41|-40|-39|-38|-37|-36|-35|-34|-33|-32|-31|-30|-29|-28|-27|-26|-25|-24|-23|-22|-21|-20|-19|-18|-17|-16|-15|-14|-13|-12|-11|-10|-9|-8|-7|-6|-5|-4|-3|-2|-1|0|1|2,0|1|1|2|2|3|4|5|6|7|8|9|10|11|12|13|14|15|16|17|18|19|20|21|22|23|24|25|26|27|28|29|30|31|32|33|34|35|36|37|38|39|40|41|42|43|44|45|46|47|48|49|50|51|52|53|54|55|56|57|58|59|60|61|62|63|64|65|66|67|68|69|70|71|72|73|74|75|76|77|78|79|80|81|82|83|84|85|86|87|88|89|90|91|92|93|94|95|96|97|98|99|100|101|102|103|104|105|106|107|108|109|110|111|112|113|114|115|116|117|118|119|120|121|122,122,1,2,-60.000000,False,False
no_delay,PPG_query_ECG_key_value,123,125,-123|-122|-121|-120|-119|-118|-117|-116|-115|-114|-113|-112|-111|-110|-109|-108|-107|-106|-105|-104|-103|-102|-101|-100|-99|-98|-97|-96|-95|-94|-93|-92|-91|-90|-89|-88|-87|-86|-85|-84|-83|-82|-81|-80|-79|-78|-77|-76|-75|-74|-73|-72|-71|-70|-69|-68|-67|-66|-65|-64|-63|-62|-61|-60|-59|-58|-57|-56|-55|-54|-53|-52|-51|-50|-49|-48|-47|-46|-45|-44|-43|-42|-41|-40|-39|-38|-37|-36|-35|-34|-33|-32|-31|-30|-29|-28|-27|-26|-25|-24|-23|-22|-21|-20|-19|-18|-17|-16|-15|-14|-13|-12|-11|-10|-9|-8|-7|-6|-5|-4|-3|-2|-1|0|1,0|1|1|2|3|4|5|6|7|8|9|10|11|12|13|14|15|16|17|18|19|20|21|22|23|24|25|26|27|28|29|30|31|32|33|34|35|36|37|38|39|40|41|42|43|44|45|46|47|48|49|50|51|52|53|54|55|56|57|58|59|60|61|62|63|64|65|66|67|68|69|70|71|72|73|74|75|76|77|78|79|80|81|82|83|84|85|86|87|88|89|90|91|92|93|94|95|96|97|98|99|100|101|102|103|104|105|106|107|108|109|110|111|112|113|114|115|116|117|118|119|120|121|122|123,123,1,1,-61.000000,False,False
no_delay,PPG_query_ECG_key_value,124,125,-124|-123|-122|-121|-120|-119|-118|-117|-116|-115|-114|-113|-112|-111|-110|-109|-108|-107|-106|-105|-104|-103|-102|-101|-100|-99|-98|-97|-96|-95|-94|-93|-92|-91|-90|-89|-88|-87|-86|-85|-84|-83|-82|-81|-80|-79|-78|-77|-76|-75|-74|-73|-72|-71|-70|-69|-68|-67|-66|-65|-64|-63|-62|-61|-60|-59|-58|-57|-56|-55|-54|-53|-52|-51|-50|-49|-48|-47|-46|-45|-44|-43|-42|-41|-40|-39|-38|-37|-36|-35|-34|-33|-32|-31|-30|-29|-28|-27|-26|-25|-24|-23|-22|-21|-20|-19|-18|-17|-16|-15|-14|-13|-12|-11|-10|-9|-8|-7|-6|-5|-4|-3|-2|-1|0,0|1|2|3|4|5|6|7|8|9|10|11|12|13|14|15|16|17|18|19|20|21|22|23|24|25|26|27|28|29|30|31|32|33|34|35|36|37|38|39|40|41|42|43|44|45|46|47|48|49|50|51|52|53|54|55|56|57|58|59|60|61|62|63|64|65|66|67|68|69|70|71|72|73|74|75|76|77|78|79|80|81|82|83|84|85|86|87|88|89|90|91|92|93|94|95|96|97|98|99|100|101|102|103|104|105|106|107|108|109|110|111|112|113|114|115|116|117|118|119|120|121|122|123|124,124,1,0,-62.000000,False,False
