cohort,point_id,window_id,projection_1,projection_2,method,sample_seed
PulseDB-Vital,1,pulsedb_vital-W0001793,0.248351,1.350890,"PCA of standardized released demographic, SQI, spectral, and pulse-shape summaries",4201
PulseDB-Vital,2,pulsedb_vital-W0063801,0.642455,-0.857299,"PCA of standardized released demographic, SQI, spectral, and pulse-shape summaries",4201
PulseDB-Vital,3,pulsedb_vital-W0084585,0.648786,-0.800395,"PCA of standardized released demographic, SQI, spectral, and pulse-shape summaries",4201
PulseDB-Vital,4,pulsedb_vital-W0193137,1.351002,1.451128,"PCA of standardized released demographic, SQI, spectral, and pulse-shape summaries",4201
PulseDB-Vital,5,pulsedb_vital-W0108092,0.944196,0.543438,"PCA of standardized released demographic, SQI, spectral, and pulse-shape summaries",4201
PulseDB-Vital,6,pulsedb_vital-W0052482,1.156626,1.191663,"PCA of standardized released demographic, SQI, spectral, and pulse-shape summaries",4201
PulseDB-Vital,7,pulsedb_vital-W0208475,0.901250,-0.785901,"PCA of standardized released demographic, SQI, spectral, and pulse-shape summaries",4201
PulseDB-Vital,8,pulsedb_vital-W0016820,0.316654,1.150481,"PCA of standardized released demographic, SQI, spectral, and pulse-shape summaries",4201
PulseDB-Vital,9,pulsedb_vital-W0068572,0.461174,2.344453,"PCA of standardized released demographic, SQI, spectral, and pulse-shape summaries",4201
PulseDB-Vital,10,pulsedb_vital-W0125512,1.076694,0.679847,"PCA of standardized released demographic, SQI, spectral, and pulse-shape summaries",4201
PulseDB-Vital,11,pulsedb_vital-W0215513,2.706307,-1.375802,"PCA of standardized released demographic, SQI, spectral, and pulse-shape summaries",4201
PulseDB-Vital,12,pulsedb_vital-W0208262,0.582224,0.419624,"PCA of standardized released demographic, SQI, spectral, and pulse-shape summaries",4201
PulseDB-Vital,13,pulsedb_vital-W0208322,2.339486,1.661344,"PCA of standardized released demographic, SQI, spectral, and pulse-shape summaries",4201
PulseDB-Vital,14,pulsedb_vital-W0206109,2.036696,-1.083467,"PCA of standardized released demographic, SQI, spectral, and pulse-shape summaries",4201
PulseDB-Vital,15,pulsedb_vital-W0134724,1.605812,-0.902560,"PCA of standardized released demographic, SQI, spectral, and pulse-shape summaries",4201
PulseDB-Vital,16,pulsedb_vital-W0208673,0.869846,-0.327165,"PCA of standardized released demographic, SQI, spectral, and pulse-shape summaries",4201
PulseDB-Vital,17,pulsedb_vital-W0167457,1.412421,-1.707418,"PCA of standardized released demographic, SQI, spectral, and pulse-shape summaries",4201
PulseDB-Vital,18,pulsedb_vital-W0151569,1.971818,0.985444,"PCA of standardized released demographic, SQI, spectral, and pulse-shape summaries",4201
PulseDB-Vital,19,pulsedb_vital-W0182613,0.495291,0.305592,"PCA of standardized released demographic, SQI, spectral, and pulse-shape summaries",4201
PulseDB-Vital,20,pulsedb_vital-W0050403,1.330860,-1.949569,"PCA of standardized released demographic, SQI, spectral, and pulse-shape summaries",4201
PulseDB-Vital,21,pulsedb_vital-W0198798,2.025434,-2.220949,"PCA of standardized released demographic, SQI, spectral, and pulse-shape summaries",4201
PulseDB-Vital,22,pulsedb_vital-W0139910,1.765522,1.231624,"PCA of standardized released demographic, SQI, spectral, and pulse-shape summaries",4201
PulseDB-Vital,23,pulsedb_vital-W0172692,1.968638,-0.037329,"PCA of standardized released demographic, SQI, spectral, and pulse-shape summaries",4201
PulseDB-Vital,24,pulsedb_vital-W0129135,1.581758,-0.590515,"PCA of standardized released demographic, SQI, spectral, and pulse-shape summaries",4201
PulseDB-Vital,25,pulsedb_vital-W0080864,2.615886,-1.327749,"PCA of standardized released demographic, SQI, spectral, and pulse-shape summaries",4201
PulseDB-Vital,26,pulsedb_vital-W0099285,1.819594,0.983497,"PCA of standardized released demographic, SQI, spectral, and pulse-shape summaries",4201
PulseDB-Vital,27,pulsedb_vital-W0096388,2.523691,-1.516637,"PCA of standardized released demographic, SQI, spectral, and pulse-shape summaries",4201
PulseDB-Vital,28,pulsedb_vital-W0200605,1.091588,0.121930,"PCA of standardized released demographic, SQI, spectral, and pulse-shape summaries",4201
PulseDB-Vital,29,pulsedb_vital-W0072723,1.809466,-0.646195,"PCA of standardized released demographic, SQI, spectral, and pulse-shape summaries",4201
PulseDB-Vital,30,pulsedb_vital-W0104329,1.276040,2.096173,"PCA of standardized released demographic, SQI, spectral, and pulse-shape summaries",4201
PulseDB-Vital,31,pulsedb_vital-W0057254,0.533091,-0.921156,"PCA of standardized released demographic, SQI, spectral, and pulse-shape summaries",4201
PulseDB-Vital,32,pulsedb_vital-W0160970,1.072966,1.916674,"PCA of standardized released demographic, SQI, spectral, and pulse-shape summaries",4201
PulseDB-Vital,33,pulsedb_vital-W0188986,0.793224,-0.177378,"PCA of standardized released demographic, SQI, spectral, and pulse-shape summaries",4201
PulseDB-Vital,34,pulsedb_vital-W0091825,1.026392,-0.265737,"PCA of standardized released demographic, SQI, spectral, and pulse-shape summaries",4201
PulseDB-Vital,35,pulsedb_vital-W0054911,1.586241,0.281355,"PCA of standardized released demographic, SQI, spectral, and pulse-shape summaries",4201
PulseDB-Vital,36,pulsedb_vital-W0134439,0.681162,-0.972997,"PCA of standardized released demographic, SQI, spectral, and pulse-shape summaries",4201
PulseDB-Vital,37,pulsedb_vital-W0111960,1.203975,1.051842,"PCA of standardized released demographic, SQI, spectral, and pulse-shape summaries",4201
PulseDB-Vital,38,pulsedb_vital-W0119110,2.018786,0.083469,"PCA of standardized released demographic, SQI, spectral, and pulse-shape summaries",4201
PulseDB-Vital,39,pulsedb_vital-W0099071,1.948229,-2.251251,"PCA of standardized released demographic, SQI, spectral, and pulse-shape summaries",4201
PulseDB-Vital,40,pulsedb_vital-W0019651,1.427253,0.295922,"PCA of standardized released demographic, SQI, spectral, and pulse-shape summaries",4201
PulseDB-Vital,41,pulsedb_vital-W0016870,1.862658,1.696973,"PCA of standardized released demographic, SQI, spectral, and pulse-shape summaries",4201
PulseDB-Vital,42,pulsedb_vital-W0118047,2.090638,0.306772,"PCA of standardized released demographic, SQI, spectral, and pulse-shape summaries",4201
PulseDB-Vital,43,pulsedb_vital-W0072296,1.879840,2.273408,"PCA of standardized released demographic, SQI, spectral, and pulse-shape summaries",4201
PulseDB-Vital,44,pulsedb_vital-W0180812,1.440621,0.088466,"PCA of standardized released demographic, SQI, spectral, and pulse-shape summaries",4201
PulseDB-Vital,45,pulsedb_vital-W0144328,0.130107,2.321167,"PCA of standardized released demographic, SQI, spectral, and pulse-shape summaries",4201
PulseDB-Vital,46,pulsedb_vital-W0183455,1.543264,2.704374,"PCA of standardized released demographic, SQI, spectral, and pulse-shape summaries",4201
PulseDB-Vital,47,pulsedb_vital-W0203389,2.773430,-1.311347,"PCA of standardized released demographic, SQI, spectral, and pulse-shape summaries",4201
PulseDB-Vital,48,pulsedb_vital-W0086440,1.546376,1.425853,"PCA of standardized released demographic, SQI, spectral, and pulse-shape summaries",4201
PulseDB-Vital,49,pulsedb_vital-W0177549,1.092605,1.636164,"PCA of standardized released demographic, SQI, spectral, and pulse-shape summaries",4201
PulseDB-Vital,50,pulsedb_vital-W0098863,0.078093,2.475649,"PCA of standardized released demographic, SQI, spectral, and pulse-shape summaries",4201
PulseDB-Vital,51,pulsedb_vital-W0049860,1.323000,0.536805,"PCA of standardized released demographic, SQI, spectral, and pulse-shape summaries",4201
PulseDB-Vital,52,pulsedb_vital-W0122452,1.656916,0.674744,"PCA of standardized released demographic, SQI, spectral, and pulse-shape summaries",4201
PulseDB-Vital,53,pulsedb_vital-W0170816,1.291310,-1.188593,"PCA of standardized released demographic, SQI, spectral, and pulse-shape summaries",4201
PulseDB-Vital,54,pulsedb_vital-W0155939,0.819113,-0.693562,"PCA of standardized released demographic, SQI, spectral, and pulse-shape summaries",4201
PulseDB-Vital,55,pulsedb_vital-W0085940,1.477535,-0.120088,"PCA of standardized released demographic, SQI, spectral, and pulse-shape summaries",4201
PulseDB-Vital,56,pulsedb_vital-W0129535,1.250468,-1.203790,"PCA of standardized released demographic, SQI, spectral, and pulse-shape summaries",4201
PulseDB-Vital,57,pulsedb_vital-W0044355,1.609822,0.079835,"PCA of standardized released demographic, SQI, spectral, and pulse-shape summaries",4201
PulseDB-Vital,58,pulsedb_vital-W0117017,1.572539,0.526173,"PCA of standardized released demographic, SQI, spectral, and pulse-shape summaries",4201
PulseDB-Vital,59,pulsedb_vital-W0000962,1.843722,-0.624008,"PCA of standardized released demographic, SQI, spectral, and pulse-shape summaries",4201
PulseDB-Vital,60,pulsedb_vital-W0129120,1.813720,-0.631410,"PCA of standardized released demographic, SQI, spectral, and pulse-shape summaries",4201
PulseDB-Vital,61,pulsedb_vital-W0129033,2.117339,1.232201,"PCA of standardized released demographic, SQI, spectral, and pulse-shape summaries",4201
PulseDB-Vital,62,pulsedb_vital-W0178832,-0.038100,2.361141,"PCA of standardized released demographic, SQI, spectral, and pulse-shape summaries",4201
PulseDB-Vital,63,pulsedb_vital-W0104070,2.456678,-1.925960,"PCA of standardized released demographic, SQI, spectral, and pulse-shape summaries",4201
PulseDB-Vital,64,pulsedb_vital-W0028998,1.025226,0.420497,"PCA of standardized released demographic, SQI, spectral, and pulse-shape summaries",4201
PulseDB-Vital,65,pulsedb_vital-W0108642,1.605723,2.287017,"PCA of standardized released demographic, SQI, spectral, and pulse-shape summaries",4201
PulseDB-Vital,66,pulsedb_vital-W0167789,1.445590,2.681950,"PCA of standardized released demographic, SQI, spectral, and pulse-shape summaries",4201
PulseDB-Vital,67,pulsedb_vital-W0047554,1.466841,-1.154445,"PCA of standardized released demographic, SQI, spectral, and pulse-shape summaries",4201
PulseDB-Vital,68,pulsedb_vital-W0087467,0.743279,-0.301564,"PCA of standardized released demographic, SQI, spectral, and pulse-shape summaries",4201
PulseDB-Vital,69,pulsedb_vital-W0210706,2.546664,0.071378,"PCA of standardized released demographic, SQI, spectral, and pulse-shape summaries",4201
PulseDB-Vital,70,pulsedb_vital-W0220296,1.652606,-0.251384,"PCA of standardized released demographic, SQI, spectral, and pulse-shape summaries",4201
PulseDB-Vital,71,pulsedb_vital-W0155115,1.309803,0.944430,"PCA of standardized released demographic, SQI, spectral, and pulse-shape summaries",4201
PulseDB-Vital,72,pulsedb_vital-W0074770,1.135179,0.044723,"PCA of standardized released demographic, SQI, spectral, and pulse-shape summaries",4201
PulseDB-Vital,73,pulsedb_vital-W0046598,1.467070,1.505849,"PCA of standardized released demographic, SQI, spectral, and pulse-shape summaries",4201
PulseDB-Vital,74,pulsedb_vital-W0107720,0.568223,0.706942,"PCA of standardized released demographic, SQI, spectral, and pulse-shape summaries",4201
PulseDB-Vital,75,pulsedb_vital-W0017201,2.442465,-1.065043,"PCA of standardized released demographic, SQI, spectral, and pulse-shape summaries",4201
PulseDB-Vital,76,pulsedb_vital-W0062835,0.424017,1.575163,"PCA of standardized released demographic, SQI, spectral, and pulse-shape summaries",4201
PulseDB-Vital,77,pulsedb_vital-W0216172,2.078984,1.927239,"PCA of standardized released demographic, SQI, spectral, and pulse-shape summaries",4201
PulseDB-Vital,78,pulsedb_vital-W0169243,0.452086,2.215444,"PCA of standardized released demographic, SQI, spectral, and pulse-shape summaries",4201
PulseDB-Vital,79,pulsedb_vital-W0166007,1.079708,1.206427,"PCA of standardized released demographic, SQI, spectral, and pulse-shape summaries",4201
PulseDB-Vital,80,pulsedb_vital-W0063885,0.473820,-1.140106,"PCA of standardized released demographic, SQI, spectral, and pulse-shape summaries",4201
PulseDB-Vital,81,pulsedb_vital-W0173748,1.430929,1.094820,"PCA of standardized released demographic, SQI, spectral, and pulse-shape summaries",4201
PulseDB-Vital,82,pulsedb_vital-W0093813,1.314629,1.113931,"PCA of standardized released demographic, SQI, spectral, and pulse-shape summaries",4201
PulseDB-Vital,83,pulsedb_vital-W0204415,2.219661,-2.181006,"PCA of standardized released demographic, SQI, spectral, and pulse-shape summaries",4201
PulseDB-Vital,84,pulsedb_vital-W0147300,1.637311,0.742486,"PCA of standardized released demographic, SQI, spectral, and pulse-shape summaries",4201
PulseDB-Vital,85,pulsedb_vital-W0058002,1.619170,1.452688,"PCA of standardized released demographic, SQI, spectral, and pulse-shape summaries",4201
PulseDB-Vital,86,pulsedb_vital-W0072684,0.913199,-0.540801,"PCA of standardized released demographic, SQI, spectral, and pulse-shape summaries",4201
PulseDB-Vital,87,pulsedb_vital-W0151907,1.834451,-1.543130,"PCA of standardized released demographic, SQI, spectral, and pulse-shape summaries",4201
PulseDB-Vital,88,pulsedb_vital-W0070525,1.663808,-0.232086,"PCA of standardized released demographic, SQI, spectral, and pulse-shape summaries",4201
PulseDB-Vital,89,pulsedb_vital-W0149769,0.832748,1.648429,"PCA of standardized released demographic, SQI, spectral, and pulse-shape summaries",4201
PulseDB-Vital,90,pulsedb_vital-W0075492,1.671582,1.980498,"PCA of standardized released demographic, SQI, spectral, and pulse-shape summaries",4201
PulseDB-Vital,91,pulsedb_vital-W0142396,1.964790,-0.522754,"PCA of standardized released demographic, SQI, spectral, and pulse-shape summaries",4201
PulseDB-Vital,92,pulsedb_vital-W0109240,1.510124,-0.966146,"PCA of standardized released demographic, SQI, spectral, and pulse-shape summaries",4201
PulseDB-Vital,93,pulsedb_vital-W0174377,0.575715,-1.023027,"PCA of standardized released demographic, SQI, spectral, and pulse-shape summaries",4201
PulseDB-Vital,94,pulsedb_vital-W0129478,0.821372,1.822959,"PCA of standardized released demographic, SQI, spectral, and pulse-shape summaries",4201
PulseDB-Vital,95,pulsedb_vital-W0054117,0.684676,1.032292,"PCA of standardized released demographic, SQI, spectral, and pulse-shape summaries",4201
PulseDB-Vital,96,pulsedb_vital-W0055253,1.997510,-0.241979,"PCA of standardized released demographic, SQI, spectral, and pulse-shape summaries",4201
PulseDB-Vital,97,pulsedb_vital-W0217235,0.488629,1.048225,"PCA of standardized released demographic, SQI, spectral, and pulse-shape summaries",4201
PulseDB-Vital,98,pulsedb_vital-W0023713,1.696583,0.812817,"PCA of standardized released demographic, SQI, spectral, and pulse-shape summaries",4201
PulseDB-Vital,99,pulsedb_vital-W0159095,2.269392,-0.211274,"PCA of standardized released demographic, SQI, spectral, and pulse-shape summaries",4201
PulseDB-Vital,100,pulsedb_vital-W0142670,1.133866,0.035184,"PCA of standardized released demographic, SQI, spectral, and pulse-shape summaries",4201
PulseDB-Vital,101,pulsedb_vital-W0182255,2.426522,-0.262869,"PCA of standardized released demographic, SQI, spectral, and pulse-shape summaries",4201
PulseDB-Vital,102,pulsedb_vital-W0057878,1.452554,-0.522056,"PCA of standardized released demographic, SQI, spectral, and pulse-shape summaries",4201
PulseDB-Vital,103,pulsedb_vital-W0163736,1.107826,-0.390903,"PCA of standardized released demographic, SQI, spectral, and pulse-shape summaries",4201
PulseDB-Vital,104,pulsedb_vital-W0169354,1.948938,0.444669,"PCA of standardized released demographic, SQI, spectral, and pulse-shape summaries",4201
PulseDB-Vital,105,pulsedb_vital-W0132162,1.051048,1.088606,"PCA of standardized released demographic, SQI, spectral, and pulse-shape summaries",4201
PulseDB-Vital,106,pulsedb_vital-W0098178,2.009897,0.176621,"PCA of standardized released demographic, SQI, spectral, and pulse-shape summaries",4201
PulseDB-Vital,107,pulsedb_vital-W0178635,1.274732,0.624137,"PCA of standardized released demographic, SQI, spectral, and pulse-shape summaries",4201
PulseDB-Vital,108,pulsedb_vital-W0168808,0.854583,1.636930,"PCA of standardized released demographic, SQI, spectral, and pulse-shape summaries",4201
PulseDB-Vital,109,pulsedb_vital-W0173596,0.673832,-0.188902,"PCA of standardized released demographic, SQI, spectral, and pulse-shape summaries",4201
PulseDB-Vital,110,pulsedb_vital-W0071527,1.530038,0.499573,"PCA of standardized released demographic, SQI, spectral, and pulse-shape summaries",4201
PulseDB-Vital,111,pulsedb_vital-W0151976,1.269108,-0.922218,"PCA of standardized released demographic, SQI, spectral, and pulse-shape summaries",4201
PulseDB-Vital,112,pulsedb_vital-W0141638,-0.354426,1.401149,"PCA of standardized released demographic, SQI, spectral, and pulse-shape summaries",4201
PulseDB-Vital,113,pulsedb_vital-W0059997,0.903335,0.687936,"PCA of standardized released demographic, SQI, spectral, and pulse-shape summaries",4201
PulseDB-Vital,114,pulsedb_vital-W0005273,1.672182,0.483607,"PCA of standardized released demographic, SQI, spectral, and pulse-shape summaries",4201
PulseDB-Vital,115,pulsedb_vital-W0023364,1.310126,0.061269,"PCA of standardized released demographic, SQI, spectral, and pulse-shape summaries",4201
PulseDB-Vital,116,pulsedb_vital-W0150326,1.192509,1.927012,"PCA of standardized released demographic, SQI, spectral, and pulse-shape summaries",4201
PulseDB-Vital,117,pulsedb_vital-W0162523,1.947467,-1.125961,"PCA of standardized released demographic, SQI, spectral, and pulse-shape summaries",4201
PulseDB-Vital,118,pulsedb_vital-W0078718,0.892585,2.142949,"PCA of standardized released demographic, SQI, spectral, and pulse-shape summaries",4201
PulseDB-Vital,119,pulsedb_vital-W0039441,1.983186,0.686333,"PCA of standardized released demographic, SQI, spectral, and pulse-shape summaries",4201
PulseDB-Vital,120,pulsedb_vital-W0034968,2.630763,-0.131705,"PCA of standardized released demographic, SQI, spectral, and pulse-shape summaries",4201
PulseDB-Vital,121,pulsedb_vital-W0151829,1.804804,0.410385,"PCA of standardized released demographic, SQI, spectral, and pulse-shape summaries",4201
PulseDB-Vital,122,pulsedb_vital-W0214248,1.705073,0.427129,"PCA of standardized released demographic, SQI, spectral, and pulse-shape summaries",4201
PulseDB-Vital,123,pulsedb_vital-W0188023,1.632361,-2.991266,"PCA of standardized released demographic, SQI, spectral, and pulse-shape summaries",4201
PulseDB-Vital,124,pulsedb_vital-W0165602,1.446215,1.587082,"PCA of standardized released demographic, SQI, spectral, and pulse-shape summaries",4201
PulseDB-Vital,125,pulsedb_vital-W0014189,1.662528,0.326291,"PCA of standardized released demographic, SQI, spectral, and pulse-shape summaries",4201
PulseDB-Vital,126,pulsedb_vital-W0154576,1.574668,2.841506,"PCA of standardized released demographic, SQI, spectral, and pulse-shape summaries",4201
PulseDB-Vital,127,pulsedb_vital-W0169122,2.243867,0.087833,"PCA of standardized released demographic, SQI, spectral, and pulse-shape summaries",4201
PulseDB-Vital,128,pulsedb_vital-W0157085,1.093721,-0.075274,"PCA of standardized released demographic, SQI, spectral, and pulse-shape summaries",4201
PulseDB-Vital,129,pulsedb_vital-W0214676,0.533395,1.759893,"PCA of standardized released demographic, SQI, spectral, and pulse-shape summaries",4201
PulseDB-Vital,130,pulsedb_vital-W0039033,1.032657,1.853099,"PCA of standardized released demographic, SQI, spectral, and pulse-shape summaries",4201
PulseDB-Vital,131,pulsedb_vital-W0047812,1.345044,1.242751,"PCA of standardized released demographic, SQI, spectral, and pulse-shape summaries",4201
PulseDB-Vital,132,pulsedb_vital-W0196504,2.159632,-1.894379,"PCA of standardized released demographic, SQI, spectral, and pulse-shape summaries",4201
PulseDB-Vital,133,pulsedb_vital-W0081335,0.999569,1.539188,"PCA of standardized released demographic, SQI, spectral, and pulse-shape summaries",4201
PulseDB-Vital,134,pulsedb_vital-W0097541,0.329039,2.321902,"PCA of standardized released demographic, SQI, spectral, and pulse-shape summaries",4201
PulseDB-Vital,135,pulsedb_vital-W0106177,2.054526,-2.613615,"PCA of standardized released demographic, SQI, spectral, and pulse-shape summaries",4201
PulseDB-Vital,136,pulsedb_vital-W0143321,1.165960,-0.568047,"PCA of standardized released demographic, SQI, spectral, and pulse-shape summaries",4201
PulseDB-Vital,137,pulsedb_vital-W0127932,0.958038,1.217232,"PCA of standardized released demographic, SQI, spectral, and pulse-shape summaries",4201
PulseDB-Vital,138,pulsedb_vital-W0216367,1.264294,0.798114,"PCA of standardized released demographic, SQI, spectral, and pulse-shape summaries",4201
PulseDB-Vital,139,pulsedb_vital-W0126864,1.366027,-1.625403,"PCA of standardized released demographic, SQI, spectral, and pulse-shape summaries",4201
PulseDB-Vital,140,pulsedb_vital-W0143725,2.207529,0.278961,"PCA of standardized released demographic, SQI, spectral, and pulse-shape summaries",4201
PulseDB-Vital,141,pulsedb_vital-W0121970,2.389149,1.721038,"PCA of standardized released demographic, SQI, spectral, and pulse-shape summaries",4201
PulseDB-Vital,142,pulsedb_vital-W0191463,0.885435,1.851612,"PCA of standardized released demographic, SQI, spectral, and pulse-shape summaries",4201
PulseDB-Vital,143,pulsedb_vital-W0189806,1.089946,-0.386926,"PCA of standardized released demographic, SQI, spectral, and pulse-shape summaries",4201
PulseDB-Vital,144,pulsedb_vital-W0040022,1.219338,0.573161,"PCA of standardized released demographic, SQI, spectral, and pulse-shape summaries",4201
PulseDB-Vital,145,pulsedb_vital-W0074082,2.120775,2.530433,"PCA of standardized released demographic, SQI, spectral, and pulse-shape summaries",4201
PulseDB-Vital,146,pulsedb_vital-W0118478,0.386285,1.393875,"PCA of standardized released demographic, SQI, spectral, and pulse-shape summaries",4201
PulseDB-Vital,147,pulsedb_vital-W0196840,1.288948,2.489950,"PCA of standardized released demographic, SQI, spectral, and pulse-shape summaries",4201
PulseDB-Vital,148,pulsedb_vital-W0062190,0.865970,-0.264750,"PCA of standardized released demographic, SQI, spectral, and pulse-shape summaries",4201
PulseDB-Vital,149,pulsedb_vital-W0074420,1.437642,1.349455,"PCA of standardized released demographic, SQI, spectral, and pulse-shape summaries",4201
PulseDB-Vital,150,pulsedb_vital-W0221050,1.636337,-1.134373,"PCA of standardized released demographic, SQI, spectral, and pulse-shape summaries",4201
PulseDB-Vital,151,pulsedb_vital-W0189002,1.554323,0.344332,"PCA of standardized released demographic, SQI, spectral, and pulse-shape summaries",4201
PulseDB-Vital,152,pulsedb_vital-W0224447,1.845436,-2.286670,"PCA of standardized released demographic, SQI, spectral, and pulse-shape summaries",4201
PulseDB-Vital,153,pulsedb_vital-W0128613,0.921361,0.005827,"PCA of standardized released demographic, SQI, spectral, and pulse-shape summaries",4201
PulseDB-Vital,154,pulsedb_vital-W0193628,2.040346,-0.168339,"PCA of standardized released demographic, SQI, spectral, and pulse-shape summaries",4201
PulseDB-Vital,155,pulsedb_vital-W0035581,-0.118942,0.597410,"PCA of standardized released demographic, SQI, spectral, and pulse-shape summaries",4201
PulseDB-Vital,156,pulsedb_vital-W0118433,1.387218,0.036326,"PCA of standardized released demographic, SQI, spectral, and pulse-shape summaries",4201
PulseDB-Vital,157,pulsedb_vital-W0146903,1.932208,-0.847078,"PCA of standardized released demographic, SQI, spectral, and pulse-shape summaries",4201
PulseDB-Vital,158,pulsedb_vital-W0001064,1.244549,2.013938,"PCA of standardized released demographic, SQI, spectral, and pulse-shape summaries",4201
PulseDB-Vital,159,pulsedb_vital-W0005404,1.063764,2.180346,"PCA of standardized released demographic, SQI, spectral, and pulse-shape summaries",4201
PulseDB-Vital,160,pulsedb_vital-W0212644,1.416517,-0.818994,"PCA of standardized released demographic, SQI, spectral, and pulse-shape summaries",4201
PulseDB-Vital,161,pulsedb_vital-W0081014,1.375915,-0.243440,"PCA of standardized released demographic, SQI, spectral, and pulse-shape summaries",4201
PulseDB-Vital,162,pulsedb_vital-W0108959,0.281203,1.807393,"PCA of standardized released demographic, SQI, spectral, and pulse-shape summaries",4201
PulseDB-Vital,163,pulsedb_vital-W0042737,0.923008,2.376329,"PCA of standardized released demographic, SQI, spectral, and pulse-shape summaries",4201
PulseDB-Vital,164,pulsedb_vital-W0223875,1.797700,1.602393,"PCA of standardized released demographic, SQI, spectral, and pulse-shape summaries",4201
PulseDB-Vital,165,pulsedb_vital-W0143437,1.171191,0.796194,"PCA of standardized released demographic, SQI, spectral, and pulse-shape summaries",4201
PulseDB-Vital,166,pulsedb_vital-W0152183,1.364332,0.614498,"PCA of standardized released demographic, SQI, spectral, and pulse-shape summaries",4201
PulseDB-Vital,167,pulsedb_vital-W0111216,0.532163,-1.587821,"PCA of standardized released demographic, SQI, spectral, and pulse-shape summaries",4201
PulseDB-Vital,168,pulsedb_vital-W0132988,0.451402,1.221145,"PCA of standardized released demographic, SQI, spectral, and pulse-shape summaries",4201
PulseDB-Vital,169,pulsedb_vital-W0200224,1.841589,2.550758,"PCA of standardized released demographic, SQI, spectral, and pulse-shape summaries",4201
PulseDB-Vital,170,pulsedb_vital-W0189425,0.239253,2.004498,"PCA of standardized released demographic, SQI, spectral, and pulse-shape summaries",4201
PulseDB-Vital,171,pulsedb_vital-W0047053,1.872949,2.751577,"PCA of standardized released demographic, SQI, spectral, and pulse-shape summaries",4201
PulseDB-Vital,172,pulsedb_vital-W0178552,0.584256,-0.878525,"PCA of standardized released demographic, SQI, spectral, and pulse-shape summaries",4201
PulseDB-Vital,173,pulsedb_vital-W0063570,0.945010,2.097334,"PCA of standardized released demographic, SQI, spectral, and pulse-shape summaries",4201
PulseDB-Vital,174,pulsedb_vital-W0012445,2.217014,-1.888128,"PCA of standardized released demographic, SQI, spectral, and pulse-shape summaries",4201
PulseDB-Vital,175,pulsedb_vital-W0046879,1.295947,-0.748324,"PCA of standardized released demographic, SQI, spectral, and pulse-shape summaries",4201
PulseDB-Vital,176,pulsedb_vital-W0102709,1.944166,-0.852729,"PCA of standardized released demographic, SQI, spectral, and pulse-shape summaries",4201
PulseDB-Vital,177,pulsedb_vital-W0188620,2.180112,-1.846275,"PCA of standardized released demographic, SQI, spectral, and pulse-shape summaries",4201
PulseDB-Vital,178,pulsedb_vital-W0130272,1.346769,-1.796377,"PCA of standardized released demographic, SQI, spectral, and pulse-shape summaries",4201
PulseDB-Vital,179,pulsedb_vital-W0048411,1.724295,-0.696772,"PCA of standardized released demographic, SQI, spectral, and pulse-shape summaries",4201
PulseDB-Vital,180,pulsedb_vital-W0071975,0.892464,0.986603,"PCA of standardized released demographic, SQI, spectral, and pulse-shape summaries",4201
PulseDB-Vital,181,pulsedb_vital-W0129484,0.634570,-0.206874,"PCA of standardized released demographic, SQI, spectral, and pulse-shape summaries",4201
PulseDB-Vital,182,pulsedb_vital-W0189277,1.364926,1.852203,"PCA of standardized released demographic, SQI, spectral, and pulse-shape summaries",4201
PulseDB-Vital,183,pulsedb_vital-W0196221,2.393236,0.084104,"PCA of standardized released demographic, SQI, spectral, and pulse-shape summaries",4201
PulseDB-Vital,184,pulsedb_vital-W0097629,1.761523,-0.026850,"PCA of standardized released demographic, SQI, spectral, and pulse-shape summaries",4201
PulseDB-Vital,185,pulsedb_vital-W0015772,2.734358,-1.366423,"PCA of standardized released demographic, SQI, spectral, and pulse-shape summaries",4201
PulseDB-Vital,186,pulsedb_vital-W0026221,1.266012,-2.709359,"PCA of standardized released demographic, SQI, spectral, and pulse-shape summaries",4201
PulseDB-Vital,187,pulsedb_vital-W0049481,1.661971,1.063599,"PCA of standardized released demographic, SQI, spectral, and pulse-shape summaries",4201
PulseDB-Vital,188,pulsedb_vital-W0169435,1.090494,-0.239796,"PCA of standardized released demographic, SQI, spectral, and pulse-shape summaries",4201
PulseDB-Vital,189,pulsedb_vital-W0059579,1.417810,-1.455508,"PCA of standardized released demographic, SQI, spectral, and pulse-shape summaries",4201
PulseDB-Vital,190,pulsedb_vital-W0121777,1.032916,2.081331,"PCA of standardized released demographic, SQI, spectral, and pulse-shape summaries",4201
PulseDB-Vital,191,pulsedb_vital-W0033004,1.823078,-0.480414,"PCA of standardized released demographic, SQI, spectral, and pulse-shape summaries",4201
PulseDB-Vital,192,pulsedb_vital-W0170599,1.621531,-0.077430,"PCA of standardized released demographic, SQI, spectral, and pulse-shape summaries",4201
PulseDB-Vital,193,pulsedb_vital-W0051506,0.426159,-0.000284,"PCA of standardized released demographic, SQI, spectral, and pulse-shape summaries",4201
PulseDB-Vital,194,pulsedb_vital-W0125062,0.736860,0.090951,"PCA of standardized released demographic, SQI, spectral, and pulse-shape summaries",4201
PulseDB-Vital,195,pulsedb_vital-W0072851,1.265013,2.120930,"PCA of standardized released demographic, SQI, spectral, and pulse-shape summaries",4201
PulseDB-Vital,196,pulsedb_vital-W0167868,1.376035,2.196036,"PCA of standardized released demographic, SQI, spectral, and pulse-shape summaries",4201
PulseDB-Vital,197,pulsedb_vital-W0018383,1.811730,-1.867435,"PCA of standardized released demographic, SQI, spectral, and pulse-shape summaries",4201
PulseDB-Vital,198,pulsedb_vital-W0153225,1.137420,0.568811,"PCA of standardized released demographic, SQI, spectral, and pulse-shape summaries",4201
PulseDB-Vital,199,pulsedb_vital-W0170679,2.456721,-1.157696,"PCA of standardized released demographic, SQI, spectral, and pulse-shape summaries",4201
PulseDB-Vital,200,pulsedb_vital-W0156859,1.570702,-0.937228,"PCA of standardized released demographic, SQI, spectral, and pulse-shape summaries",4201
PulseDB-Vital,201,pulsedb_vital-W0079714,2.296217,-0.639530,"PCA of standardized released demographic, SQI, spectral, and pulse-shape summaries",4201
PulseDB-Vital,202,pulsedb_vital-W0198462,2.141228,0.103683,"PCA of standardized released demographic, SQI, spectral, and pulse-shape summaries",4201
PulseDB-Vital,203,pulsedb_vital-W0215733,1.557417,2.961145,"PCA of standardized released demographic, SQI, spectral, and pulse-shape summaries",4201
PulseDB-Vital,204,pulsedb_vital-W0213086,1.699086,0.343232,"PCA of standardized released demographic, SQI, spectral, and pulse-shape summaries",4201
PulseDB-Vital,205,pulsedb_vital-W0128597,0.945522,1.469839,"PCA of standardized released demographic, SQI, spectral, and pulse-shape summaries",4201
PulseDB-Vital,206,pulsedb_vital-W0081444,1.876838,0.880912,"PCA of standardized released demographic, SQI, spectral, and pulse-shape summaries",4201
PulseDB-Vital,207,pulsedb_vital-W0068653,1.126487,-0.834769,"PCA of standardized released demographic, SQI, spectral, and pulse-shape summaries",4201
PulseDB-Vital,208,pulsedb_vital-W0144617,1.905625,-1.200633,"PCA of standardized released demographic, SQI, spectral, and pulse-shape summaries",4201
PulseDB-Vital,209,pulsedb_vital-W0018928,1.976785,-0.823922,"PCA of standardized released demographic, SQI, spectral, and pulse-shape summaries",4201
PulseDB-Vital,210,pulsedb_vital-W0072171,1.266420,1.706803,"PCA of standardized released demographic, SQI, spectral, and pulse-shape summaries",4201
PulseDB-Vital,211,pulsedb_vital-W0123118,0.917892,-0.089195,"PCA of standardized released demographic, SQI, spectral, and pulse-shape summaries",4201
PulseDB-Vital,212,pulsedb_vital-W0051852,0.581778,0.909692,"PCA of standardized released demographic, SQI, spectral, and pulse-shape summaries",4201
PulseDB-Vital,213,pulsedb_vital-W0040479,2.721210,-0.966361,"PCA of standardized released demographic, SQI, spectral, and pulse-shape summaries",4201
PulseDB-Vital,214,pulsedb_vital-W0012585,0.882736,-1.099652,"PCA of standardized released demographic, SQI, spectral, and pulse-shape summaries",4201
PulseDB-Vital,215,pulsedb_vital-W0073671,1.835363,1.380190,"PCA of standardized released demographic, SQI, spectral, and pulse-shape summaries",4201
PulseDB-Vital,216,pulsedb_vital-W0115717,1.341522,-1.986426,"PCA of standardized released demographic, SQI, spectral, and pulse-shape summaries",4201
PulseDB-Vital,217,pulsedb_vital-W0083571,1.053907,2.463682,"PCA of standardized released demographic, SQI, spectral, and pulse-shape summaries",4201
PulseDB-Vital,218,pulsedb_vital-W0039329,1.842258,0.414883,"PCA of standardized released demographic, SQI, spectral, and pulse-shape summaries",4201
PulseDB-Vital,219,pulsedb_vital-W0054885,1.378639,0.963010,"PCA of standardized released demographic, SQI, spectral, and pulse-shape summaries",4201
PulseDB-Vital,220,pulsedb_vital-W0034403,2.341734,0.487034,"PCA of standardized released demographic, SQI, spectral, and pulse-shape summaries",4201
PulseDB-Vital,221,pulsedb_vital-W0159191,1.960197,-1.161742,"PCA of standardized released demographic, SQI, spectral, and pulse-shape summaries",4201
PulseDB-Vital,222,pulsedb_vital-W0054929,0.695002,1.092118,"PCA of standardized released demographic, SQI, spectral, and pulse-shape summaries",4201
PulseDB-Vital,223,pulsedb_vital-W0031289,0.732187,-0.235606,"PCA of standardized released demographic, SQI, spectral, and pulse-shape summaries",4201
PulseDB-Vital,224,pulsedb_vital-W0081826,1.534252,-0.139109,"PCA of standardized released demographic, SQI, spectral, and pulse-shape summaries",4201
PulseDB-Vital,225,pulsedb_vital-W0126353,1.197309,2.988821,"PCA of standardized released demographic, SQI, spectral, and pulse-shape summaries",4201
PulseDB-Vital,226,pulsedb_vital-W0181006,1.858784,0.155300,"PCA of standardized released demographic, SQI, spectral, and pulse-shape summaries",4201
PulseDB-Vital,227,pulsedb_vital-W0000447,2.030340,-0.536063,"PCA of standardized released demographic, SQI, spectral, and pulse-shape summaries",4201
PulseDB-Vital,228,pulsedb_vital-W0196633,2.197297,-1.758714,"PCA of standardized released demographic, SQI, spectral, and pulse-shape summaries",4201
PulseDB-Vital,229,pulsedb_vital-W0084417,2.256655,1.596738,"PCA of standardized released demographic, SQI, spectral, and pulse-shape summaries",4201
PulseDB-Vital,230,pulsedb_vital-W0055007,1.360445,-0.401516,"PCA of standardized released demographic, SQI, spectral, and pulse-shape summaries",4201
PulseDB-MIMIC,1,pulsedb_mimic-W0027250,-1.845778,1.155487,"PCA of standardized released demographic, SQI, spectral, and pulse-shape summaries",4202
PulseDB-MIMIC,2,pulsedb_mimic-W0077495,-1.120343,0.165217,"PCA of standardized released demographic, SQI, spectral, and pulse-shape summaries",4202
PulseDB-MIMIC,3,pulsedb_mimic-W0081018,-1.735378,1.097276,"PCA of standardized released demographic, SQI, spectral, and pulse-shape summaries",4202
PulseDB-MIMIC,4,pulsedb_mimic-W0035999,-1.646125,-0.666316,"PCA of standardized released demographic, SQI, spectral, and pulse-shape summaries",4202
PulseDB-MIMIC,5,pulsedb_mimic-W0163068,-2.395884,0.239948,"PCA of standardized released demographic, SQI, spectral, and pulse-shape summaries",4202
PulseDB-MIMIC,6,pulsedb_mimic-W0089137,-1.701168,1.698491,"PCA of standardized released demographic, SQI, spectral, and pulse-shape summaries",4202
PulseDB-MIMIC,7,pulsedb_mimic-W0137866,-1.041088,-1.670415,"PCA of standardized released demographic, SQI, spectral, and pulse-shape summaries",4202
PulseDB-MIMIC,8,pulsedb_mimic-W0089201,-0.802782,-1.496706,"PCA of standardized released demographic, SQI, spectral, and pulse-shape summaries",4202
PulseDB-MIMIC,9,pulsedb_mimic-W0130138,-1.888179,-0.665408,"PCA of standardized released demographic, SQI, spectral, and pulse-shape summaries",4202
PulseDB-MIMIC,10,pulsedb_mimic-W0157615,-2.564640,2.271589,"PCA of standardized released demographic, SQI, spectral, and pulse-shape summaries",4202
PulseDB-MIMIC,11,pulsedb_mimic-W0036462,-2.471303,-1.677884,"PCA of standardized released demographic, SQI, spectral, and pulse-shape summaries",4202
PulseDB-MIMIC,12,pulsedb_mimic-W0138721,-2.771732,0.751880,"PCA of standardized released demographic, SQI, spectral, and pulse-shape summaries",4202
PulseDB-MIMIC,13,pulsedb_mimic-W0085508,-2.018729,0.055553,"PCA of standardized released demographic, SQI, spectral, and pulse-shape summaries",4202
PulseDB-MIMIC,14,pulsedb_mimic-W0168169,-1.367633,0.110213,"PCA of standardized released demographic, SQI, spectral, and pulse-shape summaries",4202
PulseDB-MIMIC,15,pulsedb_mimic-W0022440,-1.958568,0.101050,"PCA of standardized released demographic, SQI, spectral, and pulse-shape summaries",4202
PulseDB-MIMIC,16,pulsedb_mimic-W0106905,-2.871348,-1.323599,"PCA of standardized released demographic, SQI, spectral, and pulse-shape summaries",4202
PulseDB-MIMIC,17,pulsedb_mimic-W0011749,-2.595458,-0.312487,"PCA of standardized released demographic, SQI, spectral, and pulse-shape summaries",4202
PulseDB-MIMIC,18,pulsedb_mimic-W0195677,-2.214157,0.144613,"PCA of standardized released demographic, SQI, spectral, and pulse-shape summaries",4202
PulseDB-MIMIC,19,pulsedb_mimic-W0079213,-2.490758,-1.216208,"PCA of standardized released demographic, SQI, spectral, and pulse-shape summaries",4202
PulseDB-MIMIC,20,pulsedb_mimic-W0080924,-1.111795,0.632547,"PCA of standardized released demographic, SQI, spectral, and pulse-shape summaries",4202
PulseDB-MIMIC,21,pulsedb_mimic-W0186628,-2.461481,-1.911622,"PCA of standardized released demographic, SQI, spectral, and pulse-shape summaries",4202
PulseDB-MIMIC,22,pulsedb_mimic-W0130589,-0.697643,-1.394981,"PCA of standardized released demographic, SQI, spectral, and pulse-shape summaries",4202
PulseDB-MIMIC,23,pulsedb_mimic-W0104547,-2.505107,1.311699,"PCA of standardized released demographic, SQI, spectral, and pulse-shape summaries",4202
PulseDB-MIMIC,24,pulsedb_mimic-W0053374,-1.288257,-1.212288,"PCA of standardized released demographic, SQI, spectral, and pulse-shape summaries",4202
PulseDB-MIMIC,25,pulsedb_mimic-W0115500,-1.396939,-0.253673,"PCA of standardized released demographic, SQI, spectral, and pulse-shape summaries",4202
PulseDB-MIMIC,26,pulsedb_mimic-W0056167,-2.588225,0.414898,"PCA of standardized released demographic, SQI, spectral, and pulse-shape summaries",4202
PulseDB-MIMIC,27,pulsedb_mimic-W0105084,-2.091251,0.583346,"PCA of standardized released demographic, SQI, spectral, and pulse-shape summaries",4202
PulseDB-MIMIC,28,pulsedb_mimic-W0027459,-0.530954,-0.812385,"PCA of standardized released demographic, SQI, spectral, and pulse-shape summaries",4202
PulseDB-MIMIC,29,pulsedb_mimic-W0157116,-1.892629,2.142345,"PCA of standardized released demographic, SQI, spectral, and pulse-shape summaries",4202
PulseDB-MIMIC,30,pulsedb_mimic-W0149878,-2.740696,0.609470,"PCA of standardized released demographic, SQI, spectral, and pulse-shape summaries",4202
PulseDB-MIMIC,31,pulsedb_mimic-W0131353,-2.486643,0.062280,"PCA of standardized released demographic, SQI, spectral, and pulse-shape summaries",4202
PulseDB-MIMIC,32,pulsedb_mimic-W0004239,-2.412952,0.293449,"PCA of standardized released demographic, SQI, spectral, and pulse-shape summaries",4202
PulseDB-MIMIC,33,pulsedb_mimic-W0074772,-2.064311,0.729222,"PCA of standardized released demographic, SQI, spectral, and pulse-shape summaries",4202
PulseDB-MIMIC,34,pulsedb_mimic-W0083707,-2.061956,-1.707006,"PCA of standardized released demographic, SQI, spectral, and pulse-shape summaries",4202
PulseDB-MIMIC,35,pulsedb_mimic-W0038995,-1.866449,-1.644302,"PCA of standardized released demographic, SQI, spectral, and pulse-shape summaries",4202
PulseDB-MIMIC,36,pulsedb_mimic-W0191762,-1.427898,0.060000,"PCA of standardized released demographic, SQI, spectral, and pulse-shape summaries",4202
PulseDB-MIMIC,37,pulsedb_mimic-W0182906,-2.184345,0.223581,"PCA of standardized released demographic, SQI, spectral, and pulse-shape summaries",4202
PulseDB-MIMIC,38,pulsedb_mimic-W0130381,-2.857737,1.645796,"PCA of standardized released demographic, SQI, spectral, and pulse-shape summaries",4202
PulseDB-MIMIC,39,pulsedb_mimic-W0187156,-2.396614,0.481318,"PCA of standardized released demographic, SQI, spectral, and pulse-shape summaries",4202
PulseDB-MIMIC,40,pulsedb_mimic-W0061981,-2.761856,-0.003793,"PCA of standardized released demographic, SQI, spectral, and pulse-shape summaries",4202
PulseDB-MIMIC,41,pulsedb_mimic-W0093602,-1.899932,-1.142584,"PCA of standardized released demographic, SQI, spectral, and pulse-shape summaries",4202
PulseDB-MIMIC,42,pulsedb_mimic-W0161298,-2.320085,1.637308,"PCA of standardized released demographic, SQI, spectral, and pulse-shape summaries",4202
PulseDB-MIMIC,43,pulsedb_mimic-W0171966,-1.230029,0.005171,"PCA of standardized released demographic, SQI, spectral, and pulse-shape summaries",4202
PulseDB-MIMIC,44,pulsedb_mimic-W0006614,-1.625411,0.975049,"PCA of standardized released demographic, SQI, spectral, and pulse-shape summaries",4202
PulseDB-MIMIC,45,pulsedb_mimic-W0128408,-1.681279,0.073142,"PCA of standardized released demographic, SQI, spectral, and pulse-shape summaries",4202
PulseDB-MIMIC,46,pulsedb_mimic-W0041563,-1.946208,-2.194427,"PCA of standardized released demographic, SQI, spectral, and pulse-shape summaries",4202
PulseDB-MIMIC,47,pulsedb_mimic-W0012050,-2.096645,1.273419,"PCA of standardized released demographic, SQI, spectral, and pulse-shape summaries",4202
PulseDB-MIMIC,48,pulsedb_mimic-W0160759,-2.055953,0.110190,"PCA of standardized released demographic, SQI, spectral, and pulse-shape summaries",4202
PulseDB-MIMIC,49,pulsedb_mimic-W0005004,-1.168776,-0.619624,"PCA of standardized released demographic, SQI, spectral, and pulse-shape summaries",4202
PulseDB-MIMIC,50,pulsedb_mimic-W0045545,-3.125282,1.864482,"PCA of standardized released demographic, SQI, spectral, and pulse-shape summaries",4202
PulseDB-MIMIC,51,pulsedb_mimic-W0013530,-2.288991,0.120761,"PCA of standardized released demographic, SQI, spectral, and pulse-shape summaries",4202
PulseDB-MIMIC,52,pulsedb_mimic-W0024463,-2.615396,-1.034844,"PCA of standardized released demographic, SQI, spectral, and pulse-shape summaries",4202
PulseDB-MIMIC,53,pulsedb_mimic-W0155966,-1.817233,-0.719985,"PCA of standardized released demographic, SQI, spectral, and pulse-shape summaries",4202
PulseDB-MIMIC,54,pulsedb_mimic-W0181258,-3.054087,-0.367696,"PCA of standardized released demographic, SQI, spectral, and pulse-shape summaries",4202
PulseDB-MIMIC,55,pulsedb_mimic-W0129485,-2.030518,1.828543,"PCA of standardized released demographic, SQI, spectral, and pulse-shape summaries",4202
PulseDB-MIMIC,56,pulsedb_mimic-W0174059,-1.293499,0.295713,"PCA of standardized released demographic, SQI, spectral, and pulse-shape summaries",4202
PulseDB-MIMIC,57,pulsedb_mimic-W0176946,-0.745411,-1.739893,"PCA of standardized released demographic, SQI, spectral, and pulse-shape summaries",4202
PulseDB-MIMIC,58,pulsedb_mimic-W0018274,-2.772085,1.457864,"PCA of standardized released demographic, SQI, spectral, and pulse-shape summaries",4202
PulseDB-MIMIC,59,pulsedb_mimic-W0149085,-1.571303,-1.624699,"PCA of standardized released demographic, SQI, spectral, and pulse-shape summaries",4202
PulseDB-MIMIC,60,pulsedb_mimic-W0012781,-1.492107,0.642205,"PCA of standardized released demographic, SQI, spectral, and pulse-shape summaries",4202
PulseDB-MIMIC,61,pulsedb_mimic-W0173700,-2.325926,-1.188660,"PCA of standardized released demographic, SQI, spectral, and pulse-shape summaries",4202
PulseDB-MIMIC,62,pulsedb_mimic-W0022988,-2.414021,1.192283,"PCA of standardized released demographic, SQI, spectral, and pulse-shape summaries",4202
PulseDB-MIMIC,63,pulsedb_mimic-W0138866,-2.969575,0.301285,"PCA of standardized released demographic, SQI, spectral, and pulse-shape summaries",4202
PulseDB-MIMIC,64,pulsedb_mimic-W0040854,-1.471775,-0.717831,"PCA of standardized released demographic, SQI, spectral, and pulse-shape summaries",4202
PulseDB-MIMIC,65,pulsedb_mimic-W0170588,-3.546396,-1.271435,"PCA of standardized released demographic, SQI, spectral, and pulse-shape summaries",4202
PulseDB-MIMIC,66,pulsedb_mimic-W0169025,-0.986284,-3.061789,"PCA of standardized released demographic, SQI, spectral, and pulse-shape summaries",4202
PulseDB-MIMIC,67,pulsedb_mimic-W0144481,-2.412442,1.110451,"PCA of standardized released demographic, SQI, spectral, and pulse-shape summaries",4202
PulseDB-MIMIC,68,pulsedb_mimic-W0051470,-2.679294,0.050564,"PCA of standardized released demographic, SQI, spectral, and pulse-shape summaries",4202
PulseDB-MIMIC,69,pulsedb_mimic-W0197748,-1.341634,0.998204,"PCA of standardized released demographic, SQI, spectral, and pulse-shape summaries",4202
PulseDB-MIMIC,70,pulsedb_mimic-W0139002,-1.846882,-0.448460,"PCA of standardized released demographic, SQI, spectral, and pulse-shape summaries",4202
PulseDB-MIMIC,71,pulsedb_mimic-W0051491,-2.500024,-0.739901,"PCA of standardized released demographic, SQI, spectral, and pulse-shape summaries",4202
PulseDB-MIMIC,72,pulsedb_mimic-W0057870,-0.975287,0.671177,"PCA of standardized released demographic, SQI, spectral, and pulse-shape summaries",4202
PulseDB-MIMIC,73,pulsedb_mimic-W0076270,-0.365279,-0.204470,"PCA of standardized released demographic, SQI, spectral, and pulse-shape summaries",4202
PulseDB-MIMIC,74,pulsedb_mimic-W0099589,-2.154587,-0.341438,"PCA of standardized released demographic, SQI, spectral, and pulse-shape summaries",4202
PulseDB-MIMIC,75,pulsedb_mimic-W0059563,-0.260026,-1.668176,"PCA of standardized released demographic, SQI, spectral, and pulse-shape summaries",4202
PulseDB-MIMIC,76,pulsedb_mimic-W0032076,-2.481868,0.115916,"PCA of standardized released demographic, SQI, spectral, and pulse-shape summaries",4202
PulseDB-MIMIC,77,pulsedb_mimic-W0089337,-3.645455,-0.761324,"PCA of standardized released demographic, SQI, spectral, and pulse-shape summaries",4202
PulseDB-MIMIC,78,pulsedb_mimic-W0115152,-3.035401,-0.515775,"PCA of standardized released demographic, SQI, spectral, and pulse-shape summaries",4202
PulseDB-MIMIC,79,pulsedb_mimic-W0084967,-1.460827,-0.403175,"PCA of standardized released demographic, SQI, spectral, and pulse-shape summaries",4202
PulseDB-MIMIC,80,pulsedb_mimic-W0135590,-2.145504,-1.080905,"PCA of standardized released demographic, SQI, spectral, and pulse-shape summaries",4202
PulseDB-MIMIC,81,pulsedb_mimic-W0183363,-1.824154,1.337590,"PCA of standardized released demographic, SQI, spectral, and pulse-shape summaries",4202
PulseDB-MIMIC,82,pulsedb_mimic-W0170657,-0.556335,0.726795,"PCA of standardized released demographic, SQI, spectral, and pulse-shape summaries",4202
PulseDB-MIMIC,83,pulsedb_mimic-W0081017,-1.650343,-0.004401,"PCA of standardized released demographic, SQI, spectral, and pulse-shape summaries",4202
PulseDB-MIMIC,84,pulsedb_mimic-W0189221,-1.431900,0.314623,"PCA of standardized released demographic, SQI, spectral, and pulse-shape summaries",4202
PulseDB-MIMIC,85,pulsedb_mimic-W0152448,-2.321312,0.137731,"PCA of standardized released demographic, SQI, spectral, and pulse-shape summaries",4202
PulseDB-MIMIC,86,pulsedb_mimic-W0008950,-2.785768,-0.844269,"PCA of standardized released demographic, SQI, spectral, and pulse-shape summaries",4202
PulseDB-MIMIC,87,pulsedb_mimic-W0075480,-2.482135,0.746026,"PCA of standardized released demographic, SQI, spectral, and pulse-shape summaries",4202
PulseDB-MIMIC,88,pulsedb_mimic-W0034962,-1.328001,-1.258504,"PCA of standardized released demographic, SQI, spectral, and pulse-shape summaries",4202
PulseDB-MIMIC,89,pulsedb_mimic-W0085421,-2.580551,-1.617447,"PCA of standardized released demographic, SQI, spectral, and pulse-shape summaries",4202
PulseDB-MIMIC,90,pulsedb_mimic-W0192514,-1.293063,-0.242129,"PCA of standardized released demographic, SQI, spectral, and pulse-shape summaries",4202
PulseDB-MIMIC,91,pulsedb_mimic-W0005118,-3.230696,2.284235,"PCA of standardized released demographic, SQI, spectral, and pulse-shape summaries",4202
PulseDB-MIMIC,92,pulsedb_mimic-W0156534,-0.854042,0.633048,"PCA of standardized released demographic, SQI, spectral, and pulse-shape summaries",4202
PulseDB-MIMIC,93,pulsedb_mimic-W0057307,-1.021471,-1.111810,"PCA of standardized released demographic, SQI, spectral, and pulse-shape summaries",4202
PulseDB-MIMIC,94,pulsedb_mimic-W0000367,-3.394932,-1.098888,"PCA of standardized released demographic, SQI, spectral, and pulse-shape summaries",4202
PulseDB-MIMIC,95,pulsedb_mimic-W0111114,-2.112835,-2.984258,"PCA of standardized released demographic, SQI, spectral, and pulse-shape summaries",4202
PulseDB-MIMIC,96,pulsedb_mimic-W0181016,-1.927562,1.183063,"PCA of standardized released demographic, SQI, spectral, and pulse-shape summaries",4202
PulseDB-MIMIC,97,pulsedb_mimic-W0069895,-2.994232,-1.020667,"PCA of standardized released demographic, SQI, spectral, and pulse-shape summaries",4202
PulseDB-MIMIC,98,pulsedb_mimic-W0040292,-2.822081,-0.747134,"PCA of standardized released demographic, SQI, spectral, and pulse-shape summaries",4202
PulseDB-MIMIC,99,pulsedb_mimic-W0074319,-2.998224,1.755119,"PCA of standardized released demographic, SQI, spectral, and pulse-shape summaries",4202
PulseDB-MIMIC,100,pulsedb_mimic-W0087361,-2.397467,1.683047,"PCA of standardized released demographic, SQI, spectral, and pulse-shape summaries",4202
PulseDB-MIMIC,101,pulsedb_mimic-W0158691,-2.309562,-0.446395,"PCA of standardized released demographic, SQI, spectral, and pulse-shape summaries",4202
PulseDB-MIMIC,102,pulsedb_mimic-W0027021,-2.260032,-1.071891,"PCA of standardized released demographic, SQI, spectral, and pulse-shape summaries",4202
PulseDB-MIMIC,103,pulsedb_mimic-W0115576,-1.963457,-1.759118,"PCA of standardized released demographic, SQI, spectral, and pulse-shape summaries",4202
PulseDB-MIMIC,104,pulsedb_mimic-W0168249,-2.253196,-0.530935,"PCA of standardized released demographic, SQI, spectral, and pulse-shape summaries",4202
PulseDB-MIMIC,105,pulsedb_mimic-W0026355,-2.317253,1.875499,"PCA of standardized released demographic, SQI, spectral, and pulse-shape summaries",4202
PulseDB-MIMIC,106,pulsedb_mimic-W0196527,-1.807499,-0.172265,"PCA of standardized released demographic, SQI, spectral, and pulse-shape summaries",4202
PulseDB-MIMIC,107,pulsedb_mimic-W0099357,-2.754075,-0.085719,"PCA of standardized released demographic, SQI, spectral, and pulse-shape summaries",4202
PulseDB-MIMIC,108,pulsedb_mimic-W0073466,-1.198570,-2.811008,"PCA of standardized released demographic, SQI, spectral, and pulse-shape summaries",4202
PulseDB-MIMIC,109,pulsedb_mimic-W0090748,-1.147366,-1.952411,"PCA of standardized released demographic, SQI, spectral, and pulse-shape summaries",4202
PulseDB-MIMIC,110,pulsedb_mimic-W0142819,-1.730732,-0.928465,"PCA of standardized released demographic, SQI, spectral, and pulse-shape summaries",4202
PulseDB-MIMIC,111,pulsedb_mimic-W0194362,-2.082637,-0.546848,"PCA of standardized released demographic, SQI, spectral, and pulse-shape summaries",4202
PulseDB-MIMIC,112,pulsedb_mimic-W0056001,-1.448809,1.416533,"PCA of standardized released demographic, SQI, spectral, and pulse-shape summaries",4202
PulseDB-MIMIC,113,pulsedb_mimic-W0181477,-2.249239,1.773267,"PCA of standardized released demographic, SQI, spectral, and pulse-shape summaries",4202
PulseDB-MIMIC,114,pulsedb_mimic-W0151739,-2.913719,2.109577,"PCA of standardized released demographic, SQI, spectral, and pulse-shape summaries",4202
PulseDB-MIMIC,115,pulsedb_mimic-W0036142,-0.266703,-0.705666,"PCA of standardized released demographic, SQI, spectral, and pulse-shape summaries",4202
PulseDB-MIMIC,116,pulsedb_mimic-W0124449,-2.108179,0.218525,"PCA of standardized released demographic, SQI, spectral, and pulse-shape summaries",4202
PulseDB-MIMIC,117,pulsedb_mimic-W0128428,-2.415575,0.332627,"PCA of standardized released demographic, SQI, spectral, and pulse-shape summaries",4202
PulseDB-MIMIC,118,pulsedb_mimic-W0148175,-1.826614,-2.121583,"PCA of standardized released demographic, SQI, spectral, and pulse-shape summaries",4202
PulseDB-MIMIC,119,pulsedb_mimic-W0001383,-1.745818,-1.881577,"PCA of standardized released demographic, SQI, spectral, and pulse-shape summaries",4202
PulseDB-MIMIC,120,pulsedb_mimic-W0158238,-1.633556,-0.914922,"PCA of standardized released demographic, SQI, spectral, and pulse-shape summaries",4202
PulseDB-MIMIC,121,pulsedb_mimic-W0114863,-2.472315,-0.155361,"PCA of standardized released demographic, SQI, spectral, and pulse-shape summaries",4202
PulseDB-MIMIC,122,pulsedb_mimic-W0113361,-0.411713,-0.439571,"PCA of standardized released demographic, SQI, spectral, and pulse-shape summaries",4202
PulseDB-MIMIC,123,pulsedb_mimic-W0096341,-1.680485,-1.340780,"PCA of standardized released demographic, SQI, spectral, and pulse-shape summaries",4202
PulseDB-MIMIC,124,pulsedb_mimic-W0176184,-3.080470,0.732318,"PCA of standardized released demographic, SQI, spectral, and pulse-shape summaries",4202
PulseDB-MIMIC,125,pulsedb_mimic-W0085161,-3.581898,0.052025,"PCA of standardized released demographic, SQI, spectral, and pulse-shape summaries",4202
PulseDB-MIMIC,126,pulsedb_mimic-W0073722,-1.623678,-0.131092,"PCA of standardized released demographic, SQI, spectral, and pulse-shape summaries",4202
PulseDB-MIMIC,127,pulsedb_mimic-W0170409,-1.881750,-2.619066,"PCA of standardized released demographic, SQI, spectral, and pulse-shape summaries",4202
PulseDB-MIMIC,128,pulsedb_mimic-W0197859,-1.337941,0.442236,"PCA of standardized released demographic, SQI, spectral, and pulse-shape summaries",4202
PulseDB-MIMIC,129,pulsedb_mimic-W0198434,-1.856813,-1.678184,"PCA of standardized released demographic, SQI, spectral, and pulse-shape summaries",4202
PulseDB-MIMIC,130,pulsedb_mimic-W0080443,-2.246417,-0.327944,"PCA of standardized released demographic, SQI, spectral, and pulse-shape summaries",4202
PulseDB-MIMIC,131,pulsedb_mimic-W0163513,-2.572473,0.808407,"PCA of standardized released demographic, SQI, spectral, and pulse-shape summaries",4202
PulseDB-MIMIC,132,pulsedb_mimic-W0111496,-1.424467,-2.125202,"PCA of standardized released demographic, SQI, spectral, and pulse-shape summaries",4202
PulseDB-MIMIC,133,pulsedb_mimic-W0188793,-2.081506,-2.771614,"PCA of standardized released demographic, SQI, spectral, and pulse-shape summaries",4202
PulseDB-MIMIC,134,pulsedb_mimic-W0144519,-2.679189,1.032134,"PCA of standardized released demographic, SQI, spectral, and pulse-shape summaries",4202
PulseDB-MIMIC,135,pulsedb_mimic-W0150492,-1.219430,0.094748,"PCA of standardized released demographic, SQI, spectral, and pulse-shape summaries",4202
PulseDB-MIMIC,136,pulsedb_mimic-W0108899,-2.002911,-0.853768,"PCA of standardized released demographic, SQI, spectral, and pulse-shape summaries",4202
PulseDB-MIMIC,137,pulsedb_mimic-W0001927,-3.284858,1.279830,"PCA of standardized released demographic, SQI, spectral, and pulse-shape summaries",4202
PulseDB-MIMIC,138,pulsedb_mimic-W0021921,-2.350392,1.321532,"PCA of standardized released demographic, SQI, spectral, and pulse-shape summaries",4202
PulseDB-MIMIC,139,pulsedb_mimic-W0165367,-2.255756,-1.512438,"PCA of standardized released demographic, SQI, spectral, and pulse-shape summaries",4202
PulseDB-MIMIC,140,pulsedb_mimic-W0048161,-2.477662,0.953252,"PCA of standardized released demographic, SQI, spectral, and pulse-shape summaries",4202
PulseDB-MIMIC,141,pulsedb_mimic-W0030415,-1.062385,0.210066,"PCA of standardized released demographic, SQI, spectral, and pulse-shape summaries",4202
PulseDB-MIMIC,142,pulsedb_mimic-W0161943,-0.754010,-0.802061,"PCA of standardized released demographic, SQI, spectral, and pulse-shape summaries",4202
PulseDB-MIMIC,143,pulsedb_mimic-W0082493,-1.225076,-2.978088,"PCA of standardized released demographic, SQI, spectral, and pulse-shape summaries",4202
PulseDB-MIMIC,144,pulsedb_mimic-W0141410,-2.856152,-0.140254,"PCA of standardized released demographic, SQI, spectral, and pulse-shape summaries",4202
PulseDB-MIMIC,145,pulsedb_mimic-W0110432,-3.169042,1.880373,"PCA of standardized released demographic, SQI, spectral, and pulse-shape summaries",4202
PulseDB-MIMIC,146,pulsedb_mimic-W0117428,-3.529154,0.325096,"PCA of standardized released demographic, SQI, spectral, and pulse-shape summaries",4202
PulseDB-MIMIC,147,pulsedb_mimic-W0100280,-1.751238,-0.638034,"PCA of standardized released demographic, SQI, spectral, and pulse-shape summaries",4202
PulseDB-MIMIC,148,pulsedb_mimic-W0139941,-2.483509,0.510870,"PCA of standardized released demographic, SQI, spectral, and pulse-shape summaries",4202
PulseDB-MIMIC,149,pulsedb_mimic-W0013450,-1.533758,-0.705539,"PCA of standardized released demographic, SQI, spectral, and pulse-shape summaries",4202
PulseDB-MIMIC,150,pulsedb_mimic-W0087001,-2.887947,1.299883,"PCA of standardized released demographic, SQI, spectral, and pulse-shape summaries",4202
PulseDB-MIMIC,151,pulsedb_mimic-W0190718,-2.214185,-2.390799,"PCA of standardized released demographic, SQI, spectral, and pulse-shape summaries",4202
PulseDB-MIMIC,152,pulsedb_mimic-W0052679,-1.820743,-1.080424,"PCA of standardized released demographic, SQI, spectral, and pulse-shape summaries",4202
PulseDB-MIMIC,153,pulsedb_mimic-W0109460,-1.874331,-0.729094,"PCA of standardized released demographic, SQI, spectral, and pulse-shape summaries",4202
PulseDB-MIMIC,154,pulsedb_mimic-W0173713,-1.110662,-1.637748,"PCA of standardized released demographic, SQI, spectral, and pulse-shape summaries",4202
PulseDB-MIMIC,155,pulsedb_mimic-W0195628,-2.124273,-0.001855,"PCA of standardized released demographic, SQI, spectral, and pulse-shape summaries",4202
PulseDB-MIMIC,156,pulsedb_mimic-W0109776,-2.274364,-1.398850,"PCA of standardized released demographic, SQI, spectral, and pulse-shape summaries",4202
PulseDB-MIMIC,157,pulsedb_mimic-W0101297,-1.668394,-1.361250,"PCA of standardized released demographic, SQI, spectral, and pulse-shape summaries",4202
PulseDB-MIMIC,158,pulsedb_mimic-W0010856,-2.833319,0.463353,"PCA of standardized released demographic, SQI, spectral, and pulse-shape summaries",4202
PulseDB-MIMIC,159,pulsedb_mimic-W0127321,-2.882854,1.733489,"PCA of standardized released demographic, SQI, spectral, and pulse-shape summaries",4202
PulseDB-MIMIC,160,pulsedb_mimic-W0098552,-2.193083,1.702700,"PCA of standardized released demographic, SQI, spectral, and pulse-shape summaries",4202
PulseDB-MIMIC,161,pulsedb_mimic-W0160216,-2.124117,-1.374078,"PCA of standardized released demographic, SQI, spectral, and pulse-shape summaries",4202
PulseDB-MIMIC,162,pulsedb_mimic-W0172874,0.007590,-1.208097,"PCA of standardized released demographic, SQI, spectral, and pulse-shape summaries",4202
PulseDB-MIMIC,163,pulsedb_mimic-W0129799,-1.852448,1.762782,"PCA of standardized released demographic, SQI, spectral, and pulse-shape summaries",4202
PulseDB-MIMIC,164,pulsedb_mimic-W0094010,-2.247208,1.269978,"PCA of standardized released demographic, SQI, spectral, and pulse-shape summaries",4202
PulseDB-MIMIC,165,pulsedb_mimic-W0188047,-1.238111,-1.465895,"PCA of standardized released demographic, SQI, spectral, and pulse-shape summaries",4202
PulseDB-MIMIC,166,pulsedb_mimic-W0031878,-1.735431,-0.185112,"PCA of standardized released demographic, SQI, spectral, and pulse-shape summaries",4202
PulseDB-MIMIC,167,pulsedb_mimic-W0191077,-2.845079,1.619443,"PCA of standardized released demographic, SQI, spectral, and pulse-shape summaries",4202
PulseDB-MIMIC,168,pulsedb_mimic-W0078190,-1.299321,-1.720477,"PCA of standardized released demographic, SQI, spectral, and pulse-shape summaries",4202
PulseDB-MIMIC,169,pulsedb_mimic-W0139435,-0.814898,1.314174,"PCA of standardized released demographic, SQI, spectral, and pulse-shape summaries",4202
PulseDB-MIMIC,170,pulsedb_mimic-W0018755,-1.838585,-0.452888,"PCA of standardized released demographic, SQI, spectral, and pulse-shape summaries",4202
PulseDB-MIMIC,171,pulsedb_mimic-W0191867,-0.345921,-3.088429,"PCA of standardized released demographic, SQI, spectral, and pulse-shape summaries",4202
PulseDB-MIMIC,172,pulsedb_mimic-W0147379,-1.768574,0.204281,"PCA of standardized released demographic, SQI, spectral, and pulse-shape summaries",4202
PulseDB-MIMIC,173,pulsedb_mimic-W0093210,-2.501138,0.951813,"PCA of standardized released demographic, SQI, spectral, and pulse-shape summaries",4202
PulseDB-MIMIC,174,pulsedb_mimic-W0129016,-2.084311,-0.192883,"PCA of standardized released demographic, SQI, spectral, and pulse-shape summaries",4202
PulseDB-MIMIC,175,pulsedb_mimic-W0086861,-3.498430,0.117935,"PCA of standardized released demographic, SQI, spectral, and pulse-shape summaries",4202
PulseDB-MIMIC,176,pulsedb_mimic-W0183232,-1.739010,0.690553,"PCA of standardized released demographic, SQI, spectral, and pulse-shape summaries",4202
PulseDB-MIMIC,177,pulsedb_mimic-W0088210,-2.065055,0.906208,"PCA of standardized released demographic, SQI, spectral, and pulse-shape summaries",4202
PulseDB-MIMIC,178,pulsedb_mimic-W0045424,-2.054484,1.816542,"PCA of standardized released demographic, SQI, spectral, and pulse-shape summaries",4202
PulseDB-MIMIC,179,pulsedb_mimic-W0082158,-2.542254,0.959525,"PCA of standardized released demographic, SQI, spectral, and pulse-shape summaries",4202
PulseDB-MIMIC,180,pulsedb_mimic-W0138332,-1.582691,0.814117,"PCA of standardized released demographic, SQI, spectral, and pulse-shape summaries",4202
PulseDB-MIMIC,181,pulsedb_mimic-W0162855,-0.842010,-1.387069,"PCA of standardized released demographic, SQI, spectral, and pulse-shape summaries",4202
PulseDB-MIMIC,182,pulsedb_mimic-W0183822,-2.305517,0.208117,"PCA of standardized released demographic, SQI, spectral, and pulse-shape summaries",4202
PulseDB-MIMIC,183,pulsedb_mimic-W0151603,-1.974356,-0.167254,"PCA of standardized released demographic, SQI, spectral, and pulse-shape summaries",4202
PulseDB-MIMIC,184,pulsedb_mimic-W0169854,-2.488460,-1.058604,"PCA of standardized released demographic, SQI, spectral, and pulse-shape summaries",4202
PulseDB-MIMIC,185,pulsedb_mimic-W0055723,-0.639072,-2.145670,"PCA of standardized released demographic, SQI, spectral, and pulse-shape summaries",4202
PulseDB-MIMIC,186,pulsedb_mimic-W0091824,-2.034296,-0.566641,"PCA of standardized released demographic, SQI, spectral, and pulse-shape summaries",4202
PulseDB-MIMIC,187,pulsedb_mimic-W0124979,-1.469896,-2.322484,"PCA of standardized released demographic, SQI, spectral, and pulse-shape summaries",4202
PulseDB-MIMIC,188,pulsedb_mimic-W0177717,-2.796494,-0.733020,"PCA of standardized released demographic, SQI, spectral, and pulse-shape summaries",4202
PulseDB-MIMIC,189,pulsedb_mimic-W0185941,-1.876556,0.205566,"PCA of standardized released demographic, SQI, spectral, and pulse-shape summaries",4202
PulseDB-MIMIC,190,pulsedb_mimic-W0130211,-1.666979,0.910446,"PCA of standardized released demographic, SQI, spectral, and pulse-shape summaries",4202
PulseDB-MIMIC,191,pulsedb_mimic-W0072361,-2.683710,-0.109619,"PCA of standardized released demographic, SQI, spectral, and pulse-shape summaries",4202
PulseDB-MIMIC,192,pulsedb_mimic-W0001468,-1.793939,-0.359957,"PCA of standardized released demographic, SQI, spectral, and pulse-shape summaries",4202
PulseDB-MIMIC,193,pulsedb_mimic-W0020615,-2.863809,1.369084,"PCA of standardized released demographic, SQI, spectral, and pulse-shape summaries",4202
PulseDB-MIMIC,194,pulsedb_mimic-W0033611,-2.098118,0.011168,"PCA of standardized released demographic, SQI, spectral, and pulse-shape summaries",4202
PulseDB-MIMIC,195,pulsedb_mimic-W0003681,-1.355647,0.692853,"PCA of standardized released demographic, SQI, spectral, and pulse-shape summaries",4202
PulseDB-MIMIC,196,pulsedb_mimic-W0117617,-1.263015,-2.213687,"PCA of standardized released demographic, SQI, spectral, and pulse-shape summaries",4202
PulseDB-MIMIC,197,pulsedb_mimic-W0147410,-2.606068,1.453057,"PCA of standardized released demographic, SQI, spectral, and pulse-shape summaries",4202
PulseDB-MIMIC,198,pulsedb_mimic-W0099801,-2.788728,0.557116,"PCA of standardized released demographic, SQI, spectral, and pulse-shape summaries",4202
PulseDB-MIMIC,199,pulsedb_mimic-W0169257,-2.273407,0.144427,"PCA of standardized released demographic, SQI, spectral, and pulse-shape summaries",4202
PulseDB-MIMIC,200,pulsedb_mimic-W0174503,-1.369524,1.057557,"PCA of standardized released demographic, SQI, spectral, and pulse-shape summaries",4202
PulseDB-MIMIC,201,pulsedb_mimic-W0184626,-1.754349,-1.410944,"PCA of standardized released demographic, SQI, spectral, and pulse-shape summaries",4202
PulseDB-MIMIC,202,pulsedb_mimic-W0150228,-1.843135,-0.823032,"PCA of standardized released demographic, SQI, spectral, and pulse-shape summaries",4202
PulseDB-MIMIC,203,pulsedb_mimic-W0036658,-1.534872,1.452415,"PCA of standardized released demographic, SQI, spectral, and pulse-shape summaries",4202
PulseDB-MIMIC,204,pulsedb_mimic-W0159716,-1.428330,-0.756364,"PCA of standardized released demographic, SQI, spectral, and pulse-shape summaries",4202
PulseDB-MIMIC,205,pulsedb_mimic-W0010090,-0.932961,2.857941,"PCA of standardized released demographic, SQI, spectral, and pulse-shape summaries",4202
PulseDB-MIMIC,206,pulsedb_mimic-W0084447,-3.057065,0.474667,"PCA of standardized released demographic, SQI, spectral, and pulse-shape summaries",4202
PulseDB-MIMIC,207,pulsedb_mimic-W0006790,-1.421141,-1.086107,"PCA of standardized released demographic, SQI, spectral, and pulse-shape summaries",4202
PulseDB-MIMIC,208,pulsedb_mimic-W0041239,-2.251176,-1.432833,"PCA of standardized released demographic, SQI, spectral, and pulse-shape summaries",4202
PulseDB-MIMIC,209,pulsedb_mimic-W0023566,-1.269997,-0.223357,"PCA of standardized released demographic, SQI, spectral, and pulse-shape summaries",4202
PulseDB-MIMIC,210,pulsedb_mimic-W0061482,-1.639992,0.978451,"PCA of standardized released demographic, SQI, spectral, and pulse-shape summaries",4202
PulseDB-MIMIC,211,pulsedb_mimic-W0142440,-1.675485,-0.868249,"PCA of standardized released demographic, SQI, spectral, and pulse-shape summaries",4202
PulseDB-MIMIC,212,pulsedb_mimic-W0058088,-2.417237,-1.963501,"PCA of standardized released demographic, SQI, spectral, and pulse-shape summaries",4202
PulseDB-MIMIC,213,pulsedb_mimic-W0191293,-1.945022,0.044459,"PCA of standardized released demographic, SQI, spectral, and pulse-shape summaries",4202
PulseDB-MIMIC,214,pulsedb_mimic-W0169289,-1.846834,-0.686167,"PCA of standardized released demographic, SQI, spectral, and pulse-shape summaries",4202
PulseDB-MIMIC,215,pulsedb_mimic-W0155082,-1.725087,0.812344,"PCA of standardized released demographic, SQI, spectral, and pulse-shape summaries",4202
PulseDB-MIMIC,216,pulsedb_mimic-W0049595,-1.479993,-1.441954,"PCA of standardized released demographic, SQI, spectral, and pulse-shape summaries",4202
PulseDB-MIMIC,217,pulsedb_mimic-W0131836,-2.463274,-0.743250,"PCA of standardized released demographic, SQI, spectral, and pulse-shape summaries",4202
PulseDB-MIMIC,218,pulsedb_mimic-W0100475,-3.344082,-0.919485,"PCA of standardized released demographic, SQI, spectral, and pulse-shape summaries",4202
PulseDB-MIMIC,219,pulsedb_mimic-W0157567,-0.814461,-1.967336,"PCA of standardized released demographic, SQI, spectral, and pulse-shape summaries",4202
PulseDB-MIMIC,220,pulsedb_mimic-W0062697,-1.147917,-3.058579,"PCA of standardized released demographic, SQI, spectral, and pulse-shape summaries",4202
PulseDB-MIMIC,221,pulsedb_mimic-W0097669,-1.717969,-0.967311,"PCA of standardized released demographic, SQI, spectral, and pulse-shape summaries",4202
PulseDB-MIMIC,222,pulsedb_mimic-W0105147,-0.750409,-0.654502,"PCA of standardized released demographic, SQI, spectral, and pulse-shape summaries",4202
PulseDB-MIMIC,223,pulsedb_mimic-W0103455,-3.118570,0.674370,"PCA of standardized released demographic, SQI, spectral, and pulse-shape summaries",4202
PulseDB-MIMIC,224,pulsedb_mimic-W0091427,-1.497266,-1.370762,"PCA of standardized released demographic, SQI, spectral, and pulse-shape summaries",4202
PulseDB-MIMIC,225,pulsedb_mimic-W0054595,-1.356455,-1.867950,"PCA of standardized released demographic, SQI, spectral, and pulse-shape summaries",4202
PulseDB-MIMIC,226,pulsedb_mimic-W0155273,-2.890841,1.377394,"PCA of standardized released demographic, SQI, spectral, and pulse-shape summaries",4202
PulseDB-MIMIC,227,pulsedb_mimic-W0186094,-1.606427,-3.275906,"PCA of standardized released demographic, SQI, spectral, and pulse-shape summaries",4202
PulseDB-MIMIC,228,pulsedb_mimic-W0019111,-1.959941,-1.089255,"PCA of standardized released demographic, SQI, spectral, and pulse-shape summaries",4202
PulseDB-MIMIC,229,pulsedb_mimic-W0114167,-1.597864,-1.582412,"PCA of standardized released demographic, SQI, spectral, and pulse-shape summaries",4202
PulseDB-MIMIC,230,pulsedb_mimic-W0188921,-2.105343,-1.813615,"PCA of standardized released demographic, SQI, spectral, and pulse-shape summaries",4202
MIMIC-BP,1,mimic_bp-W0023484,1.065223,1.474895,"PCA of standardized released demographic, SQI, spectral, and pulse-shape summaries",4203
MIMIC-BP,2,mimic_bp-W0017747,1.224701,-1.819408,"PCA of standardized released demographic, SQI, spectral, and pulse-shape summaries",4203
MIMIC-BP,3,mimic_bp-W0030196,0.020037,0.578947,"PCA of standardized released demographic, SQI, spectral, and pulse-shape summaries",4203
MIMIC-BP,4,mimic_bp-W0015284,1.447181,1.622051,"PCA of standardized released demographic, SQI, spectral, and pulse-shape summaries",4203
MIMIC-BP,5,mimic_bp-W0019011,1.001604,2.337927,"PCA of standardized released demographic, SQI, spectral, and pulse-shape summaries",4203
MIMIC-BP,6,mimic_bp-W0026716,1.432975,0.261320,"PCA of standardized released demographic, SQI, spectral, and pulse-shape summaries",4203
MIMIC-BP,7,mimic_bp-W0034989,0.927573,-1.149729,"PCA of standardized released demographic, SQI, spectral, and pulse-shape summaries",4203
MIMIC-BP,8,mimic_bp-W0025456,0.139033,-0.281684,"PCA of standardized released demographic, SQI, spectral, and pulse-shape summaries",4203
MIMIC-BP,9,mimic_bp-W0033555,0.594014,-1.257061,"PCA of standardized released demographic, SQI, spectral, and pulse-shape summaries",4203
MIMIC-BP,10,mimic_bp-W0007136,0.900410,0.791316,"PCA of standardized released demographic, SQI, spectral, and pulse-shape summaries",4203
MIMIC-BP,11,mimic_bp-W0023720,-0.626352,0.002067,"PCA of standardized released demographic, SQI, spectral, and pulse-shape summaries",4203
MIMIC-BP,12,mimic_bp-W0019284,0.261119,-0.931830,"PCA of standardized released demographic, SQI, spectral, and pulse-shape summaries",4203
MIMIC-BP,13,mimic_bp-W0041951,1.930882,-0.871254,"PCA of standardized released demographic, SQI, spectral, and pulse-shape summaries",4203
MIMIC-BP,14,mimic_bp-W0008629,1.401561,-1.308684,"PCA of standardized released demographic, SQI, spectral, and pulse-shape summaries",4203
MIMIC-BP,15,mimic_bp-W0028315,1.137684,-0.052020,"PCA of standardized released demographic, SQI, spectral, and pulse-shape summaries",4203
MIMIC-BP,16,mimic_bp-W0037205,0.419817,-1.721916,"PCA of standardized released demographic, SQI, spectral, and pulse-shape summaries",4203
MIMIC-BP,17,mimic_bp-W0000146,-0.486494,1.007591,"PCA of standardized released demographic, SQI, spectral, and pulse-shape summaries",4203
MIMIC-BP,18,mimic_bp-W0025859,0.576167,1.090364,"PCA of standardized released demographic, SQI, spectral, and pulse-shape summaries",4203
MIMIC-BP,19,mimic_bp-W0020711,0.147577,1.434796,"PCA of standardized released demographic, SQI, spectral, and pulse-shape summaries",4203
MIMIC-BP,20,mimic_bp-W0032374,1.355532,-1.401138,"PCA of standardized released demographic, SQI, spectral, and pulse-shape summaries",4203
MIMIC-BP,21,mimic_bp-W0035373,0.474622,1.167637,"PCA of standardized released demographic, SQI, spectral, and pulse-shape summaries",4203
MIMIC-BP,22,mimic_bp-W0034732,-0.645831,2.964552,"PCA of standardized released demographic, SQI, spectral, and pulse-shape summaries",4203
MIMIC-BP,23,mimic_bp-W0014609,0.426071,-0.709352,"PCA of standardized released demographic, SQI, spectral, and pulse-shape summaries",4203
MIMIC-BP,24,mimic_bp-W0042320,0.075895,-0.884902,"PCA of standardized released demographic, SQI, spectral, and pulse-shape summaries",4203
MIMIC-BP,25,mimic_bp-W0028974,1.209218,-1.769056,"PCA of standardized released demographic, SQI, spectral, and pulse-shape summaries",4203
MIMIC-BP,26,mimic_bp-W0036383,0.221068,-0.260385,"PCA of standardized released demographic, SQI, spectral, and pulse-shape summaries",4203
MIMIC-BP,27,mimic_bp-W0042594,0.621096,-0.041635,"PCA of standardized released demographic, SQI, spectral, and pulse-shape summaries",4203
MIMIC-BP,28,mimic_bp-W0004424,1.649030,-0.974100,"PCA of standardized released demographic, SQI, spectral, and pulse-shape summaries",4203
MIMIC-BP,29,mimic_bp-W0042242,1.148518,-1.413786,"PCA of standardized released demographic, SQI, spectral, and pulse-shape summaries",4203
MIMIC-BP,30,mimic_bp-W0023494,0.281818,0.982246,"PCA of standardized released demographic, SQI, spectral, and pulse-shape summaries",4203
MIMIC-BP,31,mimic_bp-W0037935,0.715308,-1.178846,"PCA of standardized released demographic, SQI, spectral, and pulse-shape summaries",4203
MIMIC-BP,32,mimic_bp-W0022505,1.168059,1.117904,"PCA of standardized released demographic, SQI, spectral, and pulse-shape summaries",4203
MIMIC-BP,33,mimic_bp-W0038128,0.643153,-2.475140,"PCA of standardized released demographic, SQI, spectral, and pulse-shape summaries",4203
MIMIC-BP,34,mimic_bp-W0006096,0.860777,-1.002758,"PCA of standardized released demographic, SQI, spectral, and pulse-shape summaries",4203
MIMIC-BP,35,mimic_bp-W0013268,-0.848031,-0.531175,"PCA of standardized released demographic, SQI, spectral, and pulse-shape summaries",4203
MIMIC-BP,36,mimic_bp-W0003564,0.997013,0.142919,"PCA of standardized released demographic, SQI, spectral, and pulse-shape summaries",4203
MIMIC-BP,37,mimic_bp-W0014571,0.359077,-0.007034,"PCA of standardized released demographic, SQI, spectral, and pulse-shape summaries",4203
MIMIC-BP,38,mimic_bp-W0010251,0.784264,-0.697468,"PCA of standardized released demographic, SQI, spectral, and pulse-shape summaries",4203
MIMIC-BP,39,mimic_bp-W0032880,0.948889,-0.941113,"PCA of standardized released demographic, SQI, spectral, and pulse-shape summaries",4203
MIMIC-BP,40,mimic_bp-W0001087,0.619372,0.382368,"PCA of standardized released demographic, SQI, spectral, and pulse-shape summaries",4203
MIMIC-BP,41,mimic_bp-W0001599,-0.203453,-0.182154,"PCA of standardized released demographic, SQI, spectral, and pulse-shape summaries",4203
MIMIC-BP,42,mimic_bp-W0032625,0.019618,0.993985,"PCA of standardized released demographic, SQI, spectral, and pulse-shape summaries",4203
MIMIC-BP,43,mimic_bp-W0026043,0.945045,-0.252620,"PCA of standardized released demographic, SQI, spectral, and pulse-shape summaries",4203
MIMIC-BP,44,mimic_bp-W0027843,0.245080,0.748028,"PCA of standardized released demographic, SQI, spectral, and pulse-shape summaries",4203
MIMIC-BP,45,mimic_bp-W0008140,0.412238,0.224173,"PCA of standardized released demographic, SQI, spectral, and pulse-shape summaries",4203
MIMIC-BP,46,mimic_bp-W0021528,0.307473,-0.415324,"PCA of standardized released demographic, SQI, spectral, and pulse-shape summaries",4203
MIMIC-BP,47,mimic_bp-W0017917,0.864229,-1.709927,"PCA of standardized released demographic, SQI, spectral, and pulse-shape summaries",4203
MIMIC-BP,48,mimic_bp-W0020447,1.149486,-0.767736,"PCA of standardized released demographic, SQI, spectral, and pulse-shape summaries",4203
MIMIC-BP,49,mimic_bp-W0008717,0.402197,-0.436331,"PCA of standardized released demographic, SQI, spectral, and pulse-shape summaries",4203
MIMIC-BP,50,mimic_bp-W0016845,1.154590,-2.055166,"PCA of standardized released demographic, SQI, spectral, and pulse-shape summaries",4203
MIMIC-BP,51,mimic_bp-W0041427,0.751842,1.170030,"PCA of standardized released demographic, SQI, spectral, and pulse-shape summaries",4203
MIMIC-BP,52,mimic_bp-W0009540,1.715671,0.359627,"PCA of standardized released demographic, SQI, spectral, and pulse-shape summaries",4203
MIMIC-BP,53,mimic_bp-W0027307,0.090481,1.358921,"PCA of standardized released demographic, SQI, spectral, and pulse-shape summaries",4203
MIMIC-BP,54,mimic_bp-W0026402,0.112232,0.161622,"PCA of standardized released demographic, SQI, spectral, and pulse-shape summaries",4203
MIMIC-BP,55,mimic_bp-W0004053,0.069836,0.128271,"PCA of standardized released demographic, SQI, spectral, and pulse-shape summaries",4203
MIMIC-BP,56,mimic_bp-W0022895,1.392422,-2.359882,"PCA of standardized released demographic, SQI, spectral, and pulse-shape summaries",4203
MIMIC-BP,57,mimic_bp-W0042311,1.069622,2.628081,"PCA of standardized released demographic, SQI, spectral, and pulse-shape summaries",4203
MIMIC-BP,58,mimic_bp-W0038931,1.571465,-1.057978,"PCA of standardized released demographic, SQI, spectral, and pulse-shape summaries",4203
MIMIC-BP,59,mimic_bp-W0006915,1.396222,-0.556610,"PCA of standardized released demographic, SQI, spectral, and pulse-shape summaries",4203
MIMIC-BP,60,mimic_bp-W0024627,0.518439,-0.673856,"PCA of standardized released demographic, SQI, spectral, and pulse-shape summaries",4203
MIMIC-BP,61,mimic_bp-W0022193,0.959668,-0.806918,"PCA of standardized released demographic, SQI, spectral, and pulse-shape summaries",4203
MIMIC-BP,62,mimic_bp-W0042243,-0.847409,0.568097,"PCA of standardized released demographic, SQI, spectral, and pulse-shape summaries",4203
MIMIC-BP,63,mimic_bp-W0012981,-0.614251,1.785537,"PCA of standardized released demographic, SQI, spectral, and pulse-shape summaries",4203
MIMIC-BP,64,mimic_bp-W0029026,1.273261,-0.138743,"PCA of standardized released demographic, SQI, spectral, and pulse-shape summaries",4203
MIMIC-BP,65,mimic_bp-W0026408,0.113910,0.841761,"PCA of standardized released demographic, SQI, spectral, and pulse-shape summaries",4203
MIMIC-BP,66,mimic_bp-W0009244,1.391042,-2.903376,"PCA of standardized released demographic, SQI, spectral, and pulse-shape summaries",4203
MIMIC-BP,67,mimic_bp-W0003329,0.688339,-0.851087,"PCA of standardized released demographic, SQI, spectral, and pulse-shape summaries",4203
MIMIC-BP,68,mimic_bp-W0018883,0.399125,0.148610,"PCA of standardized released demographic, SQI, spectral, and pulse-shape summaries",4203
MIMIC-BP,69,mimic_bp-W0000819,0.833406,-1.306037,"PCA of standardized released demographic, SQI, spectral, and pulse-shape summaries",4203
MIMIC-BP,70,mimic_bp-W0022044,1.036305,0.533208,"PCA of standardized released demographic, SQI, spectral, and pulse-shape summaries",4203
MIMIC-BP,71,mimic_bp-W0004773,0.269763,-0.282422,"PCA of standardized released demographic, SQI, spectral, and pulse-shape summaries",4203
MIMIC-BP,72,mimic_bp-W0009312,0.804695,-1.610065,"PCA of standardized released demographic, SQI, spectral, and pulse-shape summaries",4203
MIMIC-BP,73,mimic_bp-W0013332,0.163653,-0.952128,"PCA of standardized released demographic, SQI, spectral, and pulse-shape summaries",4203
MIMIC-BP,74,mimic_bp-W0015883,-0.494724,-1.261399,"PCA of standardized released demographic, SQI, spectral, and pulse-shape summaries",4203
MIMIC-BP,75,mimic_bp-W0014695,0.840505,-0.134628,"PCA of standardized released demographic, SQI, spectral, and pulse-shape summaries",4203
MIMIC-BP,76,mimic_bp-W0021306,1.322613,-0.262757,"PCA of standardized released demographic, SQI, spectral, and pulse-shape summaries",4203
MIMIC-BP,77,mimic_bp-W0002367,1.140512,-0.181156,"PCA of standardized released demographic, SQI, spectral, and pulse-shape summaries",4203
MIMIC-BP,78,mimic_bp-W0033159,-0.386387,1.498727,"PCA of standardized released demographic, SQI, spectral, and pulse-shape summaries",4203
MIMIC-BP,79,mimic_bp-W0008260,0.669895,0.872007,"PCA of standardized released demographic, SQI, spectral, and pulse-shape summaries",4203
MIMIC-BP,80,mimic_bp-W0022813,1.230951,-1.515292,"PCA of standardized released demographic, SQI, spectral, and pulse-shape summaries",4203
MIMIC-BP,81,mimic_bp-W0016254,1.213490,-0.883549,"PCA of standardized released demographic, SQI, spectral, and pulse-shape summaries",4203
MIMIC-BP,82,mimic_bp-W0026954,-0.347406,0.794481,"PCA of standardized released demographic, SQI, spectral, and pulse-shape summaries",4203
MIMIC-BP,83,mimic_bp-W0007275,1.354109,0.928166,"PCA of standardized released demographic, SQI, spectral, and pulse-shape summaries",4203
MIMIC-BP,84,mimic_bp-W0031499,0.118152,0.885945,"PCA of standardized released demographic, SQI, spectral, and pulse-shape summaries",4203
MIMIC-BP,85,mimic_bp-W0018417,0.073451,-0.948295,"PCA of standardized released demographic, SQI, spectral, and pulse-shape summaries",4203
MIMIC-BP,86,mimic_bp-W0003002,-0.551580,1.093799,"PCA of standardized released demographic, SQI, spectral, and pulse-shape summaries",4203
MIMIC-BP,87,mimic_bp-W0037237,0.534221,0.540390,"PCA of standardized released demographic, SQI, spectral, and pulse-shape summaries",4203
MIMIC-BP,88,mimic_bp-W0014182,2.430161,-0.975666,"PCA of standardized released demographic, SQI, spectral, and pulse-shape summaries",4203
MIMIC-BP,89,mimic_bp-W0014296,-0.397272,1.837611,"PCA of standardized released demographic, SQI, spectral, and pulse-shape summaries",4203
MIMIC-BP,90,mimic_bp-W0011441,0.343893,1.884688,"PCA of standardized released demographic, SQI, spectral, and pulse-shape summaries",4203
MIMIC-BP,91,mimic_bp-W0001873,1.016788,-0.122227,"PCA of standardized released demographic, SQI, spectral, and pulse-shape summaries",4203
MIMIC-BP,92,mimic_bp-W0039696,0.270195,0.358515,"PCA of standardized released demographic, SQI, spectral, and pulse-shape summaries",4203
MIMIC-BP,93,mimic_bp-W0041230,0.911764,-0.602328,"PCA of standardized released demographic, SQI, spectral, and pulse-shape summaries",4203
MIMIC-BP,94,mimic_bp-W0009019,-0.523926,-0.983048,"PCA of standardized released demographic, SQI, spectral, and pulse-shape summaries",4203
MIMIC-BP,95,mimic_bp-W0003864,1.118363,0.214729,"PCA of standardized released demographic, SQI, spectral, and pulse-shape summaries",4203
MIMIC-BP,96,mimic_bp-W0005497,-1.197026,0.725102,"PCA of standardized released demographic, SQI, spectral, and pulse-shape summaries",4203
MIMIC-BP,97,mimic_bp-W0001250,1.165329,-2.368807,"PCA of standardized released demographic, SQI, spectral, and pulse-shape summaries",4203
MIMIC-BP,98,mimic_bp-W0021552,-1.022243,0.247691,"PCA of standardized released demographic, SQI, spectral, and pulse-shape summaries",4203
MIMIC-BP,99,mimic_bp-W0029761,0.725879,-0.306906,"PCA of standardized released demographic, SQI, spectral, and pulse-shape summaries",4203
MIMIC-BP,100,mimic_bp-W0005406,0.518863,1.199270,"PCA of standardized released demographic, SQI, spectral, and pulse-shape summaries",4203
MIMIC-BP,101,mimic_bp-W0019582,1.520617,-1.274453,"PCA of standardized released demographic, SQI, spectral, and pulse-shape summaries",4203
MIMIC-BP,102,mimic_bp-W0024253,0.103314,-2.572005,"PCA of standardized released demographic, SQI, spectral, and pulse-shape summaries",4203
MIMIC-BP,103,mimic_bp-W0040024,-0.525001,1.100916,"PCA of standardized released demographic, SQI, spectral, and pulse-shape summaries",4203
MIMIC-BP,104,mimic_bp-W0026522,-0.009386,-0.702849,"PCA of standardized released demographic, SQI, spectral, and pulse-shape summaries",4203
MIMIC-BP,105,mimic_bp-W0016657,0.636116,-2.271417,"PCA of standardized released demographic, SQI, spectral, and pulse-shape summaries",4203
MIMIC-BP,106,mimic_bp-W0008835,0.328422,0.562539,"PCA of standardized released demographic, SQI, spectral, and pulse-shape summaries",4203
MIMIC-BP,107,mimic_bp-W0040109,0.955985,-0.719496,"PCA of standardized released demographic, SQI, spectral, and pulse-shape summaries",4203
MIMIC-BP,108,mimic_bp-W0022050,1.357949,-1.500470,"PCA of standardized released demographic, SQI, spectral, and pulse-shape summaries",4203
MIMIC-BP,109,mimic_bp-W0021983,1.824494,-0.163576,"PCA of standardized released demographic, SQI, spectral, and pulse-shape summaries",4203
MIMIC-BP,110,mimic_bp-W0039948,0.131359,-0.524611,"PCA of standardized released demographic, SQI, spectral, and pulse-shape summaries",4203
MIMIC-BP,111,mimic_bp-W0022788,0.044367,0.352269,"PCA of standardized released demographic, SQI, spectral, and pulse-shape summaries",4203
MIMIC-BP,112,mimic_bp-W0039580,1.234173,-1.245426,"PCA of standardized released demographic, SQI, spectral, and pulse-shape summaries",4203
MIMIC-BP,113,mimic_bp-W0000357,0.347307,1.365339,"PCA of standardized released demographic, SQI, spectral, and pulse-shape summaries",4203
MIMIC-BP,114,mimic_bp-W0002825,-0.373507,2.928331,"PCA of standardized released demographic, SQI, spectral, and pulse-shape summaries",4203
MIMIC-BP,115,mimic_bp-W0033676,1.598901,0.222675,"PCA of standardized released demographic, SQI, spectral, and pulse-shape summaries",4203
MIMIC-BP,116,mimic_bp-W0033431,1.279565,0.117988,"PCA of standardized released demographic, SQI, spectral, and pulse-shape summaries",4203
MIMIC-BP,117,mimic_bp-W0022537,1.268496,-0.352799,"PCA of standardized released demographic, SQI, spectral, and pulse-shape summaries",4203
MIMIC-BP,118,mimic_bp-W0041051,-0.774098,-0.086118,"PCA of standardized released demographic, SQI, spectral, and pulse-shape summaries",4203
MIMIC-BP,119,mimic_bp-W0041357,0.200613,-1.251771,"PCA of standardized released demographic, SQI, spectral, and pulse-shape summaries",4203
MIMIC-BP,120,mimic_bp-W0026038,0.276399,-2.056492,"PCA of standardized released demographic, SQI, spectral, and pulse-shape summaries",4203
MIMIC-BP,121,mimic_bp-W0026459,0.353730,0.531444,"PCA of standardized released demographic, SQI, spectral, and pulse-shape summaries",4203
MIMIC-BP,122,mimic_bp-W0009203,-0.559441,0.305234,"PCA of standardized released demographic, SQI, spectral, and pulse-shape summaries",4203
MIMIC-BP,123,mimic_bp-W0019866,1.191740,-1.321453,"PCA of standardized released demographic, SQI, spectral, and pulse-shape summaries",4203
MIMIC-BP,124,mimic_bp-W0005543,2.048054,-0.125723,"PCA of standardized released demographic, SQI, spectral, and pulse-shape summaries",4203
MIMIC-BP,125,mimic_bp-W0039214,-0.480139,-1.120765,"PCA of standardized released demographic, SQI, spectral, and pulse-shape summaries",4203
MIMIC-BP,126,mimic_bp-W0040380,1.045139,2.305766,"PCA of standardized released demographic, SQI, spectral, and pulse-shape summaries",4203
MIMIC-BP,127,mimic_bp-W0003878,-0.449978,-1.793615,"PCA of standardized released demographic, SQI, spectral, and pulse-shape summaries",4203
MIMIC-BP,128,mimic_bp-W0019605,0.877751,2.492949,"PCA of standardized released demographic, SQI, spectral, and pulse-shape summaries",4203
MIMIC-BP,129,mimic_bp-W0016370,0.643588,-0.617999,"PCA of standardized released demographic, SQI, spectral, and pulse-shape summaries",4203
MIMIC-BP,130,mimic_bp-W0005502,0.703207,2.231766,"PCA of standardized released demographic, SQI, spectral, and pulse-shape summaries",4203
MIMIC-BP,131,mimic_bp-W0016731,1.881170,-2.703194,"PCA of standardized released demographic, SQI, spectral, and pulse-shape summaries",4203
MIMIC-BP,132,mimic_bp-W0037897,0.588421,-0.031540,"PCA of standardized released demographic, SQI, spectral, and pulse-shape summaries",4203
MIMIC-BP,133,mimic_bp-W0024417,1.125360,1.243177,"PCA of standardized released demographic, SQI, spectral, and pulse-shape summaries",4203
MIMIC-BP,134,mimic_bp-W0031079,1.345313,-0.211855,"PCA of standardized released demographic, SQI, spectral, and pulse-shape summaries",4203
MIMIC-BP,135,mimic_bp-W0040193,0.608809,-0.550586,"PCA of standardized released demographic, SQI, spectral, and pulse-shape summaries",4203
MIMIC-BP,136,mimic_bp-W0018350,0.181314,-0.745707,"PCA of standardized released demographic, SQI, spectral, and pulse-shape summaries",4203
MIMIC-BP,137,mimic_bp-W0020290,0.712098,-1.198588,"PCA of standardized released demographic, SQI, spectral, and pulse-shape summaries",4203
MIMIC-BP,138,mimic_bp-W0034655,1.049086,0.097878,"PCA of standardized released demographic, SQI, spectral, and pulse-shape summaries",4203
MIMIC-BP,139,mimic_bp-W0008991,0.856512,-0.105817,"PCA of standardized released demographic, SQI, spectral, and pulse-shape summaries",4203
MIMIC-BP,140,mimic_bp-W0008981,1.336554,1.318067,"PCA of standardized released demographic, SQI, spectral, and pulse-shape summaries",4203
MIMIC-BP,141,mimic_bp-W0014418,1.827827,-1.494903,"PCA of standardized released demographic, SQI, spectral, and pulse-shape summaries",4203
MIMIC-BP,142,mimic_bp-W0019412,0.363747,0.374477,"PCA of standardized released demographic, SQI, spectral, and pulse-shape summaries",4203
MIMIC-BP,143,mimic_bp-W0025912,1.853666,-0.563703,"PCA of standardized released demographic, SQI, spectral, and pulse-shape summaries",4203
MIMIC-BP,144,mimic_bp-W0013011,0.801087,-0.108908,"PCA of standardized released demographic, SQI, spectral, and pulse-shape summaries",4203
MIMIC-BP,145,mimic_bp-W0042034,0.651542,2.334859,"PCA of standardized released demographic, SQI, spectral, and pulse-shape summaries",4203
MIMIC-BP,146,mimic_bp-W0017394,-0.751672,0.842895,"PCA of standardized released demographic, SQI, spectral, and pulse-shape summaries",4203
MIMIC-BP,147,mimic_bp-W0040657,0.488029,-0.015836,"PCA of standardized released demographic, SQI, spectral, and pulse-shape summaries",4203
MIMIC-BP,148,mimic_bp-W0012121,1.443139,-0.317089,"PCA of standardized released demographic, SQI, spectral, and pulse-shape summaries",4203
MIMIC-BP,149,mimic_bp-W0026238,-0.187038,0.171300,"PCA of standardized released demographic, SQI, spectral, and pulse-shape summaries",4203
MIMIC-BP,150,mimic_bp-W0029728,1.203509,0.596114,"PCA of standardized released demographic, SQI, spectral, and pulse-shape summaries",4203
MIMIC-BP,151,mimic_bp-W0009686,-0.340294,-0.770140,"PCA of standardized released demographic, SQI, spectral, and pulse-shape summaries",4203
MIMIC-BP,152,mimic_bp-W0006697,2.392031,-1.230354,"PCA of standardized released demographic, SQI, spectral, and pulse-shape summaries",4203
MIMIC-BP,153,mimic_bp-W0034943,0.143505,1.119567,"PCA of standardized released demographic, SQI, spectral, and pulse-shape summaries",4203
MIMIC-BP,154,mimic_bp-W0004391,1.653142,-1.364010,"PCA of standardized released demographic, SQI, spectral, and pulse-shape summaries",4203
MIMIC-BP,155,mimic_bp-W0022313,1.016772,-0.878973,"PCA of standardized released demographic, SQI, spectral, and pulse-shape summaries",4203
MIMIC-BP,156,mimic_bp-W0007327,-0.162678,1.521757,"PCA of standardized released demographic, SQI, spectral, and pulse-shape summaries",4203
MIMIC-BP,157,mimic_bp-W0026821,0.039998,-0.669543,"PCA of standardized released demographic, SQI, spectral, and pulse-shape summaries",4203
MIMIC-BP,158,mimic_bp-W0001416,-0.143553,1.461185,"PCA of standardized released demographic, SQI, spectral, and pulse-shape summaries",4203
MIMIC-BP,159,mimic_bp-W0036943,-0.041148,-0.041910,"PCA of standardized released demographic, SQI, spectral, and pulse-shape summaries",4203
MIMIC-BP,160,mimic_bp-W0031745,-0.396514,1.926336,"PCA of standardized released demographic, SQI, spectral, and pulse-shape summaries",4203
MIMIC-BP,161,mimic_bp-W0000134,1.998466,-1.476635,"PCA of standardized released demographic, SQI, spectral, and pulse-shape summaries",4203
MIMIC-BP,162,mimic_bp-W0023914,-1.124002,0.701627,"PCA of standardized released demographic, SQI, spectral, and pulse-shape summaries",4203
MIMIC-BP,163,mimic_bp-W0020938,0.204779,-1.390620,"PCA of standardized released demographic, SQI, spectral, and pulse-shape summaries",4203
MIMIC-BP,164,mimic_bp-W0013660,0.038941,1.064890,"PCA of standardized released demographic, SQI, spectral, and pulse-shape summaries",4203
MIMIC-BP,165,mimic_bp-W0032011,0.887201,-1.432554,"PCA of standardized released demographic, SQI, spectral, and pulse-shape summaries",4203
MIMIC-BP,166,mimic_bp-W0023378,0.219486,-0.483996,"PCA of standardized released demographic, SQI, spectral, and pulse-shape summaries",4203
MIMIC-BP,167,mimic_bp-W0028710,-0.133850,2.193058,"PCA of standardized released demographic, SQI, spectral, and pulse-shape summaries",4203
MIMIC-BP,168,mimic_bp-W0029690,0.629649,-1.213981,"PCA of standardized released demographic, SQI, spectral, and pulse-shape summaries",4203
MIMIC-BP,169,mimic_bp-W0040113,1.642004,-1.333471,"PCA of standardized released demographic, SQI, spectral, and pulse-shape summaries",4203
MIMIC-BP,170,mimic_bp-W0005674,-0.038505,-0.449859,"PCA of standardized released demographic, SQI, spectral, and pulse-shape summaries",4203
MIMIC-BP,171,mimic_bp-W0009823,-0.021023,-0.439863,"PCA of standardized released demographic, SQI, spectral, and pulse-shape summaries",4203
MIMIC-BP,172,mimic_bp-W0040850,1.921247,-0.187005,"PCA of standardized released demographic, SQI, spectral, and pulse-shape summaries",4203
MIMIC-BP,173,mimic_bp-W0004522,0.196611,-2.156250,"PCA of standardized released demographic, SQI, spectral, and pulse-shape summaries",4203
MIMIC-BP,174,mimic_bp-W0030676,-0.791688,2.126901,"PCA of standardized released demographic, SQI, spectral, and pulse-shape summaries",4203
MIMIC-BP,175,mimic_bp-W0006313,1.448200,-0.027630,"PCA of standardized released demographic, SQI, spectral, and pulse-shape summaries",4203
MIMIC-BP,176,mimic_bp-W0020100,0.276332,2.355088,"PCA of standardized released demographic, SQI, spectral, and pulse-shape summaries",4203
MIMIC-BP,177,mimic_bp-W0024076,0.331716,-0.733109,"PCA of standardized released demographic, SQI, spectral, and pulse-shape summaries",4203
MIMIC-BP,178,mimic_bp-W0027506,1.856702,-2.524620,"PCA of standardized released demographic, SQI, spectral, and pulse-shape summaries",4203
MIMIC-BP,179,mimic_bp-W0032957,0.134408,0.963492,"PCA of standardized released demographic, SQI, spectral, and pulse-shape summaries",4203
MIMIC-BP,180,mimic_bp-W0004246,0.519934,1.876005,"PCA of standardized released demographic, SQI, spectral, and pulse-shape summaries",4203
MIMIC-BP,181,mimic_bp-W0015635,0.302237,0.430538,"PCA of standardized released demographic, SQI, spectral, and pulse-shape summaries",4203
MIMIC-BP,182,mimic_bp-W0034367,1.432397,0.270923,"PCA of standardized released demographic, SQI, spectral, and pulse-shape summaries",4203
MIMIC-BP,183,mimic_bp-W0028625,0.525557,-0.551150,"PCA of standardized released demographic, SQI, spectral, and pulse-shape summaries",4203
MIMIC-BP,184,mimic_bp-W0004436,-0.551025,0.131435,"PCA of standardized released demographic, SQI, spectral, and pulse-shape summaries",4203
MIMIC-BP,185,mimic_bp-W0021461,-0.020955,-0.983205,"PCA of standardized released demographic, SQI, spectral, and pulse-shape summaries",4203
MIMIC-BP,186,mimic_bp-W0025774,0.212558,-1.443593,"PCA of standardized released demographic, SQI, spectral, and pulse-shape summaries",4203
MIMIC-BP,187,mimic_bp-W0026516,0.331481,0.070609,"PCA of standardized released demographic, SQI, spectral, and pulse-shape summaries",4203
MIMIC-BP,188,mimic_bp-W0002350,0.777807,1.131062,"PCA of standardized released demographic, SQI, spectral, and pulse-shape summaries",4203
MIMIC-BP,189,mimic_bp-W0031878,-0.039706,-0.259537,"PCA of standardized released demographic, SQI, spectral, and pulse-shape summaries",4203
MIMIC-BP,190,mimic_bp-W0010877,0.108709,-0.984082,"PCA of standardized released demographic, SQI, spectral, and pulse-shape summaries",4203
MIMIC-BP,191,mimic_bp-W0022352,-0.057580,2.673341,"PCA of standardized released demographic, SQI, spectral, and pulse-shape summaries",4203
MIMIC-BP,192,mimic_bp-W0018956,0.397421,-1.650566,"PCA of standardized released demographic, SQI, spectral, and pulse-shape summaries",4203
MIMIC-BP,193,mimic_bp-W0035722,0.215405,1.082358,"PCA of standardized released demographic, SQI, spectral, and pulse-shape summaries",4203
MIMIC-BP,194,mimic_bp-W0024544,1.333380,-1.457728,"PCA of standardized released demographic, SQI, spectral, and pulse-shape summaries",4203
MIMIC-BP,195,mimic_bp-W0003571,-0.534182,0.543483,"PCA of standardized released demographic, SQI, spectral, and pulse-shape summaries",4203
MIMIC-BP,196,mimic_bp-W0007960,1.287047,-0.374634,"PCA of standardized released demographic, SQI, spectral, and pulse-shape summaries",4203
MIMIC-BP,197,mimic_bp-W0005675,-0.050484,0.749066,"PCA of standardized released demographic, SQI, spectral, and pulse-shape summaries",4203
MIMIC-BP,198,mimic_bp-W0025983,0.031234,0.611085,"PCA of standardized released demographic, SQI, spectral, and pulse-shape summaries",4203
MIMIC-BP,199,mimic_bp-W0008765,1.193156,-1.260587,"PCA of standardized released demographic, SQI, spectral, and pulse-shape summaries",4203
MIMIC-BP,200,mimic_bp-W0040084,1.126113,-1.740450,"PCA of standardized released demographic, SQI, spectral, and pulse-shape summaries",4203
MIMIC-BP,201,mimic_bp-W0035334,1.376143,-0.742296,"PCA of standardized released demographic, SQI, spectral, and pulse-shape summaries",4203
MIMIC-BP,202,mimic_bp-W0030766,0.642509,0.133132,"PCA of standardized released demographic, SQI, spectral, and pulse-shape summaries",4203
MIMIC-BP,203,mimic_bp-W0039439,0.225253,1.560880,"PCA of standardized released demographic, SQI, spectral, and pulse-shape summaries",4203
MIMIC-BP,204,mimic_bp-W0017303,-0.340756,2.150172,"PCA of standardized released demographic, SQI, spectral, and pulse-shape summaries",4203
MIMIC-BP,205,mimic_bp-W0018758,-0.505220,1.941070,"PCA of standardized released demographic, SQI, spectral, and pulse-shape summaries",4203
MIMIC-BP,206,mimic_bp-W0017485,1.220660,-2.394275,"PCA of standardized released demographic, SQI, spectral, and pulse-shape summaries",4203
MIMIC-BP,207,mimic_bp-W0011664,0.055393,-1.309751,"PCA of standardized released demographic, SQI, spectral, and pulse-shape summaries",4203
MIMIC-BP,208,mimic_bp-W0001522,1.792307,-0.290978,"PCA of standardized released demographic, SQI, spectral, and pulse-shape summaries",4203
MIMIC-BP,209,mimic_bp-W0037111,-0.084327,-1.600172,"PCA of standardized released demographic, SQI, spectral, and pulse-shape summaries",4203
MIMIC-BP,210,mimic_bp-W0032539,0.663569,-0.256057,"PCA of standardized released demographic, SQI, spectral, and pulse-shape summaries",4203
MIMIC-BP,211,mimic_bp-W0005454,0.958328,-1.142172,"PCA of standardized released demographic, SQI, spectral, and pulse-shape summaries",4203
MIMIC-BP,212,mimic_bp-W0011337,1.289246,-0.498308,"PCA of standardized released demographic, SQI, spectral, and pulse-shape summaries",4203
MIMIC-BP,213,mimic_bp-W0038067,1.379972,0.514378,"PCA of standardized released demographic, SQI, spectral, and pulse-shape summaries",4203
MIMIC-BP,214,mimic_bp-W0002865,0.147826,1.072502,"PCA of standardized released demographic, SQI, spectral, and pulse-shape summaries",4203
MIMIC-BP,215,mimic_bp-W0028533,-0.156798,-0.960926,"PCA of standardized released demographic, SQI, spectral, and pulse-shape summaries",4203
MIMIC-BP,216,mimic_bp-W0013225,0.321027,0.059054,"PCA of standardized released demographic, SQI, spectral, and pulse-shape summaries",4203
MIMIC-BP,217,mimic_bp-W0019805,0.786552,1.477549,"PCA of standardized released demographic, SQI, spectral, and pulse-shape summaries",4203
MIMIC-BP,218,mimic_bp-W0039702,0.913683,1.057600,"PCA of standardized released demographic, SQI, spectral, and pulse-shape summaries",4203
MIMIC-BP,219,mimic_bp-W0005600,-0.552725,-1.339769,"PCA of standardized released demographic, SQI, spectral, and pulse-shape summaries",4203
MIMIC-BP,220,mimic_bp-W0035433,0.859753,-1.292782,"PCA of standardized released demographic, SQI, spectral, and pulse-shape summaries",4203
MIMIC-BP,221,mimic_bp-W0037839,0.257769,-0.079752,"PCA of standardized released demographic, SQI, spectral, and pulse-shape summaries",4203
MIMIC-BP,222,mimic_bp-W0034409,0.545774,0.656621,"PCA of standardized released demographic, SQI, spectral, and pulse-shape summaries",4203
MIMIC-BP,223,mimic_bp-W0028685,1.213329,2.294947,"PCA of standardized released demographic, SQI, spectral, and pulse-shape summaries",4203
MIMIC-BP,224,mimic_bp-W0019831,0.683987,0.328206,"PCA of standardized released demographic, SQI, spectral, and pulse-shape summaries",4203
MIMIC-BP,225,mimic_bp-W0021565,0.262531,-0.864300,"PCA of standardized released demographic, SQI, spectral, and pulse-shape summaries",4203
MIMIC-BP,226,mimic_bp-W0029894,-0.807666,2.721633,"PCA of standardized released demographic, SQI, spectral, and pulse-shape summaries",4203
MIMIC-BP,227,mimic_bp-W0033388,0.273802,-0.340574,"PCA of standardized released demographic, SQI, spectral, and pulse-shape summaries",4203
MIMIC-BP,228,mimic_bp-W0037684,1.092223,-0.656426,"PCA of standardized released demographic, SQI, spectral, and pulse-shape summaries",4203
MIMIC-BP,229,mimic_bp-W0006934,0.753813,1.312814,"PCA of standardized released demographic, SQI, spectral, and pulse-shape summaries",4203
MIMIC-BP,230,mimic_bp-W0025202,0.666040,-0.165745,"PCA of standardized released demographic, SQI, spectral, and pulse-shape summaries",4203
